time_ms,pressure_tail_N_mm2,pressure_head_N_mm2,tail_minus_head_N_mm2,definition
0.0,0.0,0.0,0.0,"EVF-weighted; material s [-1.8,-.6] vs [.6,1.8] mm"
0.025049805117305368,-8.922226022237134e-13,-4.29954943176325e-12,3.4073268295395365e-12,"EVF-weighted; material s [-1.8,-.6] vs [.6,1.8] mm"
0.05009955202694982,-2.8240942570589844e-12,-1.241249204114725e-11,9.588397784088265e-12,"EVF-weighted; material s [-1.8,-.6] vs [.6,1.8] mm"
0.07514929893659428,-1.9320945884859775e-11,-8.91722737317302e-11,6.985132784687043e-11,"EVF-weighted; material s [-1.8,-.6] vs [.6,1.8] mm"
0.1000120973912999,-5.909641526136156e-11,-1.326615067798187e-10,7.356509151845714e-11,"EVF-weighted; material s [-1.8,-.6] vs [.6,1.8] mm"
0.12506183702498674,-1.1681122735751615e-10,-3.312298213486997e-10,2.1441859399118357e-10,"EVF-weighted; material s [-1.8,-.6] vs [.6,1.8] mm"
0.15011154755484313,-1.2418290007421007e-10,-4.71584937766778e-10,3.4740203769256794e-10,"EVF-weighted; material s [-1.8,-.6] vs [.6,1.8] mm"
0.1751612580846995,-2.0699399139179064e-10,-6.161856580533254e-10,4.091916666615347e-10,"EVF-weighted; material s [-1.8,-.6] vs [.6,1.8] mm"
0.20002397650387138,-2.8683386221750595e-10,-6.687315146081119e-10,3.818976523906059e-10,"EVF-weighted; material s [-1.8,-.6] vs [.6,1.8] mm"
0.2250735997222364,-4.529639441308575e-10,-9.589374849738874e-10,5.059735408430299e-10,"EVF-weighted; material s [-1.8,-.6] vs [.6,1.8] mm"
0.25012315018102527,-3.729214159697847e-10,-1.3394461095828092e-09,9.665246936130245e-10,"EVF-weighted; material s [-1.8,-.6] vs [.6,1.8] mm"
0.27517261332832277,1.1110204978237448e-09,-1.920234637964313e-09,3.031255135788058e-09,"EVF-weighted; material s [-1.8,-.6] vs [.6,1.8] mm"
0.30003502615727484,3.5698344280632455e-09,-2.301022927753138e-09,5.8708573558163835e-09,"EVF-weighted; material s [-1.8,-.6] vs [.6,1.8] mm"
0.3250841982662678,1.5534836750319414e-09,-3.404269088846945e-09,4.9577527638788865e-09,"EVF-weighted; material s [-1.8,-.6] vs [.6,1.8] mm"
0.3501326427794993,1.1047760928306616e-08,-4.63224525404371e-09,1.5680006182350326e-08,"EVF-weighted; material s [-1.8,-.6] vs [.6,1.8] mm"
0.37518033059313893,7.170395832645227e-09,-7.050654282636515e-09,1.4221050115281741e-08,"EVF-weighted; material s [-1.8,-.6] vs [.6,1.8] mm"
0.4000260087195784,1.554010786719573e-08,-2.8640809723867733e-09,1.8404188839582503e-08,"EVF-weighted; material s [-1.8,-.6] vs [.6,1.8] mm"
0.42505329474806786,1.2091727619178982e-08,-5.934656099881863e-10,1.2685193229167169e-08,"EVF-weighted; material s [-1.8,-.6] vs [.6,1.8] mm"
0.45007080188952386,3.3635199070403132e-09,-2.272559918026218e-09,5.636079825066531e-09,"EVF-weighted; material s [-1.8,-.6] vs [.6,1.8] mm"
0.4750757943838835,2.4017812738641453e-10,-1.7741110802660387e-09,2.0142892076524532e-09,"EVF-weighted; material s [-1.8,-.6] vs [.6,1.8] mm"
0.5000832607038319,1.1730049820357635e-08,1.8021885095365064e-09,9.927861310821129e-09,"EVF-weighted; material s [-1.8,-.6] vs [.6,1.8] mm"
0.5250939284451306,5.397851943200749e-09,-1.7945470665026164e-09,7.192399009703365e-09,"EVF-weighted; material s [-1.8,-.6] vs [.6,1.8] mm"
0.5500848055817187,4.714989731979813e-09,-1.285138750972692e-08,1.7566377241706732e-08,"EVF-weighted; material s [-1.8,-.6] vs [.6,1.8] mm"
0.5750613054260612,-1.2224326439991273e-07,-5.109462222208094e-07,3.887029578208967e-07,"EVF-weighted; material s [-1.8,-.6] vs [.6,1.8] mm"
0.6000388530083001,-1.215800011777901e-07,1.3587569469564187e-07,-2.57455695873432e-07,"EVF-weighted; material s [-1.8,-.6] vs [.6,1.8] mm"
0.6251704762689769,-1.6240488776020356e-07,1.4304981732493616e-07,-3.054547050851397e-07,"EVF-weighted; material s [-1.8,-.6] vs [.6,1.8] mm"
0.6501232273876667,3.0943342608225066e-06,-6.175623212811843e-08,3.156090492950625e-06,"EVF-weighted; material s [-1.8,-.6] vs [.6,1.8] mm"
0.6750890170224011,2.4381682806051685e-07,1.278785077829525e-07,1.1593832027756434e-07,"EVF-weighted; material s [-1.8,-.6] vs [.6,1.8] mm"
0.7000507903285325,2.843334243607387e-07,1.1743172656508705e-08,2.7259025170423e-07,"EVF-weighted; material s [-1.8,-.6] vs [.6,1.8] mm"
0.7251849165186286,4.591384765717521e-07,-1.7865042778453244e-08,4.770035193502054e-07,"EVF-weighted; material s [-1.8,-.6] vs [.6,1.8] mm"
0.7501355139538646,-3.125576881757297e-07,1.3113042029999633e-07,-4.4368810847572604e-07,"EVF-weighted; material s [-1.8,-.6] vs [.6,1.8] mm"
0.7750845979899168,-1.3281541555443255e-07,1.1226196505731423e-07,-2.450773806117468e-07,"EVF-weighted; material s [-1.8,-.6] vs [.6,1.8] mm"
0.8000349625945091,-4.796217467628594e-07,2.5771714717848226e-07,-7.373388939413417e-07,"EVF-weighted; material s [-1.8,-.6] vs [.6,1.8] mm"
0.8251473773270845,1.59703836288827e-06,2.9130043799341365e-07,1.3057379248948564e-06,"EVF-weighted; material s [-1.8,-.6] vs [.6,1.8] mm"
0.8500723051838577,-5.312743383001362e-07,1.3873820137177972e-07,-6.700125396719159e-07,"EVF-weighted; material s [-1.8,-.6] vs [.6,1.8] mm"
0.8750041015446186,8.894071470422205e-07,1.0738978062363458e-06,-1.8449065919412533e-07,"EVF-weighted; material s [-1.8,-.6] vs [.6,1.8] mm"
0.9001257712952793,2.0289153326302767e-06,1.4626599522671313e-06,5.662553803631454e-07,"EVF-weighted; material s [-1.8,-.6] vs [.6,1.8] mm"
0.9250594885088503,9.678650485511753e-07,9.319669658225394e-08,8.746683519689213e-07,"EVF-weighted; material s [-1.8,-.6] vs [.6,1.8] mm"
0.9501645690761507,2.3823511128284736e-06,1.564822809996258e-06,8.175283028322156e-07,"EVF-weighted; material s [-1.8,-.6] vs [.6,1.8] mm"
0.9750859462656081,3.381450369488448e-06,1.0995860293405713e-06,2.2818643401478766e-06,"EVF-weighted; material s [-1.8,-.6] vs [.6,1.8] mm"
1.0000064503401518,3.992357505921973e-06,-1.674521399763762e-06,5.666878905685735e-06,"EVF-weighted; material s [-1.8,-.6] vs [.6,1.8] mm"
1.0251072235405445,3.797142937855824e-07,2.5903063942678273e-06,-2.210592100482245e-06,"EVF-weighted; material s [-1.8,-.6] vs [.6,1.8] mm"
1.0500226635485888,1.3777334118003637e-07,2.146726274077082e-06,-2.0089529328970457e-06,"EVF-weighted; material s [-1.8,-.6] vs [.6,1.8] mm"
1.0751471854746342,2.1109249246364925e-06,1.0166456831939286e-06,1.094279241442564e-06,"EVF-weighted; material s [-1.8,-.6] vs [.6,1.8] mm"
1.1000768281519413,6.547870725626126e-06,3.029974095625221e-06,3.517896630000905e-06,"EVF-weighted; material s [-1.8,-.6] vs [.6,1.8] mm"
1.1251845862716436,9.238289749191608e-06,1.045857061399147e-06,8.192432687792461e-06,"EVF-weighted; material s [-1.8,-.6] vs [.6,1.8] mm"
1.1501109693199396,3.0414582852245076e-06,5.508768481377047e-07,2.490581437086803e-06,"EVF-weighted; material s [-1.8,-.6] vs [.6,1.8] mm"
1.1750427074730396,8.444834747933783e-06,1.0350928505431511e-06,7.4097418973906315e-06,"EVF-weighted; material s [-1.8,-.6] vs [.6,1.8] mm"
1.200164551846683,4.212061867292505e-06,1.5799871562194312e-06,2.6320747110730736e-06,"EVF-weighted; material s [-1.8,-.6] vs [.6,1.8] mm"
1.2251046719029546,5.007784693589201e-06,1.4377147863342543e-06,3.570069907254947e-06,"EVF-weighted; material s [-1.8,-.6] vs [.6,1.8] mm"
1.2500315206125379,6.628020855714567e-06,-5.61610491445208e-09,6.633636960629019e-06,"EVF-weighted; material s [-1.8,-.6] vs [.6,1.8] mm"
1.2751179747283459,7.1585313889954705e-06,5.235653134150198e-06,1.9228782548452727e-06,"EVF-weighted; material s [-1.8,-.6] vs [.6,1.8] mm"
1.3000440085306764,-7.44589954138064e-08,2.216825805589906e-06,-2.2912848010037123e-06,"EVF-weighted; material s [-1.8,-.6] vs [.6,1.8] mm"
1.3251494383439422,9.824707376537845e-07,4.385269676276948e-06,-3.402798938623164e-06,"EVF-weighted; material s [-1.8,-.6] vs [.6,1.8] mm"
1.3500695349648595,1.4636738114859327e-06,8.869866263694348e-08,1.3749751488489892e-06,"EVF-weighted; material s [-1.8,-.6] vs [.6,1.8] mm"
1.3750051148235798,5.053092991147423e-06,1.02240474006976e-05,-5.170954409550177e-06,"EVF-weighted; material s [-1.8,-.6] vs [.6,1.8] mm"
1.4001233503222466,-8.483757483190857e-06,-6.25693814981787e-07,-7.85806366820907e-06,"EVF-weighted; material s [-1.8,-.6] vs [.6,1.8] mm"
1.4250517124310136,9.503950423095375e-06,6.452321485994617e-07,8.858718274495914e-06,"EVF-weighted; material s [-1.8,-.6] vs [.6,1.8] mm"
1.4501679688692093,6.641923391725868e-05,4.5818651983609016e-07,6.596104739742259e-05,"EVF-weighted; material s [-1.8,-.6] vs [.6,1.8] mm"
1.475105993449688,0.00010810620005941018,6.364490218402352e-06,0.00010174170984100783,"EVF-weighted; material s [-1.8,-.6] vs [.6,1.8] mm"
1.5000264393165708,8.049498137552291e-05,-3.901886316270975e-07,8.088517000715001e-05,"EVF-weighted; material s [-1.8,-.6] vs [.6,1.8] mm"
1.5251374570652843,4.7228630137396976e-05,2.2137959604151547e-05,2.509067053324543e-05,"EVF-weighted; material s [-1.8,-.6] vs [.6,1.8] mm"
1.5500732697546482,5.9448106185300276e-05,1.1943491699639708e-05,4.750461448566057e-05,"EVF-weighted; material s [-1.8,-.6] vs [.6,1.8] mm"
1.5750050079077482,0.00010227517486782745,1.249410070158774e-05,8.97810741662397e-05,"EVF-weighted; material s [-1.8,-.6] vs [.6,1.8] mm"
1.600116491317749,7.376062421826646e-05,3.3634067222010344e-05,4.012655699625611e-05,"EVF-weighted; material s [-1.8,-.6] vs [.6,1.8] mm"
1.6251526540145278,6.276145722949877e-05,1.3991814739711117e-05,4.876964248978766e-05,"EVF-weighted; material s [-1.8,-.6] vs [.6,1.8] mm"
1.6500839265063405,8.557446562917903e-05,2.417300311208237e-05,6.140146251709666e-05,"EVF-weighted; material s [-1.8,-.6] vs [.6,1.8] mm"
1.675007282756269,7.189789175754413e-05,1.9205177522962913e-05,5.269271423458122e-05,"EVF-weighted; material s [-1.8,-.6] vs [.6,1.8] mm"
1.7001278465613723,6.86641433276236e-05,1.8435959646012634e-05,5.022818368161097e-05,"EVF-weighted; material s [-1.8,-.6] vs [.6,1.8] mm"
1.7250635428354144,4.248279583407566e-05,2.4754406695137732e-05,1.7728389138937928e-05,"EVF-weighted; material s [-1.8,-.6] vs [.6,1.8] mm"
1.7501417314633727,6.809698970755562e-05,6.183834921102971e-05,6.2586404965259135e-06,"EVF-weighted; material s [-1.8,-.6] vs [.6,1.8] mm"
1.7750508850440383,5.7209130318369716e-05,7.910821295809001e-05,-2.189908263972029e-05,"EVF-weighted; material s [-1.8,-.6] vs [.6,1.8] mm"
1.800117432139814,3.982310590799898e-05,5.7421410019742325e-05,-1.7598304111743346e-05,"EVF-weighted; material s [-1.8,-.6] vs [.6,1.8] mm"
1.8250260036438704,2.7613819838734344e-05,4.922785228700377e-05,-2.1614032448269427e-05,"EVF-weighted; material s [-1.8,-.6] vs [.6,1.8] mm"
1.8500768346711993,3.130922050331719e-05,6.201719224918634e-05,-3.0707971745869145e-05,"EVF-weighted; material s [-1.8,-.6] vs [.6,1.8] mm"
1.8751452444121242,2.3537575088994345e-06,4.065166285727173e-05,-3.8297905348372296e-05,"EVF-weighted; material s [-1.8,-.6] vs [.6,1.8] mm"
1.900017959997058,3.5899636259273393e-06,1.8447646652930416e-05,-1.4857683027003077e-05,"EVF-weighted; material s [-1.8,-.6] vs [.6,1.8] mm"
1.925116404891014,-6.814830157964025e-06,1.5660387362004258e-05,-2.2475217519968282e-05,"EVF-weighted; material s [-1.8,-.6] vs [.6,1.8] mm"
1.950144418515265,8.309421900776215e-06,1.176849127659807e-05,-3.459069375821855e-06,"EVF-weighted; material s [-1.8,-.6] vs [.6,1.8] mm"
1.9751295913010836,1.775285454641562e-05,2.3039842744765338e-06,1.5448870271939086e-05,"EVF-weighted; material s [-1.8,-.6] vs [.6,1.8] mm"
2.0001379307359457,2.130393113475293e-05,1.2477176625225184e-08,2.1291453958127704e-05,"EVF-weighted; material s [-1.8,-.6] vs [.6,1.8] mm"
2.0251646637916565,7.376927896984853e-06,5.314539521350525e-06,2.0623883756343275e-06,"EVF-weighted; material s [-1.8,-.6] vs [.6,1.8] mm"
2.050095470622182,1.0651797310856637e-05,4.820535195904085e-06,5.831262114952551e-06,"EVF-weighted; material s [-1.8,-.6] vs [.6,1.8] mm"
2.0751813426613808,7.196033948275726e-06,1.1532661119417753e-06,6.042767836333951e-06,"EVF-weighted; material s [-1.8,-.6] vs [.6,1.8] mm"
2.1000737324357033,2.819022938638227e-06,6.757169558113674e-06,-3.938146619475447e-06,"EVF-weighted; material s [-1.8,-.6] vs [.6,1.8] mm"
2.1250832360237837,1.3414814020507038e-05,2.5195899070240557e-05,-1.178108504973352e-05,"EVF-weighted; material s [-1.8,-.6] vs [.6,1.8] mm"
2.1500284783542156,2.0306795704527758e-05,1.1158558663737494e-05,9.148237040790264e-06,"EVF-weighted; material s [-1.8,-.6] vs [.6,1.8] mm"
2.175181405618787,1.2997803366943117e-07,1.0614249731588643e-05,-1.0484271697919212e-05,"EVF-weighted; material s [-1.8,-.6] vs [.6,1.8] mm"
2.200098941102624,3.581682221920346e-06,4.667469966079807e-06,-1.085787744159461e-06,"EVF-weighted; material s [-1.8,-.6] vs [.6,1.8] mm"
2.2250255569815636,-3.805118694799603e-06,5.116969532537041e-06,-8.922088227336644e-06,"EVF-weighted; material s [-1.8,-.6] vs [.6,1.8] mm"
2.250128658488393,4.634104698197916e-06,9.64135233516572e-06,-5.007247636967804e-06,"EVF-weighted; material s [-1.8,-.6] vs [.6,1.8] mm"
2.2750210482627153,1.0366360584157519e-05,4.163989160588244e-06,6.202371423569275e-06,"EVF-weighted; material s [-1.8,-.6] vs [.6,1.8] mm"
2.3001686204224825,-3.6128240026300773e-06,1.353015068161767e-05,-1.7142974684247747e-05,"EVF-weighted; material s [-1.8,-.6] vs [.6,1.8] mm"
2.3250409867614508,-1.777908892108826e-06,3.724220732692629e-06,-5.502129624801455e-06,"EVF-weighted; material s [-1.8,-.6] vs [.6,1.8] mm"
2.350087510421872,-1.260956469195662e-05,2.489898633939447e-06,-1.5099463325896068e-05,"EVF-weighted; material s [-1.8,-.6] vs [.6,1.8] mm"
2.375086070969701,1.1666925274766982e-05,6.861752353870543e-06,4.805172920896439e-06,"EVF-weighted; material s [-1.8,-.6] vs [.6,1.8] mm"
2.400091150775552,8.452579095319379e-06,-4.343502496340079e-06,1.2796081591659458e-05,"EVF-weighted; material s [-1.8,-.6] vs [.6,1.8] mm"
2.4251488503068686,9.34195031732088e-06,1.6310015780618414e-05,-6.968065463297535e-06,"EVF-weighted; material s [-1.8,-.6] vs [.6,1.8] mm"
2.4501110892742872,1.0658530300133862e-05,1.2530998901638668e-05,-1.8724686015048064e-06,"EVF-weighted; material s [-1.8,-.6] vs [.6,1.8] mm"
2.4750756565481424,1.5727279105703929e-06,-6.425005722121568e-06,7.997733632691961e-06,"EVF-weighted; material s [-1.8,-.6] vs [.6,1.8] mm"
2.500175731256604,1.1907302905456163e-05,8.314967089972924e-06,3.5923358154832385e-06,"EVF-weighted; material s [-1.8,-.6] vs [.6,1.8] mm"
2.525096060708165,2.4243952339020325e-06,5.409098321251804e-06,-2.9847030873497715e-06,"EVF-weighted; material s [-1.8,-.6] vs [.6,1.8] mm"
2.5500101037323475,-1.0911045364991878e-06,3.305578388790309e-07,-1.4216623753782187e-06,"EVF-weighted; material s [-1.8,-.6] vs [.6,1.8] mm"
2.5751779321581125,5.804037755297031e-06,8.055083526414819e-06,-2.251045771117788e-06,"EVF-weighted; material s [-1.8,-.6] vs [.6,1.8] mm"
2.600184641778469,5.163790319784312e-06,8.000551133591216e-06,-2.8367608138069045e-06,"EVF-weighted; material s [-1.8,-.6] vs [.6,1.8] mm"
2.6250784285366535,1.7765436496119946e-05,6.621769898629282e-06,1.1143666597490665e-05,"EVF-weighted; material s [-1.8,-.6] vs [.6,1.8] mm"
2.6500949170440435,1.0669690709619317e-05,1.2385753507260233e-05,-1.716062797640916e-06,"EVF-weighted; material s [-1.8,-.6] vs [.6,1.8] mm"
2.675081603229046,1.5118342162168119e-05,1.0349214790039696e-05,4.769127372128423e-06,"EVF-weighted; material s [-1.8,-.6] vs [.6,1.8] mm"
2.7001635171473026,4.708498636318836e-06,1.290639102080604e-05,-8.197892384487204e-06,"EVF-weighted; material s [-1.8,-.6] vs [.6,1.8] mm"
2.7251383289694786,1.0948878298222553e-05,5.6614435379742645e-06,5.2874347602482885e-06,"EVF-weighted; material s [-1.8,-.6] vs [.6,1.8] mm"
2.7500628493726254,1.3375210983213037e-05,2.6374789740657434e-05,-1.2999578757444397e-05,"EVF-weighted; material s [-1.8,-.6] vs [.6,1.8] mm"
2.775163622573018,3.5693112749868305e-06,7.349145107582444e-06,-3.7798338325956138e-06,"EVF-weighted; material s [-1.8,-.6] vs [.6,1.8] mm"
2.8001097962260246,1.2821691598219331e-05,8.58633120515151e-06,4.235360393067822e-06,"EVF-weighted; material s [-1.8,-.6] vs [.6,1.8] mm"
2.825044095516205,-5.207859885558719e-06,2.1222554096311796e-06,-7.3301152951898985e-06,"EVF-weighted; material s [-1.8,-.6] vs [.6,1.8] mm"
2.850001910701394,5.086765213491162e-07,4.884785084868781e-06,-4.376108563519665e-06,"EVF-weighted; material s [-1.8,-.6] vs [.6,1.8] mm"
2.875149017199874,-1.844163421083067e-06,3.7525328480114695e-06,-5.5966962690945365e-06,"EVF-weighted; material s [-1.8,-.6] vs [.6,1.8] mm"
2.9001582879573107,-5.0776802709151525e-06,3.6960486795578618e-06,-8.773728950473014e-06,"EVF-weighted; material s [-1.8,-.6] vs [.6,1.8] mm"
2.9251514934003353,2.5975991775339935e-06,3.902503067365615e-06,-1.3049038898316212e-06,"EVF-weighted; material s [-1.8,-.6] vs [.6,1.8] mm"
2.950070658698678,4.629725367522042e-07,1.4528403653457644e-06,-9.898678285935603e-07,"EVF-weighted; material s [-1.8,-.6] vs [.6,1.8] mm"
2.9750585090368986,1.788491658771818e-06,2.5305698727606796e-06,-7.420782139888615e-07,"EVF-weighted; material s [-1.8,-.6] vs [.6,1.8] mm"
3.0001522973179817,-3.045523499167757e-06,2.037512786046136e-06,-5.083036285213893e-06,"EVF-weighted; material s [-1.8,-.6] vs [.6,1.8] mm"
3.0250735580921173,-5.519754608940275e-07,1.095467609957268e-06,-1.6474430708512955e-06,"EVF-weighted; material s [-1.8,-.6] vs [.6,1.8] mm"
3.050129394978285,-6.882181423861766e-06,4.4365569351612066e-07,-7.325837117377887e-06,"EVF-weighted; material s [-1.8,-.6] vs [.6,1.8] mm"
3.0750208534300327,5.054489065514645e-06,3.709463499035337e-06,1.3450255664793076e-06,"EVF-weighted; material s [-1.8,-.6] vs [.6,1.8] mm"
3.1001109164208174,-1.3694875633518677e-06,3.679777364595793e-06,-5.049264927947661e-06,"EVF-weighted; material s [-1.8,-.6] vs [.6,1.8] mm"
3.125074552372098,3.1000249691715e-06,6.6361694734951016e-06,-3.5361445043236017e-06,"EVF-weighted; material s [-1.8,-.6] vs [.6,1.8] mm"
3.150105709210038,-4.12965800933307e-06,5.703416718461085e-06,-9.833074727794155e-06,"EVF-weighted; material s [-1.8,-.6] vs [.6,1.8] mm"
3.1750965863466263,-6.420272256946191e-06,1.705239264992997e-05,-2.3472664906876162e-05,"EVF-weighted; material s [-1.8,-.6] vs [.6,1.8] mm"
3.2001372892409563,-1.7649439598699246e-07,2.8794616810046136e-05,-2.897111120603313e-05,"EVF-weighted; material s [-1.8,-.6] vs [.6,1.8] mm"
3.2251765951514244,1.531861926196143e-06,3.878732240991667e-05,-3.7255460483720526e-05,"EVF-weighted; material s [-1.8,-.6] vs [.6,1.8] mm"
3.2500391826033592,-1.4673886425953242e-06,4.693531809607521e-05,-4.840270673867053e-05,"EVF-weighted; material s [-1.8,-.6] vs [.6,1.8] mm"
3.2750386744737625,3.603056939027738e-06,6.342002598103136e-05,-5.981696904200362e-05,"EVF-weighted; material s [-1.8,-.6] vs [.6,1.8] mm"
3.300146898254752,4.588262981997104e-06,4.033125878777355e-05,-3.5742995805776445e-05,"EVF-weighted; material s [-1.8,-.6] vs [.6,1.8] mm"
3.325142664834857,-3.740906777238706e-06,3.110866964561865e-05,-3.4849576422857353e-05,"EVF-weighted; material s [-1.8,-.6] vs [.6,1.8] mm"
3.3500357531011105,1.0731024531196454e-06,1.9615186829469167e-05,-1.854208437634952e-05,"EVF-weighted; material s [-1.8,-.6] vs [.6,1.8] mm"
3.375002648681402,-1.2296454769966658e-06,5.7215352171624545e-06,-6.95118069415912e-06,"EVF-weighted; material s [-1.8,-.6] vs [.6,1.8] mm"
3.4000775776803493,2.2925937059881107e-07,1.6431327821919695e-05,-1.6202068451320883e-05,"EVF-weighted; material s [-1.8,-.6] vs [.6,1.8] mm"
3.4251040779054165,-3.5420919175521703e-06,6.4987193582055625e-06,-1.0040811275757733e-05,"EVF-weighted; material s [-1.8,-.6] vs [.6,1.8] mm"
3.450151300057769,5.317516752256779e-06,2.1241503418423235e-06,3.1933664104144555e-06,"EVF-weighted; material s [-1.8,-.6] vs [.6,1.8] mm"
3.475091652944684,9.590989975549746e-06,6.750458396709291e-07,8.915944135878817e-06,"EVF-weighted; material s [-1.8,-.6] vs [.6,1.8] mm"
3.5000103525817394,5.487302132678451e-07,6.779228897357825e-06,-6.23049868408998e-06,"EVF-weighted; material s [-1.8,-.6] vs [.6,1.8] mm"
3.5251795779913664,3.029100810181262e-07,1.5904944348221761e-06,-1.28758435380405e-06,"EVF-weighted; material s [-1.8,-.6] vs [.6,1.8] mm"
3.550181398168206,2.482046284058015e-06,4.325039753894089e-06,-1.842993469836074e-06,"EVF-weighted; material s [-1.8,-.6] vs [.6,1.8] mm"
3.5751694813370705,8.099022124952171e-06,1.763346153893508e-05,-9.53443941398291e-06,"EVF-weighted; material s [-1.8,-.6] vs [.6,1.8] mm"
3.6001105327159166,3.367127646924928e-06,-1.3109130350130727e-06,4.6780406819380005e-06,"EVF-weighted; material s [-1.8,-.6] vs [.6,1.8] mm"
3.6251533310860395,6.61793683320866e-06,4.954122687195195e-06,1.6638141460134648e-06,"EVF-weighted; material s [-1.8,-.6] vs [.6,1.8] mm"
3.650008235126734,6.32132605460356e-06,5.691216756531503e-06,6.301092980720568e-07,"EVF-weighted; material s [-1.8,-.6] vs [.6,1.8] mm"
3.675170009955764,8.495853762724437e-06,4.716419880423928e-06,3.779433882300509e-06,"EVF-weighted; material s [-1.8,-.6] vs [.6,1.8] mm"
3.7001543678343296,-1.180469325845479e-06,3.3481474019936286e-06,-4.528616727839108e-06,"EVF-weighted; material s [-1.8,-.6] vs [.6,1.8] mm"
3.7250909954309464,3.4105084978364175e-06,1.6081015701274737e-06,1.8024069277089438e-06,"EVF-weighted; material s [-1.8,-.6] vs [.6,1.8] mm"
3.750094212591648,2.680633542695432e-06,6.421315447369125e-06,-3.7406819046736928e-06,"EVF-weighted; material s [-1.8,-.6] vs [.6,1.8] mm"
3.775079268962145,5.8441219152882695e-06,5.806153694720706e-06,3.796822056756355e-08,"EVF-weighted; material s [-1.8,-.6] vs [.6,1.8] mm"
3.800156759098172,5.914414941798896e-06,8.215375601139385e-06,-2.3009606593404897e-06,"EVF-weighted; material s [-1.8,-.6] vs [.6,1.8] mm"
3.8250137586146593,-5.8098444242205005e-06,3.4239512842759723e-06,-9.233795708496473e-06,"EVF-weighted; material s [-1.8,-.6] vs [.6,1.8] mm"
3.8501648232340813,8.258716661657672e-06,2.2300914679362904e-06,6.028625193721382e-06,"EVF-weighted; material s [-1.8,-.6] vs [.6,1.8] mm"
3.8750041276216507,6.437889169319533e-06,6.9527418418147136e-06,-5.148526724951807e-07,"EVF-weighted; material s [-1.8,-.6] vs [.6,1.8] mm"
3.90004669316113,9.240493454854004e-06,1.275228896702174e-06,7.96526455815183e-06,"EVF-weighted; material s [-1.8,-.6] vs [.6,1.8] mm"
3.9250757545232773,-2.2247563720156904e-06,2.7075186608271906e-06,-4.932275032842881e-06,"EVF-weighted; material s [-1.8,-.6] vs [.6,1.8] mm"
3.950140904635191,-7.670100217183062e-07,1.5400894426420564e-06,-2.3070994643603626e-06,"EVF-weighted; material s [-1.8,-.6] vs [.6,1.8] mm"
3.975150641053915,3.2660709621268325e-06,2.2129672743176343e-06,1.0531036878091982e-06,"EVF-weighted; material s [-1.8,-.6] vs [.6,1.8] mm"
4.000016488134861,-3.626571469794726e-06,8.381514362554299e-07,-4.464722906050156e-06,"EVF-weighted; material s [-1.8,-.6] vs [.6,1.8] mm"
4.025166388601065,5.2383975344127975e-06,3.7810431763318775e-07,4.86029321677961e-06,"EVF-weighted; material s [-1.8,-.6] vs [.6,1.8] mm"
4.050009418278933,1.5544992493232712e-05,1.0688696647775942e-06,1.4476122828455118e-05,"EVF-weighted; material s [-1.8,-.6] vs [.6,1.8] mm"
4.075125325471163,-7.1114050115284044e-06,6.004028364259284e-06,-1.3115433375787688e-05,"EVF-weighted; material s [-1.8,-.6] vs [.6,1.8] mm"
4.100041463971138,1.8989070440511568e-06,-1.7415660522601684e-06,3.640473096311325e-06,"EVF-weighted; material s [-1.8,-.6] vs [.6,1.8] mm"
4.125172737985849,3.7088927911099745e-06,9.276470336772036e-06,-5.567577545662061e-06,"EVF-weighted; material s [-1.8,-.6] vs [.6,1.8] mm"
4.150099586695433,3.9004894460958894e-06,1.2210681234137155e-05,-8.310191788041266e-06,"EVF-weighted; material s [-1.8,-.6] vs [.6,1.8] mm"
4.175017587840557,2.5216672838723753e-06,4.813368832401466e-06,-2.2917015485290904e-06,"EVF-weighted; material s [-1.8,-.6] vs [.6,1.8] mm"
4.200112074613571,5.076315119367791e-06,5.259395038592629e-06,-1.830799192248378e-07,"EVF-weighted; material s [-1.8,-.6] vs [.6,1.8] mm"
4.225080367177725,2.10083317142562e-06,5.204127319302643e-06,-3.1032941478770226e-06,"EVF-weighted; material s [-1.8,-.6] vs [.6,1.8] mm"
4.250125959515572,8.820267794362735e-06,1.2883000636065844e-05,-4.0627328417031094e-06,"EVF-weighted; material s [-1.8,-.6] vs [.6,1.8] mm"
4.275118000805378,2.0670941012213007e-05,8.619560503575485e-06,1.2051380508637521e-05,"EVF-weighted; material s [-1.8,-.6] vs [.6,1.8] mm"
4.3001435697078705,-1.3575282537203748e-05,2.1638556972902734e-06,-1.573913823449402e-05,"EVF-weighted; material s [-1.8,-.6] vs [.6,1.8] mm"
4.325056914240122,5.361524472391466e-06,-5.313752353686141e-06,1.0675276826077607e-05,"EVF-weighted; material s [-1.8,-.6] vs [.6,1.8] mm"
4.3501476757228374,4.249264122790919e-07,-1.1245978015494984e-07,5.373861924340417e-07,"EVF-weighted; material s [-1.8,-.6] vs [.6,1.8] mm"
4.375023767352104,4.863859885517741e-06,1.3490060155163519e-05,-8.626200269645778e-06,"EVF-weighted; material s [-1.8,-.6] vs [.6,1.8] mm"
4.400032572448254,3.428317722864449e-05,6.806749752286123e-06,2.7476427476358367e-05,"EVF-weighted; material s [-1.8,-.6] vs [.6,1.8] mm"
4.425093065947294,2.5123736122623086e-05,-6.621564807574032e-07,2.578589260338049e-05,"EVF-weighted; material s [-1.8,-.6] vs [.6,1.8] mm"
4.450125619769096,1.934673127834685e-05,-1.0133815067092655e-06,2.0360112785056117e-05,"EVF-weighted; material s [-1.8,-.6] vs [.6,1.8] mm"
4.47507668286562,3.096833825111389e-05,1.252806578122545e-05,1.844027246988844e-05,"EVF-weighted; material s [-1.8,-.6] vs [.6,1.8] mm"
4.500119481235743,3.0462428185273893e-05,4.881161203229567e-06,2.5581266982044326e-05,"EVF-weighted; material s [-1.8,-.6] vs [.6,1.8] mm"
4.525159485638142,2.4366301659028977e-05,1.1331027053529397e-05,1.303527460549958e-05,"EVF-weighted; material s [-1.8,-.6] vs [.6,1.8] mm"
4.550023935735226,2.188469807151705e-05,8.492604138155002e-06,1.3392093933362048e-05,"EVF-weighted; material s [-1.8,-.6] vs [.6,1.8] mm"
4.575030412524939,1.5079089280334301e-05,1.702105873846449e-05,-1.9419694581301883e-06,"EVF-weighted; material s [-1.8,-.6] vs [.6,1.8] mm"
4.600056447088718,2.3007891286397353e-05,6.2656536101712845e-06,1.6742237676226068e-05,"EVF-weighted; material s [-1.8,-.6] vs [.6,1.8] mm"
4.625145345926285,4.03206649934873e-05,7.966101293277461e-06,3.235456370020984e-05,"EVF-weighted; material s [-1.8,-.6] vs [.6,1.8] mm"
4.650068935006857,5.916739974054508e-05,-4.422276560944738e-06,6.358967630148982e-05,"EVF-weighted; material s [-1.8,-.6] vs [.6,1.8] mm"
4.675137344747782,8.858399814926088e-05,1.1444693882367574e-05,7.71393042668933e-05,"EVF-weighted; material s [-1.8,-.6] vs [.6,1.8] mm"
4.700148943811655,8.722180064069107e-05,1.4859147086099256e-05,7.236265355459182e-05,"EVF-weighted; material s [-1.8,-.6] vs [.6,1.8] mm"
4.725099541246891,6.779911927878857e-05,7.00036071066279e-06,6.079875856812578e-05,"EVF-weighted; material s [-1.8,-.6] vs [.6,1.8] mm"
4.750050604343414,4.6117693273117766e-05,8.659729360260826e-07,4.525172033709168e-05,"EVF-weighted; material s [-1.8,-.6] vs [.6,1.8] mm"
4.775104578584433,2.3273041733773425e-05,-7.789099072397221e-06,3.1062140806170646e-05,"EVF-weighted; material s [-1.8,-.6] vs [.6,1.8] mm"
4.800164140760899,2.755263449216727e-05,4.518078185355989e-06,2.3034556306811282e-05,"EVF-weighted; material s [-1.8,-.6] vs [.6,1.8] mm"
4.8250313848257065,0.00017226686759386212,1.963732302101562e-06,0.00017030313529176055,"EVF-weighted; material s [-1.8,-.6] vs [.6,1.8] mm"
4.850155208259821,4.989558146917261e-05,2.0352208593976684e-05,2.9543372875195928e-05,"EVF-weighted; material s [-1.8,-.6] vs [.6,1.8] mm"
4.8750960268080235,0.0001511039154138416,-8.671773684909567e-06,0.00015977568909875117,"EVF-weighted; material s [-1.8,-.6] vs [.6,1.8] mm"
4.900067579001188,0.0001406822557328269,4.920315859635593e-06,0.0001357619398731913,"EVF-weighted; material s [-1.8,-.6] vs [.6,1.8] mm"
4.925028886646032,0.00012241493095643818,2.2672278646496125e-05,9.974265230994206e-05,"EVF-weighted; material s [-1.8,-.6] vs [.6,1.8] mm"
4.950042348355055,0.0001357405708404258,4.870434167969506e-06,0.00013087013667245628,"EVF-weighted; material s [-1.8,-.6] vs [.6,1.8] mm"
4.975122399628162,0.00011177294072695076,9.915148439176846e-06,0.00010185779228777392,"EVF-weighted; material s [-1.8,-.6] vs [.6,1.8] mm"
5.000120494514704,0.0001111109959310852,1.3190498066251166e-05,9.792049786483403e-05,"EVF-weighted; material s [-1.8,-.6] vs [.6,1.8] mm"
5.025070160627365,7.969534635776654e-05,2.340532319067279e-06,7.735481403869926e-05,"EVF-weighted; material s [-1.8,-.6] vs [.6,1.8] mm"
5.0500244833528996,4.405408981256187e-05,7.152316356950905e-06,3.6901773455610964e-05,"EVF-weighted; material s [-1.8,-.6] vs [.6,1.8] mm"
5.07516972720623,3.032760287169367e-05,-4.659027126763249e-06,3.498662999845692e-05,"EVF-weighted; material s [-1.8,-.6] vs [.6,1.8] mm"
5.100029055029154,4.2562845919746906e-05,-1.3697456779482309e-05,5.6260302699229214e-05,"EVF-weighted; material s [-1.8,-.6] vs [.6,1.8] mm"
5.125018768012524,1.4224991900846362e-05,5.963645435258513e-06,8.261346465587849e-06,"EVF-weighted; material s [-1.8,-.6] vs [.6,1.8] mm"
5.150051787495613,2.26709325943375e-05,-3.287227400505799e-06,2.59581599948433e-05,"EVF-weighted; material s [-1.8,-.6] vs [.6,1.8] mm"
5.175171419978142,-1.9551871446310543e-06,2.748627366599976e-06,-4.70381451123103e-06,"EVF-weighted; material s [-1.8,-.6] vs [.6,1.8] mm"
5.200134590268135,-5.041691110818647e-06,1.0414045391371474e-05,-1.545573650219012e-05,"EVF-weighted; material s [-1.8,-.6] vs [.6,1.8] mm"
5.225053057074547,-1.020594936562702e-05,1.9735878140636487e-06,-1.217953717969067e-05,"EVF-weighted; material s [-1.8,-.6] vs [.6,1.8] mm"
5.250130780041218,-3.2943328278634e-06,6.969148671487346e-06,-1.0263481499350746e-05,"EVF-weighted; material s [-1.8,-.6] vs [.6,1.8] mm"
5.2750068716704845,3.25569708365947e-05,-3.396907231945079e-06,3.595387806853978e-05,"EVF-weighted; material s [-1.8,-.6] vs [.6,1.8] mm"
5.300173535943031,5.570954454015009e-05,-2.157952076231595e-05,7.728906530246604e-05,"EVF-weighted; material s [-1.8,-.6] vs [.6,1.8] mm"
5.325076170265675,3.301839387859218e-05,-1.7111000488512218e-05,5.0129394367104396e-05,"EVF-weighted; material s [-1.8,-.6] vs [.6,1.8] mm"
5.350027699023485,9.024166502058506e-06,-8.76311787578743e-07,9.900478289637249e-06,"EVF-weighted; material s [-1.8,-.6] vs [.6,1.8] mm"
5.375118460506201,1.0383364497101866e-05,1.4834735338808969e-05,-4.451370841707103e-06,"EVF-weighted; material s [-1.8,-.6] vs [.6,1.8] mm"
5.400112364441156,2.491139639460016e-05,1.3593506992037874e-05,1.1317889402562287e-05,"EVF-weighted; material s [-1.8,-.6] vs [.6,1.8] mm"
5.425051786005497,2.454130481055472e-05,-2.1655276327692263e-07,2.4757857573831643e-05,"EVF-weighted; material s [-1.8,-.6] vs [.6,1.8] mm"
5.450124386698008,3.2006420951802284e-05,1.2616676940524485e-05,1.93897440112778e-05,"EVF-weighted; material s [-1.8,-.6] vs [.6,1.8] mm"
5.475181620568037,2.306030182808172e-05,1.6083316950243898e-05,6.976984877837822e-06,"EVF-weighted; material s [-1.8,-.6] vs [.6,1.8] mm"
5.500124301761389,1.9677325326483697e-05,5.478083494381281e-06,1.4199241832102416e-05,"EVF-weighted; material s [-1.8,-.6] vs [.6,1.8] mm"
5.525137297809124,3.563218342605978e-05,2.626711193443043e-06,3.300547223261674e-05,"EVF-weighted; material s [-1.8,-.6] vs [.6,1.8] mm"
5.55000314489007,2.5865156203508377e-05,1.2835903362429235e-05,1.3029252841079142e-05,"EVF-weighted; material s [-1.8,-.6] vs [.6,1.8] mm"
5.575005430728197,1.2156171578681096e-05,2.0071962353540584e-05,-7.915790774859488e-06,"EVF-weighted; material s [-1.8,-.6] vs [.6,1.8] mm"
5.600109230726957,-2.9737952900177334e-06,2.8169517463538796e-05,-3.114331275355653e-05,"EVF-weighted; material s [-1.8,-.6] vs [.6,1.8] mm"
5.625115241855383,1.2893403436464723e-05,2.7806821890408173e-05,-1.491341845394345e-05,"EVF-weighted; material s [-1.8,-.6] vs [.6,1.8] mm"
5.65007422119379,-1.5208026525215246e-05,4.625094516086392e-05,-6.145897168607917e-05,"EVF-weighted; material s [-1.8,-.6] vs [.6,1.8] mm"
5.675098393112421,-3.167106797263841e-06,4.1057548514800146e-05,-4.422465531206399e-05,"EVF-weighted; material s [-1.8,-.6] vs [.6,1.8] mm"
5.700166802853346,-3.9761416701367125e-06,1.5707079001003876e-05,-1.968322067114059e-05,"EVF-weighted; material s [-1.8,-.6] vs [.6,1.8] mm"
5.725149065256119,2.2402758986572735e-05,1.4999272934801411e-05,7.403486051771324e-06,"EVF-weighted; material s [-1.8,-.6] vs [.6,1.8] mm"
5.75011782348156,3.383917282917537e-05,1.9254170183558017e-05,1.4585002645617351e-05,"EVF-weighted; material s [-1.8,-.6] vs [.6,1.8] mm"
5.7751452550292015,2.6205994799965993e-05,4.599074236466549e-05,-1.97847475646995e-05,"EVF-weighted; material s [-1.8,-.6] vs [.6,1.8] mm"
5.800107028335333,3.384225055924617e-05,4.2520478018559515e-05,-8.678227459313348e-06,"EVF-weighted; material s [-1.8,-.6] vs [.6,1.8] mm"
5.825136788189411,4.269360942998901e-05,3.097367152804509e-05,1.1719937901943922e-05,"EVF-weighted; material s [-1.8,-.6] vs [.6,1.8] mm"
5.850165616720915,2.6369023544248194e-05,2.8644068152061664e-05,-2.27504460781347e-06,"EVF-weighted; material s [-1.8,-.6] vs [.6,1.8] mm"
5.8750854805111885,2.2478876417153515e-05,5.6629727623658255e-05,-3.415085120650474e-05,"EVF-weighted; material s [-1.8,-.6] vs [.6,1.8] mm"
5.900116171687841,-7.774357982270885e-06,1.593401793797966e-05,-2.3708375920250546e-05,"EVF-weighted; material s [-1.8,-.6] vs [.6,1.8] mm"
5.925080738961697,1.2895121471956372e-05,5.20880967087578e-05,-3.919297523680143e-05,"EVF-weighted; material s [-1.8,-.6] vs [.6,1.8] mm"
5.95015799626708,1.368557150271954e-05,9.880466677714139e-05,-8.511909527442185e-05,"EVF-weighted; material s [-1.8,-.6] vs [.6,1.8] mm"
5.97503362223506,2.2789283320889808e-05,5.341739597497508e-05,-3.062811265408527e-05,"EVF-weighted; material s [-1.8,-.6] vs [.6,1.8] mm"
6.000059191137552,3.578114774427377e-05,5.393935862230137e-05,-1.8158210878027603e-05,"EVF-weighted; material s [-1.8,-.6] vs [.6,1.8] mm"
6.025162525475025,3.875541005982086e-05,-8.535762390238233e-06,4.7291172450059094e-05,"EVF-weighted; material s [-1.8,-.6] vs [.6,1.8] mm"
6.050002295523882,4.393074777908623e-05,5.085761586087756e-05,-6.926868081791326e-06,"EVF-weighted; material s [-1.8,-.6] vs [.6,1.8] mm"
6.075022276490927,1.9449971659923904e-05,1.3572715033660643e-05,5.877256626263261e-06,"EVF-weighted; material s [-1.8,-.6] vs [.6,1.8] mm"
6.100041791796684,2.7925831091124564e-05,2.132076224370394e-05,6.605068847420625e-06,"EVF-weighted; material s [-1.8,-.6] vs [.6,1.8] mm"
6.125082727521658,2.158293682441581e-05,1.6742804291425273e-05,4.840132532990538e-06,"EVF-weighted; material s [-1.8,-.6] vs [.6,1.8] mm"
6.150140427052975,2.1372994524426758e-05,3.34149990521837e-05,-1.2042004527756944e-05,"EVF-weighted; material s [-1.8,-.6] vs [.6,1.8] mm"
6.175177171826363,4.211612576909829e-06,3.060546805500053e-05,-2.63938554780907e-05,"EVF-weighted; material s [-1.8,-.6] vs [.6,1.8] mm"
6.200101226568222,1.0834504792001098e-05,6.526108336402103e-05,-5.4426578572019935e-05,"EVF-weighted; material s [-1.8,-.6] vs [.6,1.8] mm"
6.225137040019035,3.0949118809076026e-05,5.099146437714808e-05,-2.004234556807205e-05,"EVF-weighted; material s [-1.8,-.6] vs [.6,1.8] mm"
6.250172853469849,2.0597606635419652e-05,4.666813401854597e-05,-2.607052738312632e-05,"EVF-weighted; material s [-1.8,-.6] vs [.6,1.8] mm"
6.2750158831477165,1.6145024346769787e-05,8.461471588816494e-05,-6.846969154139515e-05,"EVF-weighted; material s [-1.8,-.6] vs [.6,1.8] mm"
6.300080101937056,2.1348589143599384e-05,0.00010427159577375278,-8.29230066301534e-05,"EVF-weighted; material s [-1.8,-.6] vs [.6,1.8] mm"
6.325107999145985,1.1671982065308839e-05,0.0001693420490482822,-0.00015767006698297337,"EVF-weighted; material s [-1.8,-.6] vs [.6,1.8] mm"
6.35008467361331,-1.902348049043212e-05,0.00010645408474374563,-0.00012547756523417775,"EVF-weighted; material s [-1.8,-.6] vs [.6,1.8] mm"
6.375092547386885,5.50139338884037e-06,9.671221050666645e-05,-9.121081711782608e-05,"EVF-weighted; material s [-1.8,-.6] vs [.6,1.8] mm"
6.400049664080143,7.067958449624712e-06,0.00015413053915835917,-0.00014706258070873446,"EVF-weighted; material s [-1.8,-.6] vs [.6,1.8] mm"
6.42504682764411,5.13016811964917e-06,0.00010225277219433337,-9.71226040746842e-05,"EVF-weighted; material s [-1.8,-.6] vs [.6,1.8] mm"
6.45000534132123,-1.4296667814051034e-06,0.00011078537499997765,-0.00011221504178138275,"EVF-weighted; material s [-1.8,-.6] vs [.6,1.8] mm"
6.475174333900213,1.0960432518913876e-05,0.00014266585640143603,-0.00013170542388252215,"EVF-weighted; material s [-1.8,-.6] vs [.6,1.8] mm"
6.50016451254487,2.0862691599177197e-05,0.0001480396167607978,-0.0001271769251616206,"EVF-weighted; material s [-1.8,-.6] vs [.6,1.8] mm"
6.525164004415274,1.9842364054056816e-05,0.00017881460371427238,-0.00015897223966021556,"EVF-weighted; material s [-1.8,-.6] vs [.6,1.8] mm"
6.5500009804964066,2.0165562091278844e-05,0.00019314291421324015,-0.0001729773521219613,"EVF-weighted; material s [-1.8,-.6] vs [.6,1.8] mm"
6.575005128979683,1.4235744174584397e-06,0.0001837291056290269,-0.00018230553121156845,"EVF-weighted; material s [-1.8,-.6] vs [.6,1.8] mm"
6.600094959139824,2.4489288989570923e-05,0.0001390198158333078,-0.00011453052684373688,"EVF-weighted; material s [-1.8,-.6] vs [.6,1.8] mm"
6.625170353800058,7.2716734393907245e-06,0.00017098165699280798,-0.00016370998355341726,"EVF-weighted; material s [-1.8,-.6] vs [.6,1.8] mm"
6.650041323155165,7.176693998189876e-06,7.111290324246511e-05,-6.393620924427523e-05,"EVF-weighted; material s [-1.8,-.6] vs [.6,1.8] mm"
6.675027310848236,4.766055099025834e-06,0.0001228203036589548,-0.00011805424855992896,"EVF-weighted; material s [-1.8,-.6] vs [.6,1.8] mm"
6.700114347040653,4.3938297267231974e-07,7.890372216934338e-05,-7.846433919667106e-05,"EVF-weighted; material s [-1.8,-.6] vs [.6,1.8] mm"
6.725104060024023,1.0416815712233074e-05,1.8562841432867572e-05,-8.146025720634498e-06,"EVF-weighted; material s [-1.8,-.6] vs [.6,1.8] mm"
6.750006694346666,2.0338235117378645e-05,3.43659776262939e-05,-1.4027742508915253e-05,"EVF-weighted; material s [-1.8,-.6] vs [.6,1.8] mm"
6.775084417313337,2.097747028528829e-06,1.7743315765983425e-05,-1.5645568737454596e-05,"EVF-weighted; material s [-1.8,-.6] vs [.6,1.8] mm"
6.80003734305501,3.646662662504241e-05,4.312022792873904e-05,-6.653601303696632e-06,"EVF-weighted; material s [-1.8,-.6] vs [.6,1.8] mm"
6.825167220085859,1.7165812096209265e-05,3.686135096359067e-05,-1.96955388673814e-05,"EVF-weighted; material s [-1.8,-.6] vs [.6,1.8] mm"
6.850059609860182,2.5915054720826447e-05,1.9378014258109033e-05,6.537040462717414e-06,"EVF-weighted; material s [-1.8,-.6] vs [.6,1.8] mm"
6.87512569129467,3.562838537618518e-05,9.925768608809449e-06,2.570261676737573e-05,"EVF-weighted; material s [-1.8,-.6] vs [.6,1.8] mm"
6.90013961866498,4.546868149191141e-05,3.280669989180751e-05,1.26619816001039e-05,"EVF-weighted; material s [-1.8,-.6] vs [.6,1.8] mm"
6.925052031874657,3.82647049264051e-05,2.537414366088342e-05,1.2890561265521683e-05,"EVF-weighted; material s [-1.8,-.6] vs [.6,1.8] mm"
6.950094364583492,2.2614649424212985e-05,2.3063355911290273e-05,-4.4870648707728833e-07,"EVF-weighted; material s [-1.8,-.6] vs [.6,1.8] mm"
6.975044496357441,2.2570928194909357e-05,4.511024599196389e-05,-2.2539317797054537e-05,"EVF-weighted; material s [-1.8,-.6] vs [.6,1.8] mm"
7.000116631388664,2.1050384020782076e-05,1.7627113265916705e-05,3.4232707548653707e-06,"EVF-weighted; material s [-1.8,-.6] vs [.6,1.8] mm"
7.025141268968582,6.3087909438763745e-06,2.9585924494313076e-05,-2.32771335504367e-05,"EVF-weighted; material s [-1.8,-.6] vs [.6,1.8] mm"
7.050146348774433,8.973195690487046e-06,2.9691589588765055e-05,-2.071839389827801e-05,"EVF-weighted; material s [-1.8,-.6] vs [.6,1.8] mm"
7.075147237628698,2.5063665816560388e-05,3.60423291567713e-05,-1.0978663340210915e-05,"EVF-weighted; material s [-1.8,-.6] vs [.6,1.8] mm"
7.100002374500036,1.8340517272008583e-05,4.6823526645312086e-05,-2.8483009373303503e-05,"EVF-weighted; material s [-1.8,-.6] vs [.6,1.8] mm"
7.125053089112043,1.9895329387509264e-05,6.758538802387193e-05,-4.7690058636362664e-05,"EVF-weighted; material s [-1.8,-.6] vs [.6,1.8] mm"
7.150007411837578,3.220500366296619e-05,7.81042908784002e-05,-4.5899287215434015e-05,"EVF-weighted; material s [-1.8,-.6] vs [.6,1.8] mm"
7.175032049417496,3.0380388125195168e-05,2.3486763893743046e-05,6.893624231452122e-06,"EVF-weighted; material s [-1.8,-.6] vs [.6,1.8] mm"
7.200159598141909,2.4227048925240524e-05,5.134648017701693e-05,-2.7119431251776405e-05,"EVF-weighted; material s [-1.8,-.6] vs [.6,1.8] mm"
7.22515257075429,3.536812073434703e-05,6.136699812486768e-05,-2.5998877390520647e-05,"EVF-weighted; material s [-1.8,-.6] vs [.6,1.8] mm"
7.250047288835049,5.559835335589014e-05,5.237473305896856e-05,3.223620296921581e-06,"EVF-weighted; material s [-1.8,-.6] vs [.6,1.8] mm"
7.275020703673363,4.727025225292891e-05,2.5865063435048796e-05,2.1405188817880116e-05,"EVF-weighted; material s [-1.8,-.6] vs [.6,1.8] mm"
7.300122641026974,4.4649663323070854e-05,3.603112782002427e-05,8.618535503046587e-06,"EVF-weighted; material s [-1.8,-.6] vs [.6,1.8] mm"
7.325056940317154,1.3023033716308419e-05,3.2024370739236474e-05,-1.9001337022928055e-05,"EVF-weighted; material s [-1.8,-.6] vs [.6,1.8] mm"
7.350102998316288,3.748928429558873e-05,7.604365237057209e-05,-3.855436807498336e-05,"EVF-weighted; material s [-1.8,-.6] vs [.6,1.8] mm"
7.375003769993782,5.562760270549916e-05,2.9227241611806676e-05,2.640036109369248e-05,"EVF-weighted; material s [-1.8,-.6] vs [.6,1.8] mm"
7.400049362331629,5.472215707413852e-05,2.7213533030590042e-05,2.750862404354848e-05,"EVF-weighted; material s [-1.8,-.6] vs [.6,1.8] mm"
7.425150368362665,4.444643491297029e-05,4.6921024477342144e-05,-2.474589564371854e-06,"EVF-weighted; material s [-1.8,-.6] vs [.6,1.8] mm"
7.450160104781389,6.462010787799954e-05,3.692762038554065e-05,2.7692487492458895e-05,"EVF-weighted; material s [-1.8,-.6] vs [.6,1.8] mm"
7.475127000361681,0.00014146829198580235,3.047351674467791e-05,0.00011099477524112444,"EVF-weighted; material s [-1.8,-.6] vs [.6,1.8] mm"
7.500100415199995,0.0001264829043066129,3.136489249300212e-05,9.511801181361079e-05,"EVF-weighted; material s [-1.8,-.6] vs [.6,1.8] mm"
7.525138556957245,0.00010895432205870748,3.7606689147651196e-05,7.134763291105628e-05,"EVF-weighted; material s [-1.8,-.6] vs [.6,1.8] mm"
7.550084963440895,0.0001525368425063789,3.028726678167004e-05,0.00012224957572470885,"EVF-weighted; material s [-1.8,-.6] vs [.6,1.8] mm"
7.57501320913434,0.0001463032531319186,4.100542719243094e-05,0.00010529782593948767,"EVF-weighted; material s [-1.8,-.6] vs [.6,1.8] mm"
7.6001170091331005,7.459559856215492e-05,7.778650615364313e-05,-3.1909075914882123e-06,"EVF-weighted; material s [-1.8,-.6] vs [.6,1.8] mm"
7.625008001923561,0.00010431045666337013,2.034069439105224e-05,8.39697622723179e-05,"EVF-weighted; material s [-1.8,-.6] vs [.6,1.8] mm"
7.650019600987434,0.00012210548447910696,2.193831642216537e-05,0.00010016716805694159,"EVF-weighted; material s [-1.8,-.6] vs [.6,1.8] mm"
7.675159722566605,7.219900726340711e-05,8.06992466095835e-05,-8.500239346176386e-06,"EVF-weighted; material s [-1.8,-.6] vs [.6,1.8] mm"
7.700115442276001,9.110559767577797e-05,2.1193394786678255e-05,6.991220288909972e-05,"EVF-weighted; material s [-1.8,-.6] vs [.6,1.8] mm"
7.72508978843689,4.9440310249337927e-05,3.847921470878646e-05,1.0961095540551469e-05,"EVF-weighted; material s [-1.8,-.6] vs [.6,1.8] mm"
7.7501330524683,5.1632403483381495e-05,3.550442124833353e-05,1.6127982235047966e-05,"EVF-weighted; material s [-1.8,-.6] vs [.6,1.8] mm"
7.775038946419954,0.00013670584303326905,2.8734175430145115e-05,0.00010797166760312393,"EVF-weighted; material s [-1.8,-.6] vs [.6,1.8] mm"
7.800151593983173,0.0001073551902663894,1.1804783753177617e-05,9.555040651321178e-05,"EVF-weighted; material s [-1.8,-.6] vs [.6,1.8] mm"
7.825005799531937,9.718260116642341e-05,1.633809915801976e-05,8.084450200840365e-05,"EVF-weighted; material s [-1.8,-.6] vs [.6,1.8] mm"
7.8501105308532715,3.5968358133686706e-05,4.672126124205533e-06,3.129623200948117e-05,"EVF-weighted; material s [-1.8,-.6] vs [.6,1.8] mm"
7.875143550336361,0.00011088447354268283,4.377618824946694e-05,6.710828529321589e-05,"EVF-weighted; material s [-1.8,-.6] vs [.6,1.8] mm"
7.900074124336243,0.0001985514536499977,3.648963320301846e-05,0.00016206182044697925,"EVF-weighted; material s [-1.8,-.6] vs [.6,1.8] mm"
7.925145328044891,0.00021916120022069663,5.1214476116001606e-05,0.00016794672410469502,"EVF-weighted; material s [-1.8,-.6] vs [.6,1.8] mm"
7.950130850076675,0.00016576464986428618,4.5789409341523424e-05,0.00011997524052276276,"EVF-weighted; material s [-1.8,-.6] vs [.6,1.8] mm"
7.9750725999474525,0.0001947194687090814,5.6577177019789815e-05,0.0001381422916892916,"EVF-weighted; material s [-1.8,-.6] vs [.6,1.8] mm"
8.000115863978863,0.0001482541993027553,6.994949944783002e-05,7.830469985492527e-05,"EVF-weighted; material s [-1.8,-.6] vs [.6,1.8] mm"
8.02506785839796,0.00018691668810788542,7.165081478888169e-05,0.00011526587331900373,"EVF-weighted; material s [-1.8,-.6] vs [.6,1.8] mm"
8.05017165839672,0.0001696395775070414,9.975377179216594e-05,6.988580571487546e-05,"EVF-weighted; material s [-1.8,-.6] vs [.6,1.8] mm"
8.075027726590633,0.00017945689614862204,0.00017057273362297565,8.884162525646389e-06,"EVF-weighted; material s [-1.8,-.6] vs [.6,1.8] mm"
8.100164122879505,0.000294884986942634,0.00012360514665488154,0.00017127984028775245,"EVF-weighted; material s [-1.8,-.6] vs [.6,1.8] mm"
8.125093765556812,0.00018459628336131573,0.00012889309437014163,5.57031889911741e-05,"EVF-weighted; material s [-1.8,-.6] vs [.6,1.8] mm"
8.150012232363224,0.00010609075980028138,0.00016669294564053416,-6.060218584025279e-05,"EVF-weighted; material s [-1.8,-.6] vs [.6,1.8] mm"
8.175032213330269,0.00021446673781611025,0.00017115076479967684,4.331597301643342e-05,"EVF-weighted; material s [-1.8,-.6] vs [.6,1.8] mm"
8.200079202651978,0.00015018023259472102,0.00023092672927305102,-8.074649667833e-05,"EVF-weighted; material s [-1.8,-.6] vs [.6,1.8] mm"
8.225065656006336,0.00016186040011234581,0.00026359272305853665,-0.00010173232294619083,"EVF-weighted; material s [-1.8,-.6] vs [.6,1.8] mm"
8.25011357665062,0.00017144842422567308,0.0002906120498664677,-0.00011916362564079463,"EVF-weighted; material s [-1.8,-.6] vs [.6,1.8] mm"
8.275036700069904,0.000194723776075989,0.00024382372794207186,-4.909995186608285e-05,"EVF-weighted; material s [-1.8,-.6] vs [.6,1.8] mm"
8.300095796585083,0.00019282162247691303,0.00024279298668261617,-4.997136420570314e-05,"EVF-weighted; material s [-1.8,-.6] vs [.6,1.8] mm"
8.325159549713135,0.00020432312157936394,0.0003329884202685207,-0.00012866529868915677,"EVF-weighted; material s [-1.8,-.6] vs [.6,1.8] mm"
8.3501311019063,0.00034507131204009056,0.0003564512589946389,-1.1379946954548359e-05,"EVF-weighted; material s [-1.8,-.6] vs [.6,1.8] mm"
8.37507750838995,0.00032736483262851834,0.0003510849492158741,-2.3720116587355733e-05,"EVF-weighted; material s [-1.8,-.6] vs [.6,1.8] mm"
8.40018130838871,0.0004482960212044418,0.000401144236093387,4.715178511105478e-05,"EVF-weighted; material s [-1.8,-.6] vs [.6,1.8] mm"
8.425094187259674,0.00040878390427678823,0.00032395392190665007,8.482998237013817e-05,"EVF-weighted; material s [-1.8,-.6] vs [.6,1.8] mm"
8.450058288872242,0.00026313247508369386,0.00043316572555340827,-0.0001700332504697144,"EVF-weighted; material s [-1.8,-.6] vs [.6,1.8] mm"
8.475063368678093,0.0003343540010973811,0.00037341381539590657,-3.905981429852545e-05,"EVF-weighted; material s [-1.8,-.6] vs [.6,1.8] mm"
8.500034920871258,0.0003908413928002119,0.0001755799021339044,0.0002152614906663075,"EVF-weighted; material s [-1.8,-.6] vs [.6,1.8] mm"
8.52514710277319,0.00044413519208319485,0.00043968018144369125,4.455010639503598e-06,"EVF-weighted; material s [-1.8,-.6] vs [.6,1.8] mm"
8.550170809030533,0.0005425142007879913,0.0003431223158258945,0.0001993918849620968,"EVF-weighted; material s [-1.8,-.6] vs [.6,1.8] mm"
8.575168438255787,0.0006201548967510462,0.000548462092410773,7.169280434027314e-05,"EVF-weighted; material s [-1.8,-.6] vs [.6,1.8] mm"
8.600094355642796,0.0005753344739787281,0.0005780162755399942,-2.681801561266184e-06,"EVF-weighted; material s [-1.8,-.6] vs [.6,1.8] mm"
8.625132031738758,0.0007989467121660709,0.0006535620195791125,0.0001453846925869584,"EVF-weighted; material s [-1.8,-.6] vs [.6,1.8] mm"
8.650131523609161,0.0007440719637088478,0.0006234290776774287,0.00012064288603141904,"EVF-weighted; material s [-1.8,-.6] vs [.6,1.8] mm"
8.675113320350647,0.0006921562016941607,0.0005941462004557252,9.801000123843551e-05,"EVF-weighted; material s [-1.8,-.6] vs [.6,1.8] mm"
8.70002806186676,0.0007486527902074158,0.0003684890689328313,0.00038016372127458453,"EVF-weighted; material s [-1.8,-.6] vs [.6,1.8] mm"
8.725137449800968,0.0006799615221098065,0.00030349279404617846,0.0003764687280636281,"EVF-weighted; material s [-1.8,-.6] vs [.6,1.8] mm"
8.75014066696167,0.0007067087572067976,0.0003452648816164583,0.0003614438755903393,"EVF-weighted; material s [-1.8,-.6] vs [.6,1.8] mm"
8.775065653026104,0.0005852843169122934,0.00047289388021454215,0.00011239043669775128,"EVF-weighted; material s [-1.8,-.6] vs [.6,1.8] mm"
8.800092153251171,0.0006558618042618036,0.0004514418251346797,0.00020441997912712395,"EVF-weighted; material s [-1.8,-.6] vs [.6,1.8] mm"
8.825045078992844,0.0009538994636386633,0.00040515646105632186,0.0005487430025823414,"EVF-weighted; material s [-1.8,-.6] vs [.6,1.8] mm"
8.850125595927238,0.0009508767398074269,0.0003795573429670185,0.0005713193968404084,"EVF-weighted; material s [-1.8,-.6] vs [.6,1.8] mm"
8.875089697539806,0.0008868556469678879,0.0002793229359667748,0.0006075327110011131,"EVF-weighted; material s [-1.8,-.6] vs [.6,1.8] mm"
8.9001739397645,0.0010269011836498976,0.0004433936846908182,0.0005835074989590794,"EVF-weighted; material s [-1.8,-.6] vs [.6,1.8] mm"
8.925109170377254,0.0008668496739119291,0.0003099005843978375,0.0005569490895140916,"EVF-weighted; material s [-1.8,-.6] vs [.6,1.8] mm"
8.95017758011818,0.001021585427224636,0.00037618575152009726,0.0006453996757045388,"EVF-weighted; material s [-1.8,-.6] vs [.6,1.8] mm"
8.975096978247166,0.0005135341198183596,0.000432478787843138,8.105533197522163e-05,"EVF-weighted; material s [-1.8,-.6] vs [.6,1.8] mm"
9.000128135085106,0.000848570722155273,0.0004172800399828702,0.00043129068217240274,"EVF-weighted; material s [-1.8,-.6] vs [.6,1.8] mm"
9.025100618600845,0.0009156076121143997,0.0005039382958784699,0.00041166931623592973,"EVF-weighted; material s [-1.8,-.6] vs [.6,1.8] mm"
9.050046093761921,0.0008861023234203458,0.000408368359785527,0.0004777339636348188,"EVF-weighted; material s [-1.8,-.6] vs [.6,1.8] mm"
9.07512754201889,0.0009758250089362264,0.0004379079327918589,0.0005379170761443675,"EVF-weighted; material s [-1.8,-.6] vs [.6,1.8] mm"
9.100141003727913,0.0010848930105566978,0.0005218168953433633,0.0005630761152133346,"EVF-weighted; material s [-1.8,-.6] vs [.6,1.8] mm"
9.125038981437683,0.0010820142924785614,0.0006782098207622766,0.00040380447171628475,"EVF-weighted; material s [-1.8,-.6] vs [.6,1.8] mm"
9.150180034339428,0.0012497276766225696,0.0009133210405707359,0.00033640663605183363,"EVF-weighted; material s [-1.8,-.6] vs [.6,1.8] mm"
9.17501375079155,0.001414148136973381,0.0007931958534754813,0.0006209522834978998,"EVF-weighted; material s [-1.8,-.6] vs [.6,1.8] mm"
9.200121276080608,0.0011239914456382394,0.0005821648519486189,0.0005418265936896205,"EVF-weighted; material s [-1.8,-.6] vs [.6,1.8] mm"
9.225028567016125,0.0015582431806251407,0.0007055457099340856,0.0008526974706910551,"EVF-weighted; material s [-1.8,-.6] vs [.6,1.8] mm"
9.250123053789139,0.0013563305838033557,0.0009083964978344738,0.00044793408596888185,"EVF-weighted; material s [-1.8,-.6] vs [.6,1.8] mm"
9.275085292756557,0.0013613369083032012,0.001421217224560678,-5.988031625747681e-05,"EVF-weighted; material s [-1.8,-.6] vs [.6,1.8] mm"
9.300081990659237,0.0012306103017181158,0.0015533824916929007,-0.00032277218997478485,"EVF-weighted; material s [-1.8,-.6] vs [.6,1.8] mm"
9.325146675109863,0.0013038008473813534,0.0015344254206866026,-0.00023062457330524921,"EVF-weighted; material s [-1.8,-.6] vs [.6,1.8] mm"
9.350024163722992,0.0012851546052843332,0.0013955290196463466,-0.00011037441436201334,"EVF-weighted; material s [-1.8,-.6] vs [.6,1.8] mm"
9.37506090849638,0.001422646688297391,0.0010822139447554946,0.00034043274354189634,"EVF-weighted; material s [-1.8,-.6] vs [.6,1.8] mm"
9.400145150721073,0.0019328821217641234,0.00105463364161551,0.0008782484801486135,"EVF-weighted; material s [-1.8,-.6] vs [.6,1.8] mm"
9.425139985978603,0.0018789140740409493,0.0009470925433561206,0.0009318215306848288,"EVF-weighted; material s [-1.8,-.6] vs [.6,1.8] mm"
9.450004436075687,0.0017088224412873387,0.0013688711915165186,0.00033995124977082014,"EVF-weighted; material s [-1.8,-.6] vs [.6,1.8] mm"
9.475081227719784,0.0014706132933497429,0.0013879293110221624,8.268398232758045e-05,"EVF-weighted; material s [-1.8,-.6] vs [.6,1.8] mm"
9.500048123300076,0.0013250333722680807,0.0015475694090127945,-0.00022253603674471378,"EVF-weighted; material s [-1.8,-.6] vs [.6,1.8] mm"
9.525027126073837,0.0016366171184927225,0.0015996795846149325,3.6937533877789974e-05,"EVF-weighted; material s [-1.8,-.6] vs [.6,1.8] mm"
9.550144895911217,0.0015761650865897536,0.0015074110124260187,6.875407416373491e-05,"EVF-weighted; material s [-1.8,-.6] vs [.6,1.8] mm"
9.575164876878262,0.0014425200643017888,0.002003486966714263,-0.0005609669024124742,"EVF-weighted; material s [-1.8,-.6] vs [.6,1.8] mm"
9.60013922303915,0.0018105382332578301,0.0021787001751363277,-0.0003681619418784976,"EVF-weighted; material s [-1.8,-.6] vs [.6,1.8] mm"
9.625074453651905,0.0019215074134990573,0.0019132618326693773,8.245580829679966e-06,"EVF-weighted; material s [-1.8,-.6] vs [.6,1.8] mm"
9.65014286339283,0.0018142780754715204,0.0021136680152267218,-0.00029938993975520134,"EVF-weighted; material s [-1.8,-.6] vs [.6,1.8] mm"
9.675027802586555,0.0019509067060425878,0.001923191244713962,2.771546132862568e-05,"EVF-weighted; material s [-1.8,-.6] vs [.6,1.8] mm"
9.700077585875988,0.001985183684155345,0.0016408719820901752,0.0003443117020651698,"EVF-weighted; material s [-1.8,-.6] vs [.6,1.8] mm"
9.725025855004787,0.0025858122389763594,0.0015218970365822315,0.0010639152023941278,"EVF-weighted; material s [-1.8,-.6] vs [.6,1.8] mm"
9.75002907216549,0.0025143923703581095,0.0015263794921338558,0.0009880128782242537,"EVF-weighted; material s [-1.8,-.6] vs [.6,1.8] mm"
9.775039739906788,0.002178460592404008,0.0015735651832073927,0.0006048954091966152,"EVF-weighted; material s [-1.8,-.6] vs [.6,1.8] mm"
9.800144471228123,0.002010488184168935,0.0015792545164003968,0.000431233667768538,"EVF-weighted; material s [-1.8,-.6] vs [.6,1.8] mm"
9.825057350099087,0.0021741329692304134,0.001273510162718594,0.0009006228065118194,"EVF-weighted; material s [-1.8,-.6] vs [.6,1.8] mm"
9.850130416452885,0.0019236330408602953,0.001420848537236452,0.0005027845036238432,"EVF-weighted; material s [-1.8,-.6] vs [.6,1.8] mm"
9.875084273517132,0.002380969002842903,0.001557593117468059,0.0008233758853748441,"EVF-weighted; material s [-1.8,-.6] vs [.6,1.8] mm"
9.900029748678207,0.002256849780678749,0.0015550213865935802,0.0007018283940851688,"EVF-weighted; material s [-1.8,-.6] vs [.6,1.8] mm"
9.925003163516521,0.002168552717193961,0.0015181908383965492,0.0006503618787974119,"EVF-weighted; material s [-1.8,-.6] vs [.6,1.8] mm"
9.950025007128716,0.0021083850879222155,0.0014676667051389813,0.0006407183827832341,"EVF-weighted; material s [-1.8,-.6] vs [.6,1.8] mm"
9.975002147257328,0.0020319779869168997,0.001624583499506116,0.00040739448741078377,"EVF-weighted; material s [-1.8,-.6] vs [.6,1.8] mm"
10.000134818255901,0.0017435959307476878,0.001703005051240325,4.059087950736284e-05,"EVF-weighted; material s [-1.8,-.6] vs [.6,1.8] mm"
10.025127790868282,0.001998028252273798,0.002058160724118352,-6.013247184455395e-05,"EVF-weighted; material s [-1.8,-.6] vs [.6,1.8] mm"
10.050126351416111,0.002114158822223544,0.0019483708310872316,0.00016578799113631248,"EVF-weighted; material s [-1.8,-.6] vs [.6,1.8] mm"
10.075042955577374,0.0024315526243299246,0.001930022262968123,0.0005015303613618016,"EVF-weighted; material s [-1.8,-.6] vs [.6,1.8] mm"
10.100123472511768,0.0023604908492416143,0.0018279587384313345,0.0005325321108102798,"EVF-weighted; material s [-1.8,-.6] vs [.6,1.8] mm"
10.125156491994858,0.00246605952270329,0.0019780327565968037,0.0004880267661064863,"EVF-weighted; material s [-1.8,-.6] vs [.6,1.8] mm"
10.150137357413769,0.0024739899672567844,0.002203834941610694,0.0002701550256460905,"EVF-weighted; material s [-1.8,-.6] vs [.6,1.8] mm"
10.175005532801151,0.0032425057142972946,0.00208136229775846,0.0011611434165388346,"EVF-weighted; material s [-1.8,-.6] vs [.6,1.8] mm"
10.200065560638905,0.0035297160502523184,0.0018157579470425844,0.001713958103209734,"EVF-weighted; material s [-1.8,-.6] vs [.6,1.8] mm"
10.225161910057068,0.003124391892924905,0.0017622171435505152,0.0013621747493743896,"EVF-weighted; material s [-1.8,-.6] vs [.6,1.8] mm"
10.250134393572807,0.003067276207730174,0.0016900079790502787,0.0013772682286798954,"EVF-weighted; material s [-1.8,-.6] vs [.6,1.8] mm"
10.275033302605152,0.0030231706332415342,0.001469878596253693,0.0015532920369878411,"EVF-weighted; material s [-1.8,-.6] vs [.6,1.8] mm"
10.300016030669212,0.002948120003566146,0.0019059462938457727,0.0010421737097203732,"EVF-weighted; material s [-1.8,-.6] vs [.6,1.8] mm"
10.32514963299036,0.0025610614102333784,0.0017694882117211819,0.0007915731985121965,"EVF-weighted; material s [-1.8,-.6] vs [.6,1.8] mm"
10.35016868263483,0.002465649275109172,0.001958616077899933,0.000507033197209239,"EVF-weighted; material s [-1.8,-.6] vs [.6,1.8] mm"
10.37507876753807,0.0024206938687711954,0.001430962234735489,0.0009897316340357065,"EVF-weighted; material s [-1.8,-.6] vs [.6,1.8] mm"
10.400090366601944,0.002212652238085866,0.001372102415189147,0.000840549822896719,"EVF-weighted; material s [-1.8,-.6] vs [.6,1.8] mm"
10.425071232020855,0.0021039561834186316,0.001612305175513029,0.0004916510079056025,"EVF-weighted; material s [-1.8,-.6] vs [.6,1.8] mm"
10.450081899762154,0.0021478214766830206,0.0021224389784038067,2.5382498279213905e-05,"EVF-weighted; material s [-1.8,-.6] vs [.6,1.8] mm"
10.475153103470802,0.00233304756693542,0.0027440625708550215,-0.00041101500391960144,"EVF-weighted; material s [-1.8,-.6] vs [.6,1.8] mm"
10.500168427824974,0.0028674008790403605,0.002520166337490082,0.00034723454155027866,"EVF-weighted; material s [-1.8,-.6] vs [.6,1.8] mm"
10.525072924792767,0.003120012814179063,0.0022669569589197636,0.0008530558552592993,"EVF-weighted; material s [-1.8,-.6] vs [.6,1.8] mm"
10.550062172114849,0.0030346557032316923,0.002151395659893751,0.0008832600433379412,"EVF-weighted; material s [-1.8,-.6] vs [.6,1.8] mm"
10.575073771178722,0.0030582370236516,0.0022829973604530096,0.0007752396631985903,"EVF-weighted; material s [-1.8,-.6] vs [.6,1.8] mm"
10.600113309919834,0.002786291064694524,0.0021381559781730175,0.0006481350865215063,"EVF-weighted; material s [-1.8,-.6] vs [.6,1.8] mm"
10.625115595757961,0.002828293014317751,0.0018117334693670273,0.0010165595449507236,"EVF-weighted; material s [-1.8,-.6] vs [.6,1.8] mm"
10.650002397596836,0.0027726246044039726,0.0017964818980544806,0.0009761427063494921,"EVF-weighted; material s [-1.8,-.6] vs [.6,1.8] mm"
10.675082914531231,0.002338780788704753,0.0016671608900651336,0.0006716198986396194,"EVF-weighted; material s [-1.8,-.6] vs [.6,1.8] mm"
10.700165294110775,0.0022534409072250128,0.0018383213318884373,0.0004151195753365755,"EVF-weighted; material s [-1.8,-.6] vs [.6,1.8] mm"
10.725006461143494,0.002143804682418704,0.0018652788130566478,0.00027852586936205626,"EVF-weighted; material s [-1.8,-.6] vs [.6,1.8] mm"
10.750017128884792,0.002118632197380066,0.0016103824600577354,0.0005082497373223305,"EVF-weighted; material s [-1.8,-.6] vs [.6,1.8] mm"
10.775172151625156,0.0022918637841939926,0.0018834674265235662,0.00040839635767042637,"EVF-weighted; material s [-1.8,-.6] vs [.6,1.8] mm"
10.800044052302837,0.0025293678045272827,0.002450241707265377,7.912609726190567e-05,"EVF-weighted; material s [-1.8,-.6] vs [.6,1.8] mm"
10.82504540681839,0.0027018303517252207,0.0018182036001235247,0.000883626751601696,"EVF-weighted; material s [-1.8,-.6] vs [.6,1.8] mm"
10.850016959011555,0.003042335622012615,0.002272112527862191,0.000770223094150424,"EVF-weighted; material s [-1.8,-.6] vs [.6,1.8] mm"
10.875092819333076,0.0030717644840478897,0.002240093657746911,0.0008316708263009787,"EVF-weighted; material s [-1.8,-.6] vs [.6,1.8] mm"
10.900117456912994,0.003222567494958639,0.0023179815616458654,0.0009045859333127737,"EVF-weighted; material s [-1.8,-.6] vs [.6,1.8] mm"
10.92506479471922,0.003560333512723446,0.0027766693383455276,0.0007836641743779182,"EVF-weighted; material s [-1.8,-.6] vs [.6,1.8] mm"
10.950068943202496,0.0036212424747645855,0.0017993217334151268,0.0018219207413494587,"EVF-weighted; material s [-1.8,-.6] vs [.6,1.8] mm"
10.975128971040249,0.0033789267763495445,0.0022922062780708075,0.001086720498278737,"EVF-weighted; material s [-1.8,-.6] vs [.6,1.8] mm"
11.0001340508461,0.0035450654104351997,0.0021465872414410114,0.0013984781689941883,"EVF-weighted; material s [-1.8,-.6] vs [.6,1.8] mm"
11.025174520909786,0.0036275300662964582,0.0031920834444463253,0.00043544662185013294,"EVF-weighted; material s [-1.8,-.6] vs [.6,1.8] mm"
11.050170287489891,0.0034513617865741253,0.0023131491616368294,0.001138212624937296,"EVF-weighted; material s [-1.8,-.6] vs [.6,1.8] mm"
11.07502169907093,0.003591262036934495,0.00271327025257051,0.0008779917843639851,"EVF-weighted; material s [-1.8,-.6] vs [.6,1.8] mm"
11.10001653432846,0.0030688403639942408,0.0024240368511527777,0.0006448035128414631,"EVF-weighted; material s [-1.8,-.6] vs [.6,1.8] mm"
11.125141754746437,0.0029629827477037907,0.0030378750525414944,-7.48923048377037e-05,"EVF-weighted; material s [-1.8,-.6] vs [.6,1.8] mm"
11.15009468048811,0.0028157669585198164,0.0029508364386856556,-0.0001350694801658392,"EVF-weighted; material s [-1.8,-.6] vs [.6,1.8] mm"
11.175014078617096,0.0029377785976976156,0.0022264074068516493,0.0007113711908459663,"EVF-weighted; material s [-1.8,-.6] vs [.6,1.8] mm"
11.200085282325745,0.0028724651783704758,0.0029102067928761244,-3.774161450564861e-05,"EVF-weighted; material s [-1.8,-.6] vs [.6,1.8] mm"
11.225135065615177,0.002774141263216734,0.002496213186532259,0.00027792807668447495,"EVF-weighted; material s [-1.8,-.6] vs [.6,1.8] mm"
11.250127106904984,0.003116757143288851,0.003056797431781888,5.9959711506962776e-05,"EVF-weighted; material s [-1.8,-.6] vs [.6,1.8] mm"
11.275104247033596,0.003316720249131322,0.0026666177436709404,0.0006501025054603815,"EVF-weighted; material s [-1.8,-.6] vs [.6,1.8] mm"
11.300133541226387,0.0038106038700789213,0.0029202846344560385,0.0008903192356228828,"EVF-weighted; material s [-1.8,-.6] vs [.6,1.8] mm"
11.325142346322536,0.0031579022761434317,0.003006397048011422,0.0001515052281320095,"EVF-weighted; material s [-1.8,-.6] vs [.6,1.8] mm"
11.350092478096485,0.003466550726443529,0.0030526812188327312,0.0004138695076107979,"EVF-weighted; material s [-1.8,-.6] vs [.6,1.8] mm"
11.37514878064394,0.00298933289013803,0.003455845173448324,-0.00046651228331029415,"EVF-weighted; material s [-1.8,-.6] vs [.6,1.8] mm"
11.400023475289345,0.0032403019722551107,0.003647014731541276,-0.00040671275928616524,"EVF-weighted; material s [-1.8,-.6] vs [.6,1.8] mm"
11.42516452819109,0.003659025765955448,0.004074635449796915,-0.0004156096838414669,"EVF-weighted; material s [-1.8,-.6] vs [.6,1.8] mm"
11.450064368546009,0.004296490456908941,0.004234572872519493,6.191758438944817e-05,"EVF-weighted; material s [-1.8,-.6] vs [.6,1.8] mm"
11.4750936627388,0.004619720857590437,0.004445244092494249,0.0001744767650961876,"EVF-weighted; material s [-1.8,-.6] vs [.6,1.8] mm"
11.5001006051898,0.004723796620965004,0.004470301326364279,0.0002534952946007252,"EVF-weighted; material s [-1.8,-.6] vs [.6,1.8] mm"
11.525055393576622,0.004777418449521065,0.004014647100120783,0.0007627713494002819,"EVF-weighted; material s [-1.8,-.6] vs [.6,1.8] mm"
11.550149880349636,0.00509722251445055,0.0036158699076622725,0.0014813526067882776,"EVF-weighted; material s [-1.8,-.6] vs [.6,1.8] mm"
11.575066484510899,0.00449019018560648,0.003891762113198638,0.0005984280724078417,"EVF-weighted; material s [-1.8,-.6] vs [.6,1.8] mm"
11.600019410252571,0.003969996701925993,0.003831342328339815,0.00013865437358617783,"EVF-weighted; material s [-1.8,-.6] vs [.6,1.8] mm"
11.625057086348534,0.00412673968821764,0.0035330832470208406,0.0005936564411967993,"EVF-weighted; material s [-1.8,-.6] vs [.6,1.8] mm"
11.650041677057743,0.0035891947336494923,0.0031217625364661217,0.0004674321971833706,"EVF-weighted; material s [-1.8,-.6] vs [.6,1.8] mm"
11.675059795379639,0.003517361357808113,0.003226795932278037,0.000290565425530076,"EVF-weighted; material s [-1.8,-.6] vs [.6,1.8] mm"
11.70002855360508,0.003962674643844366,0.0030622482299804688,0.0009004264138638973,"EVF-weighted; material s [-1.8,-.6] vs [.6,1.8] mm"
11.725091375410557,0.004111601039767265,0.002951345406472683,0.0011602556332945824,"EVF-weighted; material s [-1.8,-.6] vs [.6,1.8] mm"
11.750077828764915,0.00420441385358572,0.0030764611437916756,0.0011279527097940445,"EVF-weighted; material s [-1.8,-.6] vs [.6,1.8] mm"
11.77502702921629,0.004038408398628235,0.004045629408210516,-7.221009582281113e-06,"EVF-weighted; material s [-1.8,-.6] vs [.6,1.8] mm"
11.8001289665699,0.004503253847360611,0.004212405066937208,0.0002908487804234028,"EVF-weighted; material s [-1.8,-.6] vs [.6,1.8] mm"
11.825107038021088,0.004437107592821121,0.0037176604382693768,0.0007194471545517445,"EVF-weighted; material s [-1.8,-.6] vs [.6,1.8] mm"
11.850022710859776,0.004511693492531776,0.0034552474971860647,0.0010564459953457117,"EVF-weighted; material s [-1.8,-.6] vs [.6,1.8] mm"
11.875065043568611,0.0043583703227341175,0.00389527203515172,0.00046309828758239746,"EVF-weighted; material s [-1.8,-.6] vs [.6,1.8] mm"
11.90009992569685,0.004482347052544355,0.0041237277910113335,0.0003586192615330219,"EVF-weighted; material s [-1.8,-.6] vs [.6,1.8] mm"
11.925050057470798,0.0048404294066131115,0.003297155722975731,0.0015432736836373806,"EVF-weighted; material s [-1.8,-.6] vs [.6,1.8] mm"
11.950078420341015,0.004939468577504158,0.0031511203851550817,0.0017883481923490763,"EVF-weighted; material s [-1.8,-.6] vs [.6,1.8] mm"
11.975130997598171,0.004464741796255112,0.0031206277199089527,0.001344114076346159,"EVF-weighted; material s [-1.8,-.6] vs [.6,1.8] mm"
12.000109069049358,0.004260939080268145,0.002741862554103136,0.0015190765261650085,"EVF-weighted; material s [-1.8,-.6] vs [.6,1.8] mm"
12.025016359984875,0.0042039030231535435,0.0030131610110402107,0.0011907420121133327,"EVF-weighted; material s [-1.8,-.6] vs [.6,1.8] mm"
12.050144374370575,0.004270128905773163,0.002862529130652547,0.001407599775120616,"EVF-weighted; material s [-1.8,-.6] vs [.6,1.8] mm"
12.07503117620945,0.004107161425054073,0.002907008631154895,0.0012001527938991785,"EVF-weighted; material s [-1.8,-.6] vs [.6,1.8] mm"
12.10002414882183,0.004028490744531155,0.0028476864099502563,0.0011808043345808983,"EVF-weighted; material s [-1.8,-.6] vs [.6,1.8] mm"
12.125070206820965,0.003460503416135907,0.0027189322281628847,0.0007415711879730225,"EVF-weighted; material s [-1.8,-.6] vs [.6,1.8] mm"
12.150024063885212,0.0034756697714328766,0.0029377753380686045,0.0005378944333642721,"EVF-weighted; material s [-1.8,-.6] vs [.6,1.8] mm"
12.175079435110092,0.003056436078622937,0.0030754096806049347,-1.897360198199749e-05,"EVF-weighted; material s [-1.8,-.6] vs [.6,1.8] mm"
12.20010593533516,0.0034018245059996843,0.0030821068212389946,0.00031971768476068974,"EVF-weighted; material s [-1.8,-.6] vs [.6,1.8] mm"
12.225170619785786,0.0036220704205334187,0.0034395609982311726,0.0001825094223022461,"EVF-weighted; material s [-1.8,-.6] vs [.6,1.8] mm"
12.25016638636589,0.0031286804005503654,0.003703195368871093,-0.0005745149683207273,"EVF-weighted; material s [-1.8,-.6] vs [.6,1.8] mm"
12.275001034140587,0.003746860194951296,0.003916444722563028,-0.00016958452761173248,"EVF-weighted; material s [-1.8,-.6] vs [.6,1.8] mm"
12.300136499106884,0.0045272414572536945,0.003964710980653763,0.0005625304765999317,"EVF-weighted; material s [-1.8,-.6] vs [.6,1.8] mm"
12.325131334364414,0.0050394427962601185,0.0038850156124681234,0.001154427183791995,"EVF-weighted; material s [-1.8,-.6] vs [.6,1.8] mm"
12.350007891654968,0.005146449897438288,0.003873114474117756,0.0012733354233205318,"EVF-weighted; material s [-1.8,-.6] vs [.6,1.8] mm"
12.375090271234512,0.005086798686534166,0.004215348046272993,0.0008714506402611732,"EVF-weighted; material s [-1.8,-.6] vs [.6,1.8] mm"
12.400171719491482,0.005220498889684677,0.004109121859073639,0.0011113770306110382,"EVF-weighted; material s [-1.8,-.6] vs [.6,1.8] mm"
12.425074353814125,0.0050980448722839355,0.003999901469796896,0.0010981434024870396,"EVF-weighted; material s [-1.8,-.6] vs [.6,1.8] mm"
12.45013065636158,0.005551100242882967,0.004082261584699154,0.001468838658183813,"EVF-weighted; material s [-1.8,-.6] vs [.6,1.8] mm"
12.475096620619297,0.005368029233068228,0.004109332803636789,0.0012586964294314384,"EVF-weighted; material s [-1.8,-.6] vs [.6,1.8] mm"
12.500000186264515,0.005214464385062456,0.004228013101965189,0.0009864512830972672,"EVF-weighted; material s [-1.8,-.6] vs [.6,1.8] mm"
12.525052763521671,0.0056073954328894615,0.00410205963999033,0.0015053357928991318,"EVF-weighted; material s [-1.8,-.6] vs [.6,1.8] mm"
12.55005318671465,0.005452518351376057,0.004375258460640907,0.0010772598907351494,"EVF-weighted; material s [-1.8,-.6] vs [.6,1.8] mm"
12.575034983456135,0.005472372751682997,0.0037314353976398706,0.001740937354043126,"EVF-weighted; material s [-1.8,-.6] vs [.6,1.8] mm"
12.60017417371273,0.005954154767096043,0.0033854390494525433,0.0025687157176434994,"EVF-weighted; material s [-1.8,-.6] vs [.6,1.8] mm"
12.625129893422127,0.006037082057446241,0.003570539178326726,0.0024665428791195154,"EVF-weighted; material s [-1.8,-.6] vs [.6,1.8] mm"
12.650172226130962,0.0056213620118796825,0.004139158874750137,0.0014822031371295452,"EVF-weighted; material s [-1.8,-.6] vs [.6,1.8] mm"
12.675008736550808,0.005685126408934593,0.003917041700333357,0.0017680847086012363,"EVF-weighted; material s [-1.8,-.6] vs [.6,1.8] mm"
12.700150720775127,0.005830216687172651,0.0040404279716312885,0.0017897887155413628,"EVF-weighted; material s [-1.8,-.6] vs [.6,1.8] mm"
12.725171633064747,0.005883947014808655,0.004286637529730797,0.001597309485077858,"EVF-weighted; material s [-1.8,-.6] vs [.6,1.8] mm"
12.750117108225822,0.005804711952805519,0.004194736946374178,0.0016099750064313412,"EVF-weighted; material s [-1.8,-.6] vs [.6,1.8] mm"
12.77508307248354,0.006281647365540266,0.003911004401743412,0.002370642963796854,"EVF-weighted; material s [-1.8,-.6] vs [.6,1.8] mm"
12.800089083611965,0.005843989551067352,0.0041488707065582275,0.0016951188445091248,"EVF-weighted; material s [-1.8,-.6] vs [.6,1.8] mm"
12.82500196248293,0.005986902397125959,0.004511731676757336,0.0014751707203686237,"EVF-weighted; material s [-1.8,-.6] vs [.6,1.8] mm"
12.85004522651434,0.006737815216183662,0.004541936330497265,0.0021958788856863976,"EVF-weighted; material s [-1.8,-.6] vs [.6,1.8] mm"
12.875087559223175,0.006318181287497282,0.004623977467417717,0.001694203820079565,"EVF-weighted; material s [-1.8,-.6] vs [.6,1.8] mm"
12.900044210255146,0.0066046081483364105,0.004703181330114603,0.0019014268182218075,"EVF-weighted; material s [-1.8,-.6] vs [.6,1.8] mm"
12.92507816106081,0.007174544036388397,0.004863914102315903,0.0023106299340724945,"EVF-weighted; material s [-1.8,-.6] vs [.6,1.8] mm"
12.95012328773737,0.006773063912987709,0.004618491977453232,0.0021545719355344772,"EVF-weighted; material s [-1.8,-.6] vs [.6,1.8] mm"
12.975125573575497,0.00697706826031208,0.004256930667907,0.002720137592405081,"EVF-weighted; material s [-1.8,-.6] vs [.6,1.8] mm"
13.000010512769222,0.007028166204690933,0.004054754041135311,0.002973412163555622,"EVF-weighted; material s [-1.8,-.6] vs [.6,1.8] mm"
13.025028631091118,0.007292831316590309,0.003684410359710455,0.003608420956879854,"EVF-weighted; material s [-1.8,-.6] vs [.6,1.8] mm"
13.050034642219543,0.007096944842487574,0.003334915731102228,0.0037620291113853455,"EVF-weighted; material s [-1.8,-.6] vs [.6,1.8] mm"
13.075114227831364,0.006183189805597067,0.0030269857961684465,0.0031562040094286203,"EVF-weighted; material s [-1.8,-.6] vs [.6,1.8] mm"
13.100070878863335,0.005579901393502951,0.00319202383980155,0.0023878775537014008,"EVF-weighted; material s [-1.8,-.6] vs [.6,1.8] mm"
13.125009834766388,0.005018637981265783,0.003257814096286893,0.0017608238849788904,"EVF-weighted; material s [-1.8,-.6] vs [.6,1.8] mm"
13.150091283023357,0.00473241088911891,0.003284609643742442,0.0014478012453764677,"EVF-weighted; material s [-1.8,-.6] vs [.6,1.8] mm"
13.17507028579712,0.004624404478818178,0.003302823519334197,0.0013215809594839811,"EVF-weighted; material s [-1.8,-.6] vs [.6,1.8] mm"
13.200031593441963,0.004566590767353773,0.0034414485562592745,0.0011251422110944986,"EVF-weighted; material s [-1.8,-.6] vs [.6,1.8] mm"
13.225113041698933,0.004575800150632858,0.0032527341973036528,0.0013230659533292055,"EVF-weighted; material s [-1.8,-.6] vs [.6,1.8] mm"
13.250132091343403,0.004855716601014137,0.00322157284244895,0.0016341437585651875,"EVF-weighted; material s [-1.8,-.6] vs [.6,1.8] mm"
13.27501516789198,0.004910772666335106,0.00397153664380312,0.0009392360225319862,"EVF-weighted; material s [-1.8,-.6] vs [.6,1.8] mm"
13.300084508955479,0.005105443298816681,0.003753696335479617,0.0013517469633370638,"EVF-weighted; material s [-1.8,-.6] vs [.6,1.8] mm"
13.32512591034174,0.005241332575678825,0.0035582103300839663,0.0016831222455948591,"EVF-weighted; material s [-1.8,-.6] vs [.6,1.8] mm"
13.350030407309532,0.00543705141171813,0.003275797702372074,0.002161253709346056,"EVF-weighted; material s [-1.8,-.6] vs [.6,1.8] mm"
13.37503083050251,0.005289681721478701,0.0034491794649511576,0.001840502256527543,"EVF-weighted; material s [-1.8,-.6] vs [.6,1.8] mm"
13.400089927017689,0.005507319234311581,0.003367093624547124,0.0021402256097644567,"EVF-weighted; material s [-1.8,-.6] vs [.6,1.8] mm"
13.425144366919994,0.00550567451864481,0.003302442841231823,0.0022032316774129868,"EVF-weighted; material s [-1.8,-.6] vs [.6,1.8] mm"
13.450076803565025,0.005453757010400295,0.0035841246135532856,0.0018696323968470097,"EVF-weighted; material s [-1.8,-.6] vs [.6,1.8] mm"
13.475109823048115,0.004922659136354923,0.0032159173861145973,0.001706741750240326,"EVF-weighted; material s [-1.8,-.6] vs [.6,1.8] mm"
13.500112108886242,0.005321461707353592,0.0030422168783843517,0.00227924482896924,"EVF-weighted; material s [-1.8,-.6] vs [.6,1.8] mm"
13.525073416531086,0.005138478707522154,0.0031653298065066338,0.00197314890101552,"EVF-weighted; material s [-1.8,-.6] vs [.6,1.8] mm"
13.550016097724438,0.005043447948992252,0.0030246314126998186,0.0020188165362924337,"EVF-weighted; material s [-1.8,-.6] vs [.6,1.8] mm"
13.575061224400997,0.004664003849029541,0.002980567282065749,0.0016834365669637918,"EVF-weighted; material s [-1.8,-.6] vs [.6,1.8] mm"
13.600080274045467,0.004443751648068428,0.0027690657880157232,0.0016746858600527048,"EVF-weighted; material s [-1.8,-.6] vs [.6,1.8] mm"
13.625005260109901,0.003792667295783758,0.0028183378744870424,0.0009743294212967157,"EVF-weighted; material s [-1.8,-.6] vs [.6,1.8] mm"
13.650142587721348,0.003720979206264019,0.002909180009737611,0.0008117991965264082,"EVF-weighted; material s [-1.8,-.6] vs [.6,1.8] mm"
13.675069436430931,0.003733333433046937,0.0031831874512135983,0.0005501459818333387,"EVF-weighted; material s [-1.8,-.6] vs [.6,1.8] mm"
13.700072653591633,0.003986666444689035,0.002825366798788309,0.0011612996459007263,"EVF-weighted; material s [-1.8,-.6] vs [.6,1.8] mm"
13.72516993433237,0.004275813233107328,0.002966760192066431,0.0013090530410408974,"EVF-weighted; material s [-1.8,-.6] vs [.6,1.8] mm"
13.750016689300537,0.004434259608387947,0.002832508645951748,0.0016017509624361992,"EVF-weighted; material s [-1.8,-.6] vs [.6,1.8] mm"
13.775056228041649,0.00482219597324729,0.0025812971871346235,0.002240898786112666,"EVF-weighted; material s [-1.8,-.6] vs [.6,1.8] mm"
13.800141401588917,0.004418335389345884,0.0025328360497951508,0.0018854993395507336,"EVF-weighted; material s [-1.8,-.6] vs [.6,1.8] mm"
13.825069181621075,0.004417491145431995,0.0023755247239023447,0.0020419664215296507,"EVF-weighted; material s [-1.8,-.6] vs [.6,1.8] mm"
13.850012794137001,0.004199644550681114,0.0025362055748701096,0.0016634389758110046,"EVF-weighted; material s [-1.8,-.6] vs [.6,1.8] mm"
13.875058852136135,0.003942958079278469,0.002374883508309722,0.0015680745709687471,"EVF-weighted; material s [-1.8,-.6] vs [.6,1.8] mm"
13.900111429393291,0.003519719932228327,0.0024073515087366104,0.0011123684234917164,"EVF-weighted; material s [-1.8,-.6] vs [.6,1.8] mm"
13.925140723586082,0.0032213523518294096,0.002437429968267679,0.0007839223835617304,"EVF-weighted; material s [-1.8,-.6] vs [.6,1.8] mm"
13.95015511661768,0.003510553389787674,0.0022169945295900106,0.0012935588601976633,"EVF-weighted; material s [-1.8,-.6] vs [.6,1.8] mm"
13.975165784358978,0.003462274558842182,0.0019914477597922087,0.0014708267990499735,"EVF-weighted; material s [-1.8,-.6] vs [.6,1.8] mm"
14.000175520777702,0.0035572368651628494,0.0018710937583819032,0.0016861431067809463,"EVF-weighted; material s [-1.8,-.6] vs [.6,1.8] mm"
14.025074429810047,0.003393369959667325,0.0019357451237738132,0.0014576248358935118,"EVF-weighted; material s [-1.8,-.6] vs [.6,1.8] mm"
14.050168916583061,0.0034466604702174664,0.002007733564823866,0.0014389269053936005,"EVF-weighted; material s [-1.8,-.6] vs [.6,1.8] mm"
14.075101353228092,0.003512068884447217,0.002070003654807806,0.001442065229639411,"EVF-weighted; material s [-1.8,-.6] vs [.6,1.8] mm"
14.100144617259502,0.0036528976634144783,0.001930045778863132,0.0017228518845513463,"EVF-weighted; material s [-1.8,-.6] vs [.6,1.8] mm"
14.125145971775055,0.003751612501218915,0.002016710815951228,0.0017349016852676868,"EVF-weighted; material s [-1.8,-.6] vs [.6,1.8] mm"
14.150000177323818,0.0034698443487286568,0.0019327631453052163,0.0015370812034234405,"EVF-weighted; material s [-1.8,-.6] vs [.6,1.8] mm"
14.175168238580227,0.0038247117772698402,0.002520970068871975,0.0013037417083978653,"EVF-weighted; material s [-1.8,-.6] vs [.6,1.8] mm"
14.200128614902496,0.0038002883084118366,0.002561138244345784,0.0012391500640660524,"EVF-weighted; material s [-1.8,-.6] vs [.6,1.8] mm"
14.225088991224766,0.0037325548473745584,0.002425989368930459,0.0013065654784440994,"EVF-weighted; material s [-1.8,-.6] vs [.6,1.8] mm"
14.25015740096569,0.0035915521439164877,0.0024788801092654467,0.001112672034651041,"EVF-weighted; material s [-1.8,-.6] vs [.6,1.8] mm"
14.275075867772102,0.003489845432341099,0.002213038969784975,0.0012768064625561237,"EVF-weighted; material s [-1.8,-.6] vs [.6,1.8] mm"
14.300051145255566,0.003135745180770755,0.0023318829480558634,0.0008038622327148914,"EVF-weighted; material s [-1.8,-.6] vs [.6,1.8] mm"
14.325149357318878,0.0028892967384308577,0.0021090898662805557,0.0007802068721503019,"EVF-weighted; material s [-1.8,-.6] vs [.6,1.8] mm"
14.35005757957697,0.002594745485112071,0.0022336668334901333,0.00036107865162193775,"EVF-weighted; material s [-1.8,-.6] vs [.6,1.8] mm"
14.375057071447372,0.002532821148633957,0.0025302793364971876,2.5418121367692947e-06,"EVF-weighted; material s [-1.8,-.6] vs [.6,1.8] mm"
14.40010592341423,0.0029137665405869484,0.0025201095268130302,0.00039365701377391815,"EVF-weighted; material s [-1.8,-.6] vs [.6,1.8] mm"
14.425061643123627,0.0032812238205224276,0.0025585032999515533,0.0007227205205708742,"EVF-weighted; material s [-1.8,-.6] vs [.6,1.8] mm"
14.45006299763918,0.0035833390429615974,0.0024606348015367985,0.001122704241424799,"EVF-weighted; material s [-1.8,-.6] vs [.6,1.8] mm"
14.475053176283836,0.003481619991362095,0.0025575736071914434,0.0009240463841706514,"EVF-weighted; material s [-1.8,-.6] vs [.6,1.8] mm"
14.500078745186329,0.0037976487074047327,0.002462200354784727,0.0013354483526200056,"EVF-weighted; material s [-1.8,-.6] vs [.6,1.8] mm"
14.525156468153,0.00375505187548697,0.00264331279322505,0.00111173908226192,"EVF-weighted; material s [-1.8,-.6] vs [.6,1.8] mm"
14.550034888088703,0.003835944924503565,0.002522033639252186,0.001313911285251379,"EVF-weighted; material s [-1.8,-.6] vs [.6,1.8] mm"
14.57503717392683,0.003700427943840623,0.002483139280229807,0.001217288663610816,"EVF-weighted; material s [-1.8,-.6] vs [.6,1.8] mm"
14.600129798054695,0.0036285435780882835,0.0022685732692480087,0.0013599703088402748,"EVF-weighted; material s [-1.8,-.6] vs [.6,1.8] mm"
14.6251255646348,0.0034856253769248724,0.0023702061735093594,0.001115419203415513,"EVF-weighted; material s [-1.8,-.6] vs [.6,1.8] mm"
14.650117605924606,0.0034618910867720842,0.0022456899750977755,0.0012162011116743088,"EVF-weighted; material s [-1.8,-.6] vs [.6,1.8] mm"
14.675029553472996,0.003386419266462326,0.002064791740849614,0.001321627525612712,"EVF-weighted; material s [-1.8,-.6] vs [.6,1.8] mm"
14.700045809149742,0.003249053843319416,0.002001571236178279,0.0012474826071411371,"EVF-weighted; material s [-1.8,-.6] vs [.6,1.8] mm"
14.725116081535816,0.002969204680994153,0.0021402931306511164,0.0008289115503430367,"EVF-weighted; material s [-1.8,-.6] vs [.6,1.8] mm"
14.750146307051182,0.002928583649918437,0.0021519542206078768,0.0007766294293105602,"EVF-weighted; material s [-1.8,-.6] vs [.6,1.8] mm"
14.775123447179794,0.0027824838180094957,0.0022900737822055817,0.0004924100358039141,"EVF-weighted; material s [-1.8,-.6] vs [.6,1.8] mm"
14.8001778870821,0.0026250972878187895,0.002299776067957282,0.0003253212198615074,"EVF-weighted; material s [-1.8,-.6] vs [.6,1.8] mm"
14.825152233242989,0.0027633041609078646,0.0021998730953782797,0.0005634310655295849,"EVF-weighted; material s [-1.8,-.6] vs [.6,1.8] mm"
14.850146137177944,0.002978724893182516,0.0019121738150715828,0.0010665510781109333,"EVF-weighted; material s [-1.8,-.6] vs [.6,1.8] mm"
14.875095337629318,0.003161763772368431,0.0019583848770707846,0.0012033788952976465,"EVF-weighted; material s [-1.8,-.6] vs [.6,1.8] mm"
14.900038950145245,0.0030899797566235065,0.0019768786150962114,0.0011131011415272951,"EVF-weighted; material s [-1.8,-.6] vs [.6,1.8] mm"
14.925003983080387,0.0030263024382293224,0.001953607192263007,0.0010726952459663153,"EVF-weighted; material s [-1.8,-.6] vs [.6,1.8] mm"
14.950030483305454,0.0030675246380269527,0.002085099695250392,0.0009824249427765608,"EVF-weighted; material s [-1.8,-.6] vs [.6,1.8] mm"
14.975091442465782,0.0030928966589272022,0.001978339161723852,0.00111455749720335,"EVF-weighted; material s [-1.8,-.6] vs [.6,1.8] mm"
15.000034123659134,0.0030578861478716135,0.002024822635576129,0.0010330635122954845,"EVF-weighted; material s [-1.8,-.6] vs [.6,1.8] mm"
15.025166794657707,0.0029535703361034393,0.0020277085714042187,0.0009258617646992207,"EVF-weighted; material s [-1.8,-.6] vs [.6,1.8] mm"
15.050044283270836,0.003191404975950718,0.0018496407428756356,0.0013417642330750823,"EVF-weighted; material s [-1.8,-.6] vs [.6,1.8] mm"
15.075108036398888,0.003140854649245739,0.0018627617973834276,0.0012780928518623114,"EVF-weighted; material s [-1.8,-.6] vs [.6,1.8] mm"
15.100114047527313,0.0035027037374675274,0.002139317337423563,0.0013633864000439644,"EVF-weighted; material s [-1.8,-.6] vs [.6,1.8] mm"
15.125020407140255,0.003995971288532019,0.0020384658128023148,0.001957505475729704,"EVF-weighted; material s [-1.8,-.6] vs [.6,1.8] mm"
15.150058083236217,0.004391306545585394,0.0019341083243489265,0.0024571982212364674,"EVF-weighted; material s [-1.8,-.6] vs [.6,1.8] mm"
15.175160020589828,0.0035454840399324894,0.0021842264104634523,0.001361257629469037,"EVF-weighted; material s [-1.8,-.6] vs [.6,1.8] mm"
15.200012363493443,0.0035695666447281837,0.0021704777609556913,0.0013990888837724924,"EVF-weighted; material s [-1.8,-.6] vs [.6,1.8] mm"
15.225120820105076,0.003623542608693242,0.002425464568659663,0.0011980780400335789,"EVF-weighted; material s [-1.8,-.6] vs [.6,1.8] mm"
15.250024385750294,0.003244049847126007,0.0023658107966184616,0.0008782390505075455,"EVF-weighted; material s [-1.8,-.6] vs [.6,1.8] mm"
15.275044366717339,0.0026951669715344906,0.002654876559972763,4.0290411561727524e-05,"EVF-weighted; material s [-1.8,-.6] vs [.6,1.8] mm"
15.30012208968401,0.0019442327320575714,0.0028437720611691475,-0.0008995393291115761,"EVF-weighted; material s [-1.8,-.6] vs [.6,1.8] mm"
15.325012616813183,0.0021206156816333532,0.0029259577859193087,-0.0008053421042859554,"EVF-weighted; material s [-1.8,-.6] vs [.6,1.8] mm"
15.350045636296272,0.0023332785349339247,0.0028243488632142544,-0.0004910703282803297,"EVF-weighted; material s [-1.8,-.6] vs [.6,1.8] mm"
15.375178307294846,0.002116556977853179,0.002592487260699272,-0.0004759302828460932,"EVF-weighted; material s [-1.8,-.6] vs [.6,1.8] mm"
15.400017611682415,0.002113047055900097,0.0023916757199913263,-0.00027862866409122944,"EVF-weighted; material s [-1.8,-.6] vs [.6,1.8] mm"
15.425039455294609,0.002242541406303644,0.0021519067231565714,9.063468314707279e-05,"EVF-weighted; material s [-1.8,-.6] vs [.6,1.8] mm"
15.450051985681057,0.002185732126235962,0.0016024502692744136,0.0005832818569615483,"EVF-weighted; material s [-1.8,-.6] vs [.6,1.8] mm"
15.47508966177702,0.002580771455541253,0.0014549234183505177,0.0011258480371907353,"EVF-weighted; material s [-1.8,-.6] vs [.6,1.8] mm"
15.500061213970184,0.002336269011721015,0.0019245283911004663,0.0004117406206205487,"EVF-weighted; material s [-1.8,-.6] vs [.6,1.8] mm"
15.525143593549728,0.002610083669424057,0.0019512024009600282,0.0006588812684640288,"EVF-weighted; material s [-1.8,-.6] vs [.6,1.8] mm"
15.550167299807072,0.0028005430940538645,0.0019856311846524477,0.0008149119094014168,"EVF-weighted; material s [-1.8,-.6] vs [.6,1.8] mm"
15.5751658603549,0.002695251489058137,0.0020015735644847155,0.0006936779245734215,"EVF-weighted; material s [-1.8,-.6] vs [.6,1.8] mm"
15.600025653839111,0.0028084556106477976,0.0020328655373305082,0.0007755900733172894,"EVF-weighted; material s [-1.8,-.6] vs [.6,1.8] mm"
15.625117346644402,0.0029142864514142275,0.0019260885892435908,0.0009881978621706367,"EVF-weighted; material s [-1.8,-.6] vs [.6,1.8] mm"
15.65004512667656,0.0028937601018697023,0.0021729497238993645,0.0007208103779703379,"EVF-weighted; material s [-1.8,-.6] vs [.6,1.8] mm"
15.675103291869164,0.0029976223595440388,0.001857074210420251,0.0011405481491237879,"EVF-weighted; material s [-1.8,-.6] vs [.6,1.8] mm"
15.700062736868858,0.0032403464429080486,0.0015420140698552132,0.0016983323730528355,"EVF-weighted; material s [-1.8,-.6] vs [.6,1.8] mm"
15.725106000900269,0.002841600915417075,0.0015744752017781138,0.0012671257136389613,"EVF-weighted; material s [-1.8,-.6] vs [.6,1.8] mm"
15.750126913189888,0.002621055580675602,0.00158921058755368,0.001031844993121922,"EVF-weighted; material s [-1.8,-.6] vs [.6,1.8] mm"
15.775011852383614,0.0023249138612300158,0.0015480595175176859,0.0007768543437123299,"EVF-weighted; material s [-1.8,-.6] vs [.6,1.8] mm"
15.800133347511292,0.0020382620859891176,0.0016365294577553868,0.0004017326282337308,"EVF-weighted; material s [-1.8,-.6] vs [.6,1.8] mm"
15.825038775801659,0.0022973509039729834,0.0013635637005791068,0.0009337872033938766,"EVF-weighted; material s [-1.8,-.6] vs [.6,1.8] mm"
15.850134193897247,0.0022347248159348965,0.0012062744935974479,0.0010284503223374486,"EVF-weighted; material s [-1.8,-.6] vs [.6,1.8] mm"
15.875071287155151,0.0022459570318460464,0.001189912436529994,0.0010560445953160524,"EVF-weighted; material s [-1.8,-.6] vs [.6,1.8] mm"
15.900030732154846,0.0020721987821161747,0.0013889670372009277,0.000683231744915247,"EVF-weighted; material s [-1.8,-.6] vs [.6,1.8] mm"
15.925146639347076,0.002072035102173686,0.0014656593557447195,0.0006063757464289665,"EVF-weighted; material s [-1.8,-.6] vs [.6,1.8] mm"
15.950119122862816,0.002085288753733039,0.0014961475972086191,0.0005891411565244198,"EVF-weighted; material s [-1.8,-.6] vs [.6,1.8] mm"
15.97508229315281,0.002284325659275055,0.0012865625321865082,0.0009977631270885468,"EVF-weighted; material s [-1.8,-.6] vs [.6,1.8] mm"
16.00017584860325,0.002095041563734412,0.0011803923407569528,0.0009146492229774594,"EVF-weighted; material s [-1.8,-.6] vs [.6,1.8] mm"
16.025036573410034,0.0023080268874764442,0.0010747257620096207,0.0012333011254668236,"EVF-weighted; material s [-1.8,-.6] vs [.6,1.8] mm"
16.050072386860847,0.002342789201065898,0.0011529980693012476,0.0011897911317646503,"EVF-weighted; material s [-1.8,-.6] vs [.6,1.8] mm"
16.07513800263405,0.002408487955108285,0.0011926585575565696,0.0012158293975517154,"EVF-weighted; material s [-1.8,-.6] vs [.6,1.8] mm"
16.10015518963337,0.0021896169055253267,0.0012587986420840025,0.0009308182634413242,"EVF-weighted; material s [-1.8,-.6] vs [.6,1.8] mm"
16.125161200761795,0.0022698254324495792,0.0011730445548892021,0.0010967808775603771,"EVF-weighted; material s [-1.8,-.6] vs [.6,1.8] mm"
16.150081530213356,0.002168773440644145,0.0014250101521611214,0.0007437632884830236,"EVF-weighted; material s [-1.8,-.6] vs [.6,1.8] mm"
16.1751676350832,0.00230076489970088,0.0015386802842840552,0.0007620846154168248,"EVF-weighted; material s [-1.8,-.6] vs [.6,1.8] mm"
16.200101003050804,0.002062692306935787,0.0016549534630030394,0.00040773884393274784,"EVF-weighted; material s [-1.8,-.6] vs [.6,1.8] mm"
16.225114464759827,0.0019854085985571146,0.0014735352015122771,0.0005118733970448375,"EVF-weighted; material s [-1.8,-.6] vs [.6,1.8] mm"
16.2501260638237,0.0021114780101925135,0.0016354948747903109,0.0004759831354022026,"EVF-weighted; material s [-1.8,-.6] vs [.6,1.8] mm"
16.275079920887947,0.0021059755235910416,0.0016382737085223198,0.00046770181506872177,"EVF-weighted; material s [-1.8,-.6] vs [.6,1.8] mm"
16.300110146403313,0.002005547285079956,0.0016683968715369701,0.0003371504135429859,"EVF-weighted; material s [-1.8,-.6] vs [.6,1.8] mm"
16.325142234563828,0.0019832232501357794,0.0016109158750623465,0.0003723073750734329,"EVF-weighted; material s [-1.8,-.6] vs [.6,1.8] mm"
16.350073739886284,0.0022309424821287394,0.0015646052779629827,0.0006663372041657567,"EVF-weighted; material s [-1.8,-.6] vs [.6,1.8] mm"
16.375161707401276,0.0025196245405822992,0.0012819675030186772,0.001237657037563622,"EVF-weighted; material s [-1.8,-.6] vs [.6,1.8] mm"
16.400068998336792,0.0027241569478064775,0.0011546729365363717,0.0015694840112701058,"EVF-weighted; material s [-1.8,-.6] vs [.6,1.8] mm"
16.42509736120701,0.0027054983656853437,0.0012205905513837934,0.0014849078143015504,"EVF-weighted; material s [-1.8,-.6] vs [.6,1.8] mm"
16.450125724077225,0.0029660791624337435,0.001402786816470325,0.0015632923459634185,"EVF-weighted; material s [-1.8,-.6] vs [.6,1.8] mm"
16.475001350045204,0.0031934333965182304,0.0015875534154474735,0.001605879981070757,"EVF-weighted; material s [-1.8,-.6] vs [.6,1.8] mm"
16.500135883688927,0.003144272370263934,0.00205760239623487,0.0010866699740290642,"EVF-weighted; material s [-1.8,-.6] vs [.6,1.8] mm"
16.52516983449459,0.003134901402518153,0.0017045862041413784,0.0014303151983767748,"EVF-weighted; material s [-1.8,-.6] vs [.6,1.8] mm"
16.55014231801033,0.0030138003639876842,0.001756806974299252,0.0012569933896884322,"EVF-weighted; material s [-1.8,-.6] vs [.6,1.8] mm"
16.575168818235397,0.0032505118288099766,0.0017946598818525672,0.0014558519469574094,"EVF-weighted; material s [-1.8,-.6] vs [.6,1.8] mm"
16.60008728504181,0.003273756243288517,0.0018817780073732138,0.0013919782359153032,"EVF-weighted; material s [-1.8,-.6] vs [.6,1.8] mm"
16.62510633468628,0.002980661578476429,0.001869798987172544,0.001110862591303885,"EVF-weighted; material s [-1.8,-.6] vs [.6,1.8] mm"
16.65002480149269,0.0023826644755899906,0.0018521965248510242,0.0005304679507389665,"EVF-weighted; material s [-1.8,-.6] vs [.6,1.8] mm"
16.66666753590107,0.0024603873025625944,0.001955749001353979,0.0005046383012086153,"EVF-weighted; material s [-1.8,-.6] vs [.6,1.8] mm"
