event,start_s,end_s,duration_us,peak_force_N,sector_deg,sector_bin_30deg,true_separation_after
1,0.0011664977064356208,0.0011677975999191403,1.4016404747962952,4.426682669511168,248.6162687547154,8,1
2,0.0012653974117711186,0.0012667974224314094,1.501757651567459,2.5760819414969647,68.66102196532646,2,1
3,0.001804196392185986,0.0018055964028462768,1.501757651567459,1.4585527054247176,98.7607590030264,3,1
4,0.0021106956992298365,0.002112095709890127,1.501757651567459,0.6940415524603907,96.05259535555341,3,1
5,0.0022941953502595425,0.002295595360919833,1.501757651567459,0.40447034080367456,95.95265989646994,3,1
6,0.002383295213803649,0.002384495222941041,1.3015232980251312,1.4578398203246015,320.76545790127693,11,1
7,0.002567894756793976,0.0025692947674542665,1.501757651567459,0.6989955001561317,80.75259984518878,3,1
8,0.002786994446069002,0.002794794272631407,7.909256964921951,1.0362036525695482,308.78402863161574,10,1
9,0.0030088939238339663,0.0030101940501481295,1.4016404747962952,0.7650455574591021,275.70819608368384,9,1
10,0.0031216936185956,0.003123093629255891,1.501757651567459,0.4649237589822435,65.79745962993906,2,1
11,0.003222493454813957,0.0032236934639513493,1.3015232980251312,0.5997217548490491,260.75776281625457,9,1
12,0.0034305930603295565,0.0034318931866437197,1.4016404747962952,0.3338101425216986,260.8412457504087,9,1
13,0.0035476929042488337,0.003548992797732353,1.4016404747962952,0.19187758607649216,260.7747933926671,9,1
14,0.0035759927704930305,0.0035774928983300924,1.601874828338623,0.4764797414318963,84.17412738840217,3,1
15,0.003731592558324337,0.0037328924518078566,1.4016404747962952,0.2663240780457912,264.1746345427057,9,1
16,0.003779192455112934,0.0037806923501193523,1.601874828338623,0.20477906638850404,84.23820981816591,3,1
17,0.0038620922714471817,0.003865992184728384,4.004687070846558,0.1165343879275191,84.4780785822122,3,1
18,0.0038900922518223524,0.003891492262482643,1.501757651567459,0.4417682529752017,99.26455088714297,3,1
19,0.004003392066806555,0.004004791844636202,1.501757651567459,0.22938518217150358,99.21273934136812,3,0
20,0.004011091776192188,0.0040123919025063515,1.4016404747962952,0.4987789161963102,279.2629809732779,9,1
21,0.004112191963940859,0.004113691858947277,1.601874828338623,0.542525096721539,114.20443455941319,4,1
22,0.0042439913377165794,0.004245291464030743,1.4016404747962952,0.30136342298236735,279.2450216651977,9,1
23,0.004294091369956732,0.0042993915267288685,5.406327545642853,0.5844012628093374,150.33877413521932,5,1
24,0.004490290768444538,0.004491791129112244,1.601874828338623,0.32562936284897903,129.22012722340764,4,1
25,0.004525491036474705,0.004526890814304352,1.501757651567459,0.4025061530414941,144.18332211495377,5,1
26,0.004586390685290098,0.004588290583342314,2.002343535423279,0.47569518145539846,306.02370170839856,10,1
27,0.004749290645122528,0.004750590305775404,1.4016404747962952,0.3071932387509054,309.1692296817456,10,1
28,0.004829490091651678,0.0048308903351426125,1.501757651567459,0.6751995384268367,159.05762854932598,5,1
29,0.004906489979475737,0.0049077901057899,1.4016404747962952,0.16056681178728494,306.95213627449755,10,1
30,0.004953490104526281,0.0049547902308404446,1.4016404747962952,0.09369982504923252,306.3668610753283,10,1
31,0.004979489836841822,0.004980789963155985,1.4016404747962952,0.04943327171269251,306.21708880724714,10,0
32,0.004994189832359552,0.004995590075850487,1.501757651567459,0.027671087426903353,306.08021961101525,10,0
33,0.005002089776098728,0.005145189817994833,143.36779713630676,0.09829028889554421,305.8464678339762,10,1
34,0.00518948957324028,0.005190789699554443,1.4016404747962952,0.09029831497242448,305.67534093882216,10,1
35,0.005214589647948742,0.005215989425778389,1.501757651567459,0.04741246814512003,305.6110678915174,10,0
36,0.005227489396929741,0.005341789219528437,114.53405022621155,0.273283732135277,192.37645453581268,6,1
37,0.005422588903456926,0.0054238890297710896,1.4016404747962952,0.1592945248304297,305.7793870161471,10,1
38,0.005468688905239105,0.005469989031553268,1.4016404747962952,0.09050749144676158,305.662786627582,10,1
39,0.0054942891001701355,0.0054956888779997826,1.501757651567459,0.046660431492726286,305.6571677492606,10,0
40,0.005507688969373703,0.00560188852250576,94.4104976952076,0.1681585462557329,213.513544377107,7,1
41,0.0056517887860536575,0.0056552886962890625,3.604218363761902,0.2118240517042299,151.12211197935954,5,1
42,0.005729288328438997,0.005731288343667984,2.1024607121944427,0.11818911025788223,218.63933419707809,7,1
43,0.005771588534116745,0.005772988311946392,1.501757651567459,0.07567730585160322,305.642198734532,10,0
44,0.0057851881720125675,0.005786688532680273,1.601874828338623,0.06801548843840208,140.7719839026394,5,0
45,0.005801888182759285,0.005803288426250219,1.501757651567459,0.04060136352752905,305.584808471044,10,0
46,0.005812888499349356,0.005891288165003061,78.5919837653637,0.09083095930385574,275.66640692393105,9,1
47,0.005925588309764862,0.005926988087594509,1.501757651567459,0.06402721167167673,140.7683281753365,5,1
48,0.005948188249021769,0.005949688144028187,1.601874828338623,0.03736917687159739,140.787362416581,5,0
49,0.00596128823235631,0.005965888034552336,4.705507308244705,0.09082746087537545,280.8693499796228,9,1
50,0.005986988078802824,0.005988487973809242,1.601874828338623,0.0393012007591017,140.8013426555289,5,0
51,0.005999087821692228,0.006060387939214706,61.47194653749466,0.15670969463980453,136.6887729225115,5,1
52,0.006137387827038765,0.006138687487691641,1.4016404747962952,0.1265299552603067,290.82399573202554,10,1
53,0.0061820875853300095,0.006187687627971172,5.706679075956345,0.15103103422865471,136.11943792022993,5,1
54,0.00621308758854866,0.0062145874835550785,1.601874828338623,0.1355985377636678,125.77357765494665,4,1
55,0.006259087473154068,0.006260587368160486,1.601874828338623,0.07541640612889267,125.77466150880566,4,0
56,0.00627658748999238,0.006277887150645256,1.4016404747962952,0.09887054184462364,290.83409812604,10,1
57,0.006299487315118313,0.006300887558609247,1.501757651567459,0.05100102008222631,125.75050758326326,4,0
58,0.006317887455224991,0.00632108747959137,3.30386683344841,0.030214068277824767,252.62602808720982,8,0
59,0.00633738748729229,0.006342387292534113,5.105976015329361,0.027067644580034477,174.65341784224285,6,0
60,0.006350987125188112,0.006464287173002958,113.53287845849991,0.056867678610127585,256.09433677697007,9,1
61,0.006488986779004335,0.006490487139672041,1.601874828338623,0.04456033363489864,125.80574709740068,4,0
62,0.006504986900836229,0.006506586913019419,1.701992005109787,0.025131527698291245,125.80266010544725,4,0
63,0.006513986736536026,0.0065214866772294044,7.6089054346084595,0.04069977763522862,289.05574926689826,10,0
64,0.006532286759465933,0.006533786654472351,1.601874828338623,0.02137529251968011,125.79202630422907,4,0
65,0.006540386937558651,0.006552787031978369,12.514647096395493,0.021236699663386236,222.33181045998987,7,0
66,0.006558686960488558,0.006619086489081383,60.570891946554184,0.0927707204289572,304.03850243947664,10,1
67,0.0066603864543139935,0.006661886814981699,1.601874828338623,0.07237170663242304,125.8021587685523,4,1
68,0.006685586646199226,0.00669328635558486,7.809139788150787,0.09103783301222296,311.2944216122122,10,0
69,0.006703686434775591,0.006726886611431837,23.327302187681198,0.1920095688781712,321.83259627657424,11,1
70,0.006789186503738165,0.006790586281567812,1.501757651567459,0.11831559622827063,126.05206555868368,4,1
71,0.006829786114394665,0.006831086240708828,1.4016404747962952,0.16855332556905525,324.1819085343527,11,0
72,0.006842286325991154,0.006843786220997572,1.601874828338623,0.03172445781333253,127.35506495347616,4,0
73,0.006854186300188303,0.006855786312371492,1.701992005109787,0.01842307832618106,127.88089129922226,4,0
74,0.006861086003482342,0.006893486250191927,32.53808245062828,0.06436791261041112,6.2273554208489275,0,1
75,0.006915885955095291,0.006917386315762997,1.601874828338623,0.03972352267711317,128.99517163653107,4,0
76,0.006926086265593767,0.006927486043423414,1.501757651567459,0.05114758182923171,324.2265340215056,11,0
77,0.006937786005437374,0.007212285418063402,274.9217674136162,0.2717474121055489,28.781039760214377,1,1
78,0.0072922855615615845,0.00729358522221446,1.4016404747962952,0.16142548737336562,339.3076237212422,11,1
79,0.0073370854370296,0.007338385097682476,1.4016404747962952,0.08544107277419585,339.25862984629856,11,1
80,0.007362185046076775,0.007363485172390938,1.4016404747962952,0.047320721577091926,339.2538809265393,11,0
81,0.007376485038548708,0.007379584945738316,3.203749656677246,0.20850563970117975,142.20472196430615,5,1
82,0.007433485239744186,0.0074393851682543755,6.007030606269836,0.10542973352572785,339.24158781525506,11,0
83,0.007455285172909498,0.007487785071134567,32.638199627399445,0.21015717998070924,359.894358627205,0,1
84,0.007537684869021177,0.007539084646850824,1.501757651567459,0.09999706359828892,143.67861392797568,5,1
85,0.0075704846531152725,0.007571884896606207,1.501757651567459,0.059540489527144684,143.7695833782167,5,0
86,0.00759048480540514,0.007596284616738558,5.9069134294986725,0.1100424221428983,144.01911054689268,5,1
87,0.007629884872585535,0.0076327845454216,3.003515303134918,0.1069271357408819,12.46174503874736,0,1
88,0.007681884337216616,0.007683384697884321,1.601874828338623,0.09306833859881847,144.1272306636181,5,0
89,0.007692784536629915,0.0076940846629440784,1.4016404747962952,0.0794319257655854,354.2874718898665,0,1
90,0.007717184256762266,0.007725084666162729,8.009374141693115,0.05569179648137037,106.21344830864612,4,0
91,0.00773918442428112,0.007743284571915865,4.2049214243888855,0.03243226882520503,46.08305462979321,2,0
92,0.007749284617602825,0.00778038427233696,31.23655915260315,0.08556593728631415,150.23207293270596,5,1
93,0.007817684672772884,0.007819084450602531,1.501757651567459,0.06861580726416161,354.2171389464215,0,0
94,0.007838284596800804,0.007846184074878693,8.009374141693115,0.08716069488925814,150.58796701020384,5,1
95,0.007867584004998207,0.007868983782827854,1.501757651567459,0.042965717549096255,354.2335840421334,0,0
96,0.00787438452243805,0.00787588395178318,1.601874828338623,0.04016052564111077,159.10647775947314,5,0
97,0.007887084037065506,0.007889283820986748,2.3026950657367706,0.018065959282831084,46.29385335346532,2,0
98,0.007895884104073048,0.00866888277232647,774.0058936178684,0.06273670982101164,81.07297369482183,3,1
99,0.008693482726812363,0.008694982156157494,1.601874828338623,0.047977746747084604,155.8117401584353,5,0
100,0.008709382265806198,0.008714482188224792,5.206093192100525,0.06197054769746249,6.155784582058525,0,0
101,0.008731182664632797,0.008733781985938549,2.7031637728214264,0.03401480921968441,126.65153987992248,4,0
102,0.008740382269024849,0.008832582272589207,92.40815415978432,0.06334389673116744,137.43097617455746,5,1
103,0.0088571822270751,0.008858482353389263,1.4016404747962952,0.05113508859715391,350.80738354700725,0,0
104,0.00887278188019991,0.008874082006514072,1.4016404747962952,0.029299794858870423,350.77123631698515,0,0
105,0.008881881833076477,0.008884882554411888,3.103632479906082,0.06173932117836003,150.90727659619466,5,0
106,0.008901182562112808,0.008906882256269455,5.8067962527275085,0.03541846465445015,31.524973200996833,1,0
107,0.008913482539355755,0.009333581663668156,420.6923767924309,0.06200923283266616,29.015852115489807,1,1
108,0.009360481053590775,0.00936198141425848,1.601874828338623,0.051637010791505324,159.24232085289518,5,0
109,0.00937758106738329,0.009379780851304531,2.3026950657367706,0.03560467880998525,334.2150012077204,11,0
110,0.009394681081175804,0.00939618144184351,1.601874828338623,0.02874929970764331,159.2109695370347,5,0
111,0.009403080679476261,0.009583980776369572,181.21208995580673,0.11273475362232127,181.01947111550672,6,1
112,0.00962998066097498,0.009631380438804626,1.501757651567459,0.08713933752730785,338.24623121756457,11,1
113,0.009655280970036983,0.00965668074786663,1.501757651567459,0.04448935584469238,339.0019616471689,11,0
114,0.009667380712926388,0.009668880142271519,1.601874828338623,0.11863320899735558,174.1924050213095,6,0
115,0.009686180390417576,0.009687580168247223,1.501757651567459,0.03493644080439755,338.93626621936755,11,0
116,0.009697080589830875,0.009713680483400822,16.719568520784378,0.04223257878457406,195.56993711813593,7,0
117,0.009726080112159252,0.009727480821311474,1.501757651567459,0.02696353046856177,339.1639462236176,11,0
118,0.009734280407428741,0.009738480672240257,4.305038601160049,0.033450909722034586,183.8686481403477,6,0
119,0.00974568072706461,0.009844380430877209,98.91577064990997,0.05442297210044605,322.3246102205672,11,1
120,0.009865780360996723,0.009867279790341854,1.601874828338623,0.04416703575992965,174.24465656392874,6,0
121,0.009879980236291885,0.009881880134344101,2.002343535423279,0.028138344055230514,354.24340057719655,0,0
122,0.009891579858958721,0.00989317987114191,1.701992005109787,0.020104725707884106,174.22126499698922,6,0
123,0.009898380376398563,0.010090279392898083,192.22497940063477,0.1513786069637769,189.66790637722858,6,1
124,0.01014947984367609,0.010150779969990253,1.4016404747962952,0.12450457118403663,354.23100206830793,0,1
125,0.010184279642999172,0.010185579769313335,1.4016404747962952,0.0699031057394686,354.2584626817431,0,0
126,0.010204079560935497,0.010208179242908955,4.2049214243888855,0.15158684073596498,193.55558066967941,6,1
127,0.010246179066598415,0.010247479192912579,1.4016404747962952,0.0832676367229553,354.2743640952031,0,0
128,0.010256179608404636,0.010257679037749767,1.601874828338623,0.06285022399986338,189.2097361750385,6,0
129,0.010276179760694504,0.010281478986144066,5.406327545642853,0.04272348539575125,281.8384884138687,9,0
130,0.010292178951203823,0.010599078610539436,307.3597326874733,0.11813438534136142,230.74284840177882,8,1
131,0.010638078674674034,0.010639478452503681,1.501757651567459,0.08044835421651726,354.1835907881541,0,0
132,0.010659478604793549,0.010660878382623196,1.501757651567459,0.040897428125376015,354.20405823455593,0,0
133,0.010670778341591358,0.01070447824895382,33.83960574865341,0.097646919694555,352.64723965623153,0,1
134,0.01072807889431715,0.010729578323662281,1.601874828338623,0.04270594049571492,204.23210524395415,7,0
135,0.010742578655481339,0.01074407808482647,1.601874828338623,0.024311101165994282,204.22097979979256,7,0
136,0.010751278139650822,0.010769478045403957,18.321443349123,0.0755891151313519,358.24738284418686,0,1
137,0.010794678702950478,0.010796178132295609,1.601874828338623,0.048005440055201645,204.2340683681321,7,0
138,0.010805577971041203,0.010806978680193424,1.501757651567459,0.05773772362794382,9.185615427105073,0,0
139,0.010818677954375744,0.010824178345501423,5.606561899185181,0.02975353696697955,231.8182691668047,8,0
140,0.01082947850227356,0.011924776248633862,1096.6835543513298,0.04116046175686729,287.18359116630603,10,0
141,0.011938775889575481,0.011940175667405128,1.501757651567459,0.03146568193859738,9.169410006091622,0,0
142,0.011947776190936565,0.011958075687289238,10.41218638420105,0.031345715444687346,213.89117243285583,7,0
143,0.011965176090598106,0.012144575826823711,179.71033230423927,0.09249131450248356,0.7302684959257267,0,1
144,0.012183175422251225,0.01218467578291893,1.601874828338623,0.07538544675568952,200.77440550302282,7,1
145,0.012206675484776497,0.012208875268697739,2.3026950657367706,0.05672324013431249,25.73614949740666,1,1
146,0.012231575325131416,0.012233075685799122,1.601874828338623,0.04511696810515399,200.7676922606826,7,0
147,0.012242775410413742,0.012244075536727905,1.4016404747962952,0.05441859936996396,24.13024735664182,1,0
148,0.012252075597643852,0.012253575026988983,1.601874828338623,0.02379130636316771,200.7904159191661,7,0
149,0.012260175310075283,0.012263474985957146,3.403984010219574,0.02696719128287179,29.65033598809827,1,0
150,0.012270275503396988,0.012987273745238781,717.9402746260166,0.11066136579574777,49.49056492848874,2,1
151,0.013031573966145515,0.013032973743975163,1.501757651567459,0.09075158995571157,204.24165314468982,7,1
152,0.013059173710644245,0.01310617383569479,47.155190259218216,0.12377582341484042,59.151101442447114,2,0
153,0.0131197739392519,0.01312127336859703,1.601874828338623,0.0290406844188959,204.2029621176277,7,0
154,0.01312827318906784,0.01356207299977541,434.40843001008034,0.09350141905528314,86.26310115548434,3,1
155,0.01359467301517725,0.01359617244452238,1.601874828338623,0.0654342629311316,204.26108897911135,7,0
156,0.013614772818982601,0.013616272248327732,1.601874828338623,0.03679081023468618,204.26668371828683,7,0
157,0.013626473024487495,0.013628572225570679,2.2025778889656067,0.06585555286730851,57.49149284772968,2,0
158,0.01364437211304903,0.013645872473716736,1.601874828338623,0.033613954865692096,204.28467238013604,7,0
159,0.013654972426593304,0.013667172752320766,12.314412742853165,0.040681022640365126,87.85283797810686,3,0
160,0.013676072470843792,0.013690072111785412,14.116521924734116,0.022527698046297156,154.56338567421705,5,0
161,0.013695872388780117,0.013920271769165993,224.76306185126305,0.08364704166696572,168.76480000676685,6,1
162,0.013952472247183323,0.01395387202501297,1.501757651567459,0.06599635982907903,54.21374464430579,2,0
163,0.0139705715700984,0.013971972279250622,1.501757651567459,0.03406550250006331,54.236070483031,2,0
164,0.013980171643197536,0.013983171433210373,3.103632479906082,0.058513348872958455,216.32660638057828,7,1
165,0.014004171825945377,0.014005571603775024,1.501757651567459,0.044742297115723625,54.23670864325376,2,0
166,0.014014971442520618,0.014318271540105343,303.7555143237114,0.048547770121307295,176.0602563023186,6,0
167,0.014331570826470852,0.014332870952785015,1.4016404747962952,0.031148344517357318,54.222591031834156,2,0
168,0.01434097159653902,0.014350071549415588,9.210780262947083,0.028399568000517596,199.76828225527984,7,0
169,0.014358671382069588,0.014628170989453793,269.915908575058,0.029989194071989494,112.21050790511649,4,0
170,0.014638670720160007,0.014640170149505138,1.601874828338623,0.024002525644376684,219.25497965414962,7,0
171,0.014646670781075954,0.014649470336735249,2.9033981263637543,0.020201639708381965,64.30605449688073,2,0
172,0.01465677097439766,0.014984370209276676,328.08398827910423,0.092437817860585,195.19100130701682,7,1
173,0.015021669678390026,0.01502296980470419,1.4016404747962952,0.08141096700020997,50.77678308585768,2,1
174,0.01504427008330822,0.015045669861137867,1.501757651567459,0.043220028495055955,50.788243590728236,2,0
175,0.015055269934237003,0.01505666971206665,1.501757651567459,0.10088413867283913,234.2254497157718,8,0
176,0.015069969929754734,0.015071270056068897,1.4016404747962952,0.03116636770146739,50.81166980572767,2,0
177,0.015079270116984844,0.01509786956012249,18.721912056207657,0.03694609839215414,248.0275161729679,8,0
178,0.015108269639313221,0.015109669417142868,1.501757651567459,0.024934201551594367,50.77424651186492,2,0
179,0.015115469694137573,0.015272269025444984,157.08385035395622,0.03019665989917157,7.485563895036849,0,0
180,0.015278569422662258,0.01549626886844635,218.05521100759506,0.02283728754076869,308.90989795287896,10,0
181,0.01550286915153265,0.015624568797647953,121.94272130727768,0.13193225344087753,249.24805227130435,8,1
182,0.015674768015742302,0.015676068142056465,1.4016404747962952,0.10581337324518404,52.662516024741315,2,1
183,0.015704568475484848,0.01570586860179901,1.4016404747962952,0.058445342745202564,52.93181774757057,2,0
184,0.01572156883776188,0.015725668519735336,4.2049214243888855,0.13942674851607534,253.79580246060777,8,1
185,0.01575956866145134,0.015760868787765503,1.4016404747962952,0.07233882466251285,52.96981057658226,2,0
186,0.01577186770737171,0.015778368338942528,6.60773366689682,0.06861653448578947,264.44694243084905,9,0
187,0.01578756794333458,0.015807967633008957,20.524021238088608,0.031637916020917124,342.76666024386543,11,0
188,0.015815868973731995,0.01635676622390747,541.6339263319969,0.08052623868016455,306.314456988778,10,1
189,0.016382867470383644,0.016384167596697807,1.4016404747962952,0.056490461101713414,54.214975029917305,2,0
190,0.016399167478084564,0.016400566324591637,1.501757651567459,0.03007303057926259,54.18373409927533,2,0
191,0.01640806719660759,0.016424067318439484,16.118865460157394,0.06249716102662687,282.3545060023847,9,0
192,0.016439666971564293,0.016440967097878456,1.4016404747962952,0.036017701249543586,54.26085545327948,2,0
193,0.016450166702270508,0.0164638664573431,13.816170394420624,0.03683510572697884,299.3759784824745,10,0
194,0.016471967101097107,0.01663626730442047,164.59263861179352,0.07595340830912058,24.5712573325755,1,1
195,0.01666746661067009,0.01666886731982231,1.501757651567459,0.0635753755634399,264.2318200833439,9,0
196,0.016684865579009056,0.016686266288161278,1.501757651567459,0.0798944109846756,69.20843058597835,2,0
197,0.016695667058229446,0.016697166487574577,1.601874828338623,0.02865670734624192,264.17485649435855,9,0
198,0.01670556701719761,0.017456965520977974,752.380583435297,0.06907553859760025,15.306931394037212,1,1
199,0.017484964802861214,0.017486464232206345,1.601874828338623,0.05617534570556605,260.81159312687055,9,0
200,0.017502764239907265,0.01750536449253559,2.7031637728214264,0.05016754389317183,86.74436854578018,3,1
201,0.017525464296340942,0.017528165131807327,2.8032809495925903,0.04182784683514761,253.0676201729058,8,0
202,0.01753566414117813,0.01869846321642399,1164.2626486718655,0.10628753996444168,129.63741048572066,4,1
203,0.018742462620139122,0.018743962049484253,1.601874828338623,0.08275796433315248,264.2005490811416,9,1
204,0.0187691617757082,0.01877216249704361,3.103632479906082,0.08354488506118747,230.13742824785302,8,1
205,0.01879926212131977,0.018800562247633934,1.4016404747962952,0.05794189375218934,99.28092844370416,3,0
206,0.018815461546182632,0.0188225619494915,7.208436727523804,0.069244844041279,253.73168589682427,8,0
207,0.01883596181869507,0.01883726194500923,1.4016404747962952,0.03273837395023984,99.22569931812032,3,0
208,0.018845662474632263,0.01888166181743145,36.14230081439018,0.05195154440566591,120.87713545272932,4,0
209,0.018891362473368645,0.019291460514068604,400.6689414381981,0.0889325193060383,151.0232991420959,5,1
210,0.019323861226439476,0.019325261935591698,1.501757651567459,0.06624503326461753,264.2277191045962,9,1
211,0.01934536173939705,0.01934686116874218,1.601874828338623,0.03769025671131212,264.17967789119047,9,0
212,0.019354360178112984,0.019355660304427147,1.4016404747962952,0.09653223233321051,114.19710572009882,4,0
213,0.019371461123228073,0.019372960552573204,1.601874828338623,0.03499460036767634,264.22072437887846,9,0
214,0.019382860511541367,0.019387261942029,4.505272954702377,0.04612214677415613,138.86431816939063,5,0
215,0.019397661089897156,0.019601261243224144,203.93868908286095,0.10409009255597491,236.6647862749892,8,1
216,0.019643360748887062,0.019644660875201225,1.4016404747962952,0.08625149835503738,114.15136930804948,4,1
217,0.01966845989227295,0.019669760018587112,1.4016404747962952,0.04829694059086163,114.08155367026451,4,0
218,0.019679561257362366,0.019681060686707497,1.601874828338623,0.11048126006590714,279.2452027210722,9,0
219,0.019699061289429665,0.019700460135936737,1.501757651567459,0.040820816749598386,114.15959358525376,4,0
220,0.019710561260581017,0.019720159471035004,9.711366146802902,0.050041579534642,259.2860440270034,9,0
221,0.019731760025024414,0.019737660884857178,6.007030606269836,0.0256527903431467,201.40681345591648,7,0
222,0.0197430606931448,0.02034935913980007,607.1105599403381,0.08599803254956787,235.35979106303947,8,1
223,0.02038365975022316,0.020384959876537323,1.4016404747962952,0.07174830559880999,110.86099155938616,4,0
224,0.02040455862879753,0.020405959337949753,1.501757651567459,0.03890495752789808,110.84478226557292,4,0
225,0.020415758714079857,0.020418059080839157,2.4028122425079346,0.06287172219870704,294.62094265463696,10,0
226,0.02043635956943035,0.020437758415937424,1.501757651567459,0.039030050979009204,110.78976102094882,4,0
227,0.02044735848903656,0.020457159727811813,9.91160050034523,0.034123755605560926,298.95608260938286,10,0
228,0.020468758419156075,0.020470159128308296,1.501757651567459,0.027279632152486355,110.76084645567703,4,0
229,0.02047535963356495,0.02098945714533329,514.802522957325,0.051803196766890776,76.79336816910265,3,0
230,0.021008258685469627,0.02100975811481476,1.601874828338623,0.039990770171076315,294.28506258137696,10,0
231,0.021020857617259026,0.021027857437729836,7.10831955075264,0.05379655492014954,86.17140466268445,3,0
232,0.02103605680167675,0.021067457273602486,31.53691068291664,0.031206551201658158,302.3820919847618,10,0
233,0.021078357473015785,0.021079856902360916,1.601874828338623,0.022846713510776242,99.30000259987408,3,0
234,0.021085256710648537,0.02109275758266449,7.6089054346084595,0.022623213957073653,306.06337080741406,10,0
235,0.021098356693983078,0.021313857287168503,215.85263311862946,0.08094954221068247,328.3370684680931,11,1
236,0.021339556202292442,0.021340856328606606,1.4016404747962952,0.09803045349572911,114.15562905359054,4,1
237,0.021367957815527916,0.02136925794184208,1.4016404747962952,0.05503293256426265,114.20825006217717,4,0
238,0.02138405665755272,0.021386057138442993,2.1024607121944427,0.057335667049701874,311.0579593183167,10,0
239,0.021400656551122665,0.021402057260274887,1.501757651567459,0.03153902773456331,114.21323077287865,4,0
240,0.02140955626964569,0.0214297566562891,20.32378688454628,0.04104022191291075,347.20050601343064,0,0
241,0.02144075743854046,0.02144215628504753,1.501757651567459,0.025305949181340874,114.20262387079674,4,0
242,0.021448256447911263,0.0214555561542511,7.408671081066132,0.024351813443816515,324.774107955422,11,0
243,0.02146155759692192,0.022153055295348167,692.4103945493698,0.06958151782284785,7.64096291997243,0,1
244,0.022176556289196014,0.02217785455286503,1.4016404747962952,0.05143036077389287,114.2750978343845,4,0
245,0.02219155617058277,0.022192856296896935,1.4016404747962952,0.028074639240469056,114.23187761844859,4,0
246,0.02220035530626774,0.022210655733942986,10.41218638420105,0.05274233884303866,335.83124310945976,11,0
247,0.0222234558314085,0.022224854677915573,1.501757651567459,0.02695666710635158,114.17602838430055,4,0
248,0.022231854498386383,0.022245654836297035,13.916287571191788,0.03143766837927349,2.7346348649956127,0,0
249,0.02225295454263687,0.022280355915427208,27.532223612070084,0.09447579286150738,121.36944280404659,4,1
250,0.022319454699754715,0.022320955991744995,1.601874828338623,0.07376708634704744,324.21546145789694,11,1
251,0.022342655807733536,0.022375155240297318,32.638199627399445,0.10036610609329386,114.03944827547197,4,0
252,0.022384455427527428,0.022974854335188866,591.1919288337231,0.07237759299046874,79.3857448946531,3,1
253,0.0230056531727314,0.02300715446472168,1.601874828338623,0.05836059701674717,320.86801463894074,11,0
254,0.02302505448460579,0.023027153685688972,2.2025778889656067,0.03902992480392741,145.75110289616705,5,0
255,0.02304445393383503,0.02304595336318016,1.601874828338623,0.034798419263091004,320.7530358440918,11,0
256,0.02305365353822708,0.023054953664541245,1.4016404747962952,0.043740495386237074,144.27801185321385,5,0
257,0.023060454055666924,0.023835252970457077,775.8080027997494,0.03626574367088676,280.9102644594058,9,0
258,0.023846952244639397,0.02384835295379162,1.501757651567459,0.026256556653012256,144.19612614653383,5,0
259,0.023854952305555344,0.023868251591920853,13.415701687335968,0.02676002661050778,271.8562821171321,9,0
260,0.0238745529204607,0.024135852232575417,261.70630007982254,0.08469338156258867,176.26796177529178,6,1
261,0.024169450625777245,0.024170851334929466,1.501757651567459,0.06118513466139267,309.22686095558817,10,1
262,0.024191752076148987,0.024199452251195908,7.809139788150787,0.07136892669161672,250.87002209883377,8,1
263,0.0242217518389225,0.024223150685429573,1.501757651567459,0.04295624850274661,324.2298616601245,11,0
264,0.02423655055463314,0.02423805184662342,1.601874828338623,0.026137636313402955,324.2627157327009,11,0
265,0.024243751540780067,0.02424505166709423,1.4016404747962952,0.0780151721209172,159.27558943752518,5,0
266,0.02425765059888363,0.02425915189087391,1.601874828338623,0.027389950113614798,324.25464802787104,11,0
267,0.02426685206592083,0.02427005209028721,3.30386683344841,0.035072629604903746,174.78584856553505,6,0
268,0.02427925169467926,0.02498134970664978,703.0228152871132,0.07059792265347307,216.14132323996705,7,1
269,0.025007449090480804,0.025008849799633026,1.501757651567459,0.0509671414102887,324.232023227038,11,0
270,0.025025250390172005,0.025026749819517136,1.601874828338623,0.03064083014436779,324.26203348340175,11,0
271,0.02503264881670475,0.025033948943018913,1.4016404747962952,0.07536634163400886,174.1528297152747,6,0
272,0.025047048926353455,0.025048550218343735,1.601874828338623,0.02802199434936572,324.23904075487445,11,0
273,0.02505674958229065,0.025058848783373833,2.2025778889656067,0.13628895961410548,339.22169678317005,11,1
274,0.025088349357247353,0.025089649483561516,1.4016404747962952,0.059516053470090056,174.18660514924713,6,0
275,0.025106849148869514,0.025108149275183678,1.4016404747962952,0.03408553369460677,174.22617877334824,6,0
276,0.025117550045251846,0.02514764852821827,30.23538738489151,0.08142071105059841,321.7468034338292,11,1
277,0.025174150243401527,0.02517544850707054,1.4016404747962952,0.054692016038319524,174.23665217936647,6,0
278,0.025190649554133415,0.025196949020028114,6.407499313354492,0.06311909713119968,328.8345212940903,11,0
279,0.025211649015545845,0.025219449773430824,7.909256964921951,0.03324146298668907,260.5331511015596,9,0
280,0.025226248428225517,0.025749247521162033,523.7129516899586,0.07379841510915612,297.275440844648,10,1
281,0.02577974833548069,0.025781048461794853,1.4016404747962952,0.06348129025493648,170.90155663883388,6,0
282,0.025798548012971878,0.0257999487221241,1.501757651567459,0.03446341844929914,170.87692239885757,6,0
283,0.02580844797194004,0.025810549035668373,2.2025778889656067,0.05207495372376133,354.4320571213468,0,0
284,0.02582314796745777,0.025824548676609993,1.501757651567459,0.026705208424884934,170.83107047105287,6,0
285,0.025831347331404686,0.02584734745323658,16.118865460157394,0.0314831369786742,4.640045035889501,0,0
286,0.025856148451566696,0.026170747354626656,315.0687552988529,0.05287591323806945,143.96467843027557,5,0
287,0.02619064785540104,0.02619214728474617,1.601874828338623,0.03904501722021139,354.20992273230723,0,0
288,0.026203947141766548,0.026210246607661247,6.407499313354492,0.05394221728119796,145.27113588148026,5,0
289,0.02622074820101261,0.026222247630357742,1.601874828338623,0.023041803337526416,354.2218647734127,0,0
290,0.02622794732451439,0.02624954655766487,21.725427359342575,0.02765086279367835,9.869699739056859,0,0
291,0.02625884674489498,0.026260247454047203,1.501757651567459,0.02013488576597992,158.72412092099663,5,0
292,0.026265647262334824,0.026695046573877335,430.0032742321491,0.03873121887933345,78.8378919800206,3,0
293,0.026710746809840202,0.026712246239185333,1.601874828338623,0.033009223058508445,354.2844505678327,0,0
294,0.026721246540546417,0.026777246966958046,56.16573616862297,0.09339936003295916,11.164558081683031,0,1
295,0.026813745498657227,0.02681504562497139,1.4016404747962952,0.07720760106672864,174.1886689353985,6,1
296,0.02683594636619091,0.026837246492505074,1.4016404747962952,0.0414347999900897,174.1754497613011,6,0
297,0.026848746463656425,0.026852445676922798,3.8044527173042297,0.09742987959995175,13.432821623574313,0,1
298,0.026876546442508698,0.02687794528901577,1.501757651567459,0.048128020425603386,174.13830758744695,6,0
299,0.02688654512166977,0.02688804641366005,1.601874828338623,0.04686400630667848,9.189752485584323,0,0
300,0.026895945891737938,0.02689734660089016,1.501757651567459,0.02450650346075977,174.12457694282097,6,0
301,0.0269035454839468,0.027013346552848816,110.02877727150917,0.022493146742314257,113.93756389177308,4,0
302,0.02701924555003643,0.027644945308566093,626.5332922339439,0.08833619068785686,113.90881534490386,4,1
303,0.027683744207024574,0.027685144916176796,1.501757651567459,0.07432866147666992,9.214463907436196,0,1
304,0.027707744389772415,0.02770904451608658,1.4016404747962952,0.1033637005772093,189.27971775386501,6,0
305,0.027714544907212257,0.027749143540859222,34.74066033959389,0.037563337843047204,9.243201865338367,0,0
306,0.02776104398071766,0.02776264399290085,1.701992005109787,0.024542483284047564,9.234593130664766,0,0
307,0.027768343687057495,0.027877643704414368,109.52819138765335,0.05121164572216708,27.13466977862507,1,0
308,0.027896543964743614,0.027897944673895836,1.501757651567459,0.03930586349473174,189.21134017711344,6,0
309,0.027908144518733025,0.027922743931412697,14.7172249853611,0.03731155233760282,48.191541125393044,2,0
310,0.02793264389038086,0.02793404459953308,1.501757651567459,0.02214358556470405,189.20063201132297,6,0
311,0.02793964371085167,0.028480343520641327,541.4336919784546,0.06792979248221787,140.49372257987147,5,1
312,0.028510043397545815,0.028511542826890945,1.601874828338623,0.055388137324127076,20.924126085663254,1,0
313,0.028528442606329918,0.0285569429397583,28.633512556552887,0.07835676437425552,208.5108286166852,7,0
314,0.028564441949129105,0.029007142409682274,443.3188587427139,0.021316106858816176,332.7102691877945,11,0
315,0.02901304140686989,0.029305441305041313,292.8427420556545,0.022065243231105987,279.06958813843244,9,0
316,0.02931254170835018,0.029600540176033974,288.4375862777233,0.07827784001663303,217.79350666695134,7,1
317,0.029633840546011925,0.029635339975357056,1.601874828338623,0.06081295704519863,24.207113654807035,1,0
318,0.029654640704393387,0.029657039791345596,2.5029294192790985,0.050592384670455404,227.93597786781353,8,1
319,0.0296783410012722,0.029685240238904953,7.008202373981476,0.039629792845076756,336.44294565488565,11,0
320,0.02969563938677311,0.029759440571069717,63.97487595677376,0.041390621287922334,4.1078935564220105,0,0
321,0.029774140566587448,0.02977544069290161,1.4016404747962952,0.0327672462710829,219.26241760030308,7,0
322,0.029784340411424637,0.029795940965414047,11.713709682226181,0.031773127968951584,2.8754071574219764,0,0
323,0.02980354055762291,0.03005813993513584,254.99844923615456,0.030864919291462126,266.7212596779635,9,0
324,0.030070139095187187,0.030071739107370377,1.701992005109787,0.024134279976731603,24.22778807747038,1,0
325,0.03007843904197216,0.030081139877438545,2.8032809495925903,0.022163845874955217,228.9185514984371,8,0
326,0.03008933924138546,0.030643638223409653,555.0496280193329,0.1061374955815818,337.67112116305174,11,1
327,0.030677538365125656,0.03067883849143982,1.4016404747962952,0.16527665300814814,234.19398114808467,8,1
328,0.030727537348866463,0.030728837475180626,1.4016404747962952,0.09069591232882189,234.13736359945693,8,0
329,0.03074713796377182,0.030748538672924042,1.501757651567459,0.1320976279932396,39.22230589313394,1,1
330,0.030772937461733818,0.03077423758804798,1.4016404747962952,0.05756103492672646,234.1281174478453,8,0
331,0.030791137367486954,0.030792538076639175,1.501757651567459,0.031525649617521655,234.10594254768483,8,0
332,0.03080083802342415,0.030802937224507332,2.2025778889656067,0.04428851652265821,37.98178293371988,1,0
333,0.03081393800675869,0.03081533871591091,1.501757651567459,0.023215077936900665,234.16790203993168,8,0
334,0.030821137130260468,0.03083563782274723,14.617107808589935,0.028911740349849023,9.45056241258266,0,0
335,0.030843237414956093,0.03109573759138584,252.8959885239601,0.02254650735808399,337.4129616676227,11,0
336,0.03110283799469471,0.03126563876867294,163.09088096022606,0.090315052103813,34.8512169819706,1,1
337,0.031304437667131424,0.031305838376283646,1.501757651567459,0.07459026975968756,230.81935024912994,8,0
338,0.03132573887705803,0.03132713586091995,1.501757651567459,0.037260218476371766,230.83782269869596,8,0
339,0.03133713826537132,0.03134183585643768,4.805624485015869,0.09279491347871098,55.05981521171064,2,1
340,0.031364236027002335,0.0313655361533165,1.4016404747962952,0.044989654567725176,230.8144861047729,8,0
341,0.03137673810124397,0.032238833606243134,863.2102981209755,0.07314188368973727,83.59393644835342,3,1
342,0.0322677344083786,0.032269034534692764,1.4016404747962952,0.06087853602119311,234.23711453952177,8,0
343,0.03228583559393883,0.03228713572025299,1.4016404747962952,0.033303955594459256,234.2281349592783,8,0
344,0.03229643404483795,0.032299935817718506,3.604218363761902,0.07411938646047522,73.64411254818644,2,0
345,0.03231903538107872,0.03232043609023094,1.501757651567459,0.03771037893946823,234.17425441535036,8,0
346,0.032327134162187576,0.032328635454177856,1.601874828338623,0.03742748103383624,69.26322160981506,2,0
347,0.03233513608574867,0.032581932842731476,247.18930944800377,0.030979485977582488,178.7842700383401,6,0
348,0.03259313479065895,0.03259463608264923,1.601874828338623,0.02344028823461735,69.20784377724283,2,0
349,0.03260153532028198,0.03260543569922447,4.004687070846558,0.031025335110993518,218.49667192061227,7,0
350,0.032613035291433334,0.03293703496456146,324.47976991534233,0.029574805116949376,121.32038394097364,4,0
351,0.03294753283262253,0.03294893354177475,1.501757651567459,0.023377470736939614,234.2469847248429,8,0
352,0.03295483440160751,0.03296203538775444,7.308553904294968,0.021418939082077877,85.05588646875277,3,0
353,0.03296833485364914,0.03333333134651184,365.52781239151955,0.015435358758905643,139.86020198515806,5,0
