element,side,region,angle_error_deg
55,1,body,1.3975492686270212
66,1,body,1.397559453487187
77,1,head,0.44357578695198335
88,2,body,1.3975628434743987
134,1,body,1.3975597822315535
145,1,body,1.3975411714787682
199,1,body,1.3975399175630636
215,1,body,1.3975541297893228
237,1,tail,0.0
237,4,body,1.3975734681884835
238,1,tail,0.0
268,1,body,1.3975651557359006
291,1,body,1.3975758819602797
334,1,head,0.13892182386397256
353,2,body,1.3975528479578385
407,1,head,0.17219303035702907
522,1,body,1.3975676457628143
546,1,body,1.3975399175630636
586,1,body,1.3975476284438262
600,1,body,1.397565154615716
627,4,body,1.3975528479578385
679,1,body,1.3975536415389644
704,1,body,1.3975481007519097
718,1,body,1.3975476284435653
720,1,head,1.1467319013760935
855,1,body,1.3975598384381804
951,1,body,1.3975781219657906
1028,1,body,1.3975595996258554
1045,3,body,1.3975699257170833
1106,1,body,1.3975651557356399
1165,1,body,1.3975595996258554
1172,1,body,1.3975417087298048
1185,1,tail,0.0
1186,3,body,1.3975595996258554
1195,4,body,1.3975597822315535
1225,1,tail,0.0
1250,3,body,1.3975595996258554
1279,1,head,0.6307970251961469
1291,1,tail,0.0
1420,1,body,1.3975594534874478
1496,1,body,1.3975399175630636
1497,1,tail,0.0
1507,1,head,1.7234284954409635
1598,1,tail,0.0
1606,1,body,1.3975492686272821
1619,1,body,1.3975541297893228
1624,1,body,1.3975471967655593
1626,1,tail,0.0
1626,2,body,1.3975717002766266
1627,1,tail,0.0
1634,1,body,1.3975769685750878
1637,1,body,1.3975734681882226
1639,1,body,1.397561825574133
1642,1,tail,0.0
1645,1,tail,0.0
1646,1,body,1.397571700276105
1648,1,tail,0.0
1649,1,body,1.3975417087298048
1652,3,tail,0.0
1663,1,body,1.3975417087298048
1665,1,body,1.397578796222714
1666,1,body,1.3975715738989836
1667,1,tail,0.0
1671,1,body,1.3975589575491527
1674,1,body,1.3975471967655593
1677,1,tail,0.0
1678,1,head,0.17615565115338394
1680,1,body,1.3975576563948273
1684,3,body,1.3975476284435653
1685,1,tail,0.0
1690,1,tail,0.0
1691,1,body,1.3975769685756094
1692,1,tail,0.0
1693,1,body,1.3975541297890621
1694,1,body,1.3975628434743987
1695,1,tail,0.0
1697,1,body,1.3975651546154553
1699,1,tail,0.0
1706,1,body,1.3975474633471145
1709,1,body,1.3975769685756094
1713,1,body,1.3975717002766266
1715,1,body,1.3975597822312926
1721,1,body,1.3975593506506718
1728,1,body,1.3975411714790291
1732,1,body,1.3975699257170833
1734,1,body,1.3975542177744642
1735,1,body,1.3975597822312926
1737,1,body,1.3975399175630636
1741,1,body,1.3975571783413965
1748,1,body,1.3975433365197374
1751,1,body,1.3975481007519097
1756,1,body,1.3975536415389644
1758,2,body,1.3975595996258554
1759,1,body,1.3975536415392253
1760,1,body,1.3975541297893228
1764,1,body,1.397572188792963
1765,1,body,1.3975536415392253
1769,1,body,1.3975542177744642
1778,1,body,1.397575881960019
1779,1,body,1.3975476284435653
1780,1,head,0.8922052911682268
1782,3,body,1.3975598384379198
1785,1,body,1.3975492686270212
1787,1,body,1.3975649221868756
1790,1,body,1.3975541606964943
1791,2,tail,0.0
1793,1,body,1.3975602699542302
1794,1,body,1.3975595996258554
1797,3,body,1.3975594534874478
1799,1,body,1.3975649221866147
1801,1,body,1.3975781219660512
1803,1,head,0.5352677469718722
1804,1,body,1.3975474633471145
1805,1,body,1.3975476284435653
1811,1,body,1.3975598384379198
1812,2,body,1.3975595996258554
1815,1,body,1.3975781219660512
1816,1,body,1.3975399175630636
1819,1,body,1.3975676457628143
1820,1,body,1.3975781219657906
1822,1,body,1.3975676457628143
1823,1,body,1.3975595996258554
1829,1,body,1.3975649925634392
1832,1,body,1.397561825574133
1834,1,body,1.3975571783411356
1835,1,body,1.3975598384379198
1842,1,body,1.3975399175630636
1847,1,head,0.1801352177461179
1849,1,body,1.3975715738987227
1856,1,body,1.3975602699542302
1857,1,body,1.3975676457628143
1858,1,body,1.3975463299687385
1859,2,body,1.3975541606964943
1863,1,head,1.6602070779649245
1867,1,head,0.20134406908394287
1870,3,head,0.9730485827272581
1875,1,head,0.6359352250411364
1878,1,body,1.397564992563961
1881,1,body,1.3975542177744642
1882,3,head,0.5559598106747503
1890,1,body,1.3975699257170833
1891,1,head,1.1138304913662587
1900,1,head,0.08302004317171667
1904,1,head,0.2768698705203348
1913,1,head,1.0317144472714588
1918,1,head,1.1605147820742123
1920,1,head,1.5408223659508722
1921,1,head,0.6054299521485783
1923,2,body,1.3975411714790291
1924,1,head,1.0039059083899384
1927,1,body,1.397571700276105
1930,1,body,1.3975598384381804
1931,4,body,1.3975492686270212
1933,1,head,0.4298294504415675
1934,1,body,1.397578796222714
1937,1,body,1.3975595996258554
1940,1,body,1.3975602699542302
1947,1,tail,0.0
1948,1,body,1.3975676457628143
1949,1,tail,0.0
1951,1,tail,0.0
1954,3,body,1.3975589575491527
1961,1,tail,0.0
1962,1,body,1.3975492686272821
1964,1,tail,0.0
1965,4,body,1.3975463299687385
1967,3,tail,0.0
1973,1,tail,0.0
1977,1,body,1.3975769685756094
1985,1,tail,0.0
1987,1,body,1.397571700276105
1988,1,body,1.3975417087298048
1993,1,tail,0.0
2000,1,tail,0.0
2014,1,tail,0.0
2018,1,body,1.3975492686272821
2021,1,tail,0.0
2022,1,body,1.3975492686272821
2027,1,tail,0.0
2030,3,tail,0.0
2032,1,tail,0.0
2034,1,tail,0.0
2039,1,tail,0.0
2040,1,body,1.3975595996258554
2053,1,tail,0.0
2059,1,tail,0.0
2061,1,tail,0.0
2065,1,tail,0.0
2072,1,tail,0.0
2073,1,body,1.3975463299684778
2075,1,tail,0.0
2079,1,tail,0.0
2079,3,body,1.3975474633471145
2098,1,tail,0.0
2099,1,body,1.3975651546154553
2102,1,tail,0.0
2106,1,tail,0.0
2112,1,tail,0.0
2117,1,body,1.397561825574133
2122,1,tail,0.0
2127,1,tail,0.0
2128,1,tail,0.0
2129,1,tail,0.0
2129,3,body,1.3975651557356399
2147,1,body,1.3975476284435653
2150,3,body,1.3975628434746594
2153,1,tail,0.0
2154,1,tail,0.0
2155,1,tail,0.0
2156,1,tail,0.0
2156,3,body,1.3975571783413965
2160,1,tail,0.0
2168,1,body,1.3975709641048786
2171,1,tail,0.0
2177,1,tail,0.0
2178,1,tail,0.0
2183,1,tail,0.0
2183,2,body,1.3975433365197374
2189,1,tail,0.0
2191,1,tail,0.0
2194,1,tail,0.0
2195,1,body,1.3975528479578385
2196,1,head,0.5280924487191083
2199,1,body,1.3975709641048786
2200,1,body,1.3975528479580992
2204,1,body,1.3975699257170833
2211,1,tail,0.0
2213,1,body,1.3975715738989836
2214,1,body,1.3975541297893228
2222,1,body,1.3975651546154553
2223,1,tail,0.0
2224,1,body,1.397571700276105
2228,1,tail,0.0
2229,1,tail,0.0
2231,1,tail,0.0
2235,1,tail,0.0
2239,1,body,1.3975649221871362
2240,1,tail,0.0
2243,1,tail,0.0
2243,4,body,1.3975516134900237
2244,1,tail,0.0
2254,1,tail,0.0
2256,1,tail,0.0
2256,3,body,1.3975758819602797
2257,1,tail,0.0
2262,1,tail,0.0
2263,1,tail,0.0
2263,3,body,1.3975528479578385
2266,1,body,1.3975528479578385
2268,1,tail,0.0
2270,1,body,1.3975665131516775
2280,1,body,1.3975541606962336
2280,2,tail,0.0
2290,1,tail,0.0
2294,1,tail,0.0
2297,1,tail,0.0
2307,1,tail,0.0
2314,1,tail,0.0
2321,1,tail,0.0
2322,1,tail,0.0
2326,1,tail,0.0
2330,1,tail,0.0
2341,1,tail,0.0
2348,1,tail,0.0
2352,1,tail,0.0
2356,1,tail,0.0
2356,4,body,1.397578796222714
2357,1,tail,0.0
2364,1,tail,0.0
2370,1,tail,0.0
2378,1,tail,0.0
2379,1,tail,0.0
2382,1,tail,0.0
2383,1,tail,0.0
2384,1,tail,0.0
2384,4,body,1.3975593506506718
2392,1,body,1.3975417087295439
2395,1,tail,0.0
2397,1,body,1.3975542177744642
2403,1,tail,0.0
2404,1,tail,0.0
2406,1,tail,0.0
2407,1,tail,0.0
2409,1,tail,0.0
2411,1,tail,0.0
2430,1,tail,0.0
2433,1,tail,0.0
2434,1,tail,0.0
2439,1,tail,0.0
2442,1,body,1.3975589575491527
2445,1,tail,0.0
2445,4,body,1.397572188792963
2451,1,tail,0.0
2451,4,body,1.3975492686270212
2456,1,tail,0.0
2465,1,tail,0.0
2468,1,body,1.3975787962229749
2470,1,body,1.3975734681884835
2477,1,tail,0.0
2477,4,body,1.3975411714790291
2480,1,body,1.3975492686272821
2481,1,body,1.397559453487187
2482,1,tail,0.0
2485,1,body,1.397571700276105
2487,1,tail,0.0
2493,3,tail,0.0
2494,1,tail,0.0
2497,1,body,1.3975516134900237
2498,1,tail,0.0
2499,1,tail,0.0
2504,1,body,1.3975399175630636
2505,1,tail,0.0
2510,1,body,1.3975541297890621
2512,1,tail,0.0
2513,1,tail,0.0
2516,1,tail,0.0
2517,1,tail,0.0
2517,4,body,1.3975471967655593
2523,1,body,1.3975536415389644
2529,3,tail,0.0
2535,1,body,1.3975528479578385
2540,1,tail,0.0
2546,1,tail,0.0
2549,1,tail,0.0
2550,1,tail,0.0
2551,1,tail,0.0
2551,4,body,1.3975676457628143
2559,1,body,1.3975536415392253
2560,1,tail,0.0
2565,1,tail,0.0
2567,1,tail,0.0
2571,1,tail,0.0
2571,3,body,1.3975602699542302
2577,2,body,1.3975651546154553
2580,1,body,1.3975463299684778
2590,1,tail,0.0
2593,1,tail,0.0
2594,1,body,1.3975593506506718
2598,1,body,1.3975417087298048
2600,1,tail,0.0
2601,1,tail,0.0
2606,1,tail,0.0
2607,1,tail,0.0
2608,1,tail,0.0
2611,1,body,1.3975536415392253
2614,1,body,1.3975593506506718
2617,1,tail,0.0
2622,1,tail,0.0
2629,1,tail,0.0
2630,1,body,1.3975463299684778
2633,1,body,1.3975399175630636
2634,1,body,1.3975602699542302
2635,1,body,1.397565154615716
2636,1,tail,0.0
2637,1,body,1.3975595996258554
2639,1,tail,0.0
2640,1,tail,0.0
2644,1,tail,0.0
2648,1,body,1.3975589575491527
2649,1,body,1.397572188792963
2650,1,body,1.3975597822312926
2652,1,tail,0.0
2657,1,body,1.3975717002766266
2660,1,body,1.397578796222714
2662,1,body,1.3975481007513881
2663,1,head,0.8843396626521394
2665,1,body,1.3975474633471145
2666,1,body,1.397557656395088
2667,1,tail,0.0
2674,1,tail,0.0
2675,1,tail,0.0
2676,3,tail,0.0
2677,1,tail,0.0
2680,1,body,1.3975597822312926
2682,1,tail,0.0
2687,1,tail,0.0
2696,1,tail,0.0
2703,1,tail,0.0
2707,1,tail,0.0
2711,1,body,1.3975769685756094
2712,1,body,1.3975541297890621
2715,1,tail,0.0
2718,1,tail,0.0
2720,1,body,1.3975598384379198
2723,3,tail,0.0
2727,1,tail,0.0
2729,1,tail,0.0
2731,1,body,1.3975589575491527
2734,1,body,1.3975471967658202
2737,1,tail,0.0
2738,1,tail,0.0
2742,1,tail,0.0
2743,1,body,1.3975595996258554
2746,1,tail,0.0
2747,1,body,1.3975651557359006
2757,1,tail,0.0
2761,1,tail,0.0
2763,1,head,0.7637336663138977
2765,1,tail,0.0
2769,1,head,0.43061004188975743
2770,1,body,1.3975676457628143
2775,1,body,1.397557656395088
2776,1,head,1.0414693007842977
2778,1,body,1.3975595996258554
2787,1,tail,0.0
2795,1,tail,0.0
2797,1,tail,0.0
2799,1,tail,0.0
2800,1,body,1.3975576563948273
2801,1,body,1.397561825574133
2803,3,tail,0.0
2807,1,body,1.3975715738989836
2810,1,body,1.3975717002766266
2811,1,tail,0.0
2814,1,tail,0.0
2823,1,body,1.3975433365197374
2830,1,tail,0.0
2832,1,head,0.732506481892695
2835,1,body,1.3975676457625537
2838,1,tail,0.0
2843,3,tail,0.0
2844,1,body,1.3975417087298048
2845,1,body,1.3975536415392253
2853,1,body,1.3975758819602797
2859,1,body,1.3975571783411356
2860,1,tail,0.0
2860,3,body,1.3975665131516775
2862,1,tail,0.0
2864,1,body,1.3975665131516775
2868,4,body,1.3975516134900237
2870,1,tail,0.0
2870,3,body,1.3975628434746594
2871,1,tail,0.0
2871,4,body,1.3975536415389644
2875,3,body,1.3975758819602797
2881,3,body,1.3975528479578385
2882,3,tail,0.0
2887,1,body,1.3975665131519381
2891,1,tail,0.0
2891,4,body,1.3975709641048786
2896,3,body,1.3975571783413965
2898,1,tail,0.0
2898,2,body,1.3975576563948273
2899,1,body,1.3975528479578385
2900,3,body,1.3975576563948273
2905,4,body,1.3975542177744642
2910,1,body,1.3975628434743987
2911,1,body,1.3975628434746594
2916,3,body,1.397561825574133
2920,1,head,0.9236781365626148
2924,3,body,1.3975721887932238
2925,1,body,1.3975589575491527
2928,1,tail,0.0
2928,2,body,1.3975589575491527
2932,2,tail,0.0
2933,1,tail,0.0
2937,3,body,1.3975597822312926
2938,1,body,1.3975715738989836
2944,4,body,1.3975602699542302
2947,1,body,1.3975474633468539
2948,1,body,1.3975602699542302
2949,1,tail,0.0
2950,1,body,1.3975541297893228
2951,1,body,1.3975474633471145
2952,1,tail,0.0
2953,1,tail,0.0
2955,1,tail,0.0
2961,1,tail,0.0
2961,3,body,1.3975417087298048
2966,3,body,1.3975463299687385
2967,1,body,1.397578796222714
2968,1,tail,0.0
2971,1,tail,0.0
2972,1,tail,0.0
2973,3,body,1.3975769685756094
2980,1,body,1.3975481007513881
2988,1,body,1.3975411714790291
2989,1,tail,0.0
2990,1,body,1.3975699257170833
2996,1,body,1.397571700276105
2998,1,body,1.3975595996258554
2999,1,tail,0.0
2999,3,body,1.3975598384379198
3000,1,tail,0.0
3006,1,body,1.3975492686270212
3007,1,tail,0.0
3007,3,body,1.3975595996258554
3008,1,tail,0.0
3011,3,body,1.397559453487187
3013,1,tail,0.0
3013,4,body,1.397559453487187
3014,1,tail,0.0
3018,1,tail,0.0
3022,1,tail,0.0
3022,4,body,1.3975781219660512
3023,1,tail,0.0
3024,4,body,1.3975598384379198
3025,1,body,1.3975598384379198
3026,1,body,1.3975699257170833
3030,3,body,1.3975699257170833
3031,1,tail,0.0
3031,3,body,1.3975399175630636
3033,1,tail,0.0
3037,3,body,1.3975411714790291
3038,1,tail,0.0
3039,1,tail,0.0
3039,2,body,1.3975481007516488
3040,1,tail,0.0
3045,1,body,1.3975781219660512
3046,1,tail,0.0
3046,3,body,1.3975769685756094
3052,1,body,1.3975463299684778
3053,1,tail,0.0
3054,1,body,1.3975769685750878
3056,1,tail,0.0
3058,1,tail,0.0
3058,4,body,1.3975715738989836
3059,3,body,1.3975417087298048
3060,1,body,1.3975651546154553
3064,1,tail,0.0
3068,1,body,1.3975715738989836
3070,1,tail,0.0
3072,1,tail,0.0
3072,4,body,1.3975541297893228
3073,3,body,1.3975474633471145
3074,1,tail,0.0
3076,1,body,1.3975651546154553
3077,1,tail,0.0
3079,1,tail,0.0
3081,1,tail,0.0
3087,1,tail,0.0
3088,1,tail,0.0
3093,2,body,1.3975651557356399
3094,2,tail,0.0
3096,1,body,1.3975717002766266
3099,3,body,1.3975471967655593
3102,1,tail,0.0
3106,1,tail,0.0
3110,1,tail,0.0
3111,1,tail,0.0
3111,3,body,1.3975649925634392
3112,1,body,1.3975649925634392
3117,1,body,1.3975542177744642
3119,1,tail,0.0
3120,1,body,1.3975476284435653
3121,1,tail,0.0
3124,1,tail,0.0
3127,1,body,1.3975758819602797
3129,3,body,1.3975536415389644
3133,4,body,1.3975433365197374
3134,4,body,1.3975665131516775
3140,2,body,1.3975676457628143
3144,1,body,1.3975628434743987
3148,1,body,1.3975676457628143
3149,1,body,1.397575881960019
3151,1,tail,0.0
3161,1,body,1.397575881960019
3162,1,tail,0.0
3163,1,body,1.3975433365194767
3164,1,body,1.397561825574133
3165,1,tail,0.0
3166,1,body,1.3975571783411356
3168,1,body,1.3975516134897628
3174,1,body,1.3975649925634392
3175,1,tail,0.0
3176,1,tail,0.0
3179,1,body,1.3975628434743987
3183,1,head,0.2163583490618984
3188,1,body,1.3975649221871362
3191,1,body,1.3975476284435653
3194,1,body,1.397572188792963
3195,1,body,1.397561825574133
3198,1,tail,0.0
3201,1,tail,0.0
3204,1,body,1.397561825574133
3207,1,body,1.3975541606964943
3209,1,body,1.3975589575491527
3210,1,tail,0.0
3214,1,body,1.3975576563948273
3215,2,tail,0.0
3217,1,body,1.3975471967655593
3218,1,head,0.6158744073143865
3221,1,body,1.3975597822312926
3225,1,tail,0.0
3230,1,body,1.3975734681882226
3231,1,tail,0.0
3238,1,head,0.4930291805588032
3240,1,tail,0.0
3241,1,tail,0.0
3248,1,tail,0.0
3251,1,body,1.3975769685756094
3255,1,tail,0.0
3259,1,body,1.3975399175630636
3260,1,body,1.3975699257170833
3265,1,body,1.3975411714790291
3266,1,body,1.3975492686272821
3268,1,body,1.3975781219660512
3270,1,body,1.3975598384379198
3277,1,body,1.3975699257170833
3281,1,body,1.397559453487187
3286,1,body,1.3975699257165617
3291,1,body,1.3975699257170833
3293,1,tail,0.0
3296,1,tail,0.0
3297,1,body,1.397559453487187
3301,1,body,1.3975399175630636
3302,1,body,1.3975411714790291
3304,1,tail,0.0
3307,1,body,1.3975481007513881
3310,1,body,1.397578796222714
3317,1,tail,0.0
3318,1,body,1.3975417087295439
3323,1,body,1.3975481007519097
3327,1,body,1.3975734681882226
3328,1,tail,0.0
3339,1,body,1.3975474633471145
3346,1,body,1.3975589575491527
3349,1,body,1.3975471967655593
3351,1,tail,0.0
3353,1,body,1.3975471967658202
3357,1,body,1.3975651557359006
3358,1,body,1.3975536415389644
3359,1,tail,0.0
3365,1,body,1.3975576563948273
3366,1,body,1.397561825574133
3367,1,tail,0.0
3369,1,body,1.397572188792963
3372,1,body,1.3975576563948273
3376,1,tail,0.0
3379,1,body,1.3975542177744642
3383,1,tail,0.0
3384,1,body,1.3975649925634392
3389,1,body,1.3975433365194767
3393,1,body,1.3975665131519381
3397,1,body,1.3975433365197374
3401,1,body,1.3975571783413965
3403,1,body,1.3975734681882226
3404,1,body,1.3975516134900237
3406,1,tail,0.0
3407,1,body,1.3975542177744642
3409,1,body,1.3975536415392253
3412,1,body,1.3975676457628143
3415,1,body,1.397575881960019
3425,1,body,1.3975516134900237
3426,1,body,1.3975665131516775
3429,1,body,1.3975676457628143
3432,1,body,1.397575881960019
3433,1,body,1.3975665131516775
3434,1,body,1.3975536415392253
3437,1,body,1.3975536415392253
3439,1,head,1.9439121826071444
3445,1,body,1.3975649925634392
3446,1,body,1.3975709641048786
3452,1,body,1.3975571783411356
3453,1,body,1.3975709641048786
3455,1,body,1.3975471967655593
3456,1,body,1.3975665131519381
3459,1,body,1.3975649221871362
3464,1,body,1.3975476284435653
3466,1,body,1.397572188792963
3471,1,body,1.397565154615716
3472,1,body,1.3975651557359006
3474,1,body,1.397572188792963
3482,1,body,1.3975589575491527
3483,1,tail,0.0
3488,1,body,1.3975734681884835
3490,1,body,1.3975597822312926
3491,1,tail,0.0
3492,1,body,1.3975602699542302
3493,1,body,1.3975734681882226
3495,1,body,1.3975651557356399
3496,1,body,1.397565154615716
3499,1,body,1.3975602699542302
3502,1,tail,0.0
3505,1,body,1.3975593506509325
3507,1,body,1.3975474633468539
3508,1,body,1.3975463299684778
3510,1,body,1.3975734681884835
3512,1,tail,0.0
3513,1,body,1.3975463299689994
3516,1,body,1.3975769685750878
3521,1,body,1.3975769685756094
3525,1,body,1.3975541297890621
3526,1,body,1.3975399175630636
3530,1,body,1.397559453487187
3533,1,body,1.3975399175630636
3537,1,body,1.3975787962229749
3538,1,body,1.3975781219660512
3542,1,body,1.397572188792963
3545,1,body,1.3975598384379198
3547,1,tail,0.0
3549,1,body,1.397559453487187
3556,1,tail,0.0
3557,1,body,1.3975595996258554
3558,1,body,1.3975781219660512
3559,1,tail,0.0
3565,1,body,1.3975598384379198
3567,1,body,1.3975463299687385
3570,1,body,1.3975781219660512
3571,1,body,1.3975699257170833
3577,1,body,1.3975411714790291
3579,1,tail,0.0
3582,1,tail,0.0
3583,1,tail,0.0
3586,1,body,1.3975492686270212
3587,1,body,1.3975471967655593
3590,1,body,1.3975417087298048
3591,1,tail,0.0
3595,1,body,1.3975715738989836
3596,1,body,1.3975541297890621
3597,1,body,1.3975734681882226
3598,1,body,1.3975781219660512
3599,1,body,1.3975734681884835
3600,1,body,1.3975481007519097
3603,1,tail,0.0
3605,1,body,1.3975474633471145
3606,1,tail,0.0
3608,1,body,1.3975541606964943
3609,1,body,1.397572188792963
3610,1,body,1.3975715738987227
3611,1,tail,0.0
3615,1,body,1.3975649221868756
3620,1,tail,0.0
3623,1,body,1.3975593506506718
3635,1,body,1.3975471967655593
3640,1,body,1.3975576563948273
3643,1,tail,0.0
3644,1,body,1.3975571783411356
3645,1,body,1.3975542177744642
3647,1,body,1.3975536415389644
3648,1,body,1.3975709641048786
3650,1,body,1.3975528479578385
3651,1,body,1.3975649221871362
3654,1,body,1.3975542177744642
3657,1,body,1.3975649925637004
3660,1,body,1.3975628434743987
3667,1,body,1.3975676457628143
3668,1,tail,0.0
3670,1,tail,0.0
3672,1,body,1.3975665131519381
3675,1,body,1.3975676457628143
3676,1,body,1.3975433365194767
3679,1,body,1.3975758819602797
3680,1,body,1.3975516134897628
3682,1,body,1.3975516134900237
3688,1,body,1.3975628434746594
3693,1,body,1.3975758819602797
3694,1,body,1.3975676457625537
3696,1,body,1.3975542177744642
3700,1,body,1.397564992563961
3702,1,body,1.3975651557359006
3703,1,body,1.3975528479580992
3707,1,body,1.3975758819602797
3709,1,body,1.3975593506506718
3714,1,body,1.3975571783413965
3716,1,body,1.3975476284435653
3718,1,body,1.3975721887932238
3719,1,body,1.3975649221866147
3739,1,body,1.3975541606964943
3742,1,body,1.3975589575491527
3747,1,body,1.3975597822315535
3749,1,tail,0.0
3750,1,body,1.3975602699542302
3754,1,body,1.3975541297893228
3757,1,tail,0.0
3758,1,tail,0.0
3760,1,body,1.3975399175630636
3761,3,body,1.3975474633471145
3762,1,body,1.3975715738987227
3763,1,body,1.3975593506509325
3765,1,body,1.3975602699542302
3769,1,body,1.3975492686270212
3777,1,body,1.3975769685750878
3778,1,tail,0.0
3779,1,body,1.3975411714792898
3783,1,body,1.3975481007519097
3784,1,body,1.3975481007519097
3788,1,body,1.3975399175630636
3790,1,body,1.3975781219660512
3795,1,body,1.3975699257170833
3797,1,tail,0.0
3800,1,body,1.3975781219660512
3801,1,body,1.3975492686270212
3805,1,tail,0.0
3809,1,body,1.397559453487187
3814,1,body,1.3975492686270212
3815,1,body,1.397559453487187
3816,1,body,1.3975399175630636
3817,1,body,1.397559453487187
3821,1,body,1.3975598384379198
3824,1,body,1.3975411714792898
3828,1,body,1.3975602699542302
3829,1,body,1.3975481007519097
3831,1,body,1.397578796222714
3832,1,body,1.3975463299689994
3835,1,tail,0.0
3837,1,body,1.3975595996258554
3838,1,body,1.3975598384379198
3840,1,body,1.3975593506506718
3842,1,body,1.3975717002766266
3843,1,body,1.3975769685750878
3845,1,body,1.3975699257170833
3849,1,body,1.3975463299689994
3850,1,tail,0.0
3851,1,body,1.3975417087295439
3855,1,body,1.3975589575491527
3856,1,body,1.3975541297893228
3858,1,body,1.3975651546154553
3861,1,body,1.3975602699542302
3863,1,body,1.3975474633468539
3864,1,body,1.3975628434746594
3866,2,head,0.2049647051335125
3873,1,body,1.3975593506509325
3880,1,body,1.3975651557359006
3881,1,tail,0.0
3882,1,body,1.3975474633468539
3886,1,body,1.3975602699542302
3887,1,head,0.6867661442878789
3889,1,body,1.3975576563948273
3891,1,body,1.3975476284435653
3892,1,body,1.3975471967655593
3895,1,body,1.3975541606964943
3899,1,body,1.3975576563948273
3900,1,body,1.3975649221866147
3901,1,body,1.397564992563961
3905,1,tail,0.0
3906,1,body,1.3975709641048786
3910,1,body,1.3975571783413965
3916,1,body,1.3975542177744642
3922,1,body,1.3975628434746594
3926,1,tail,0.0
3931,3,body,1.3975433365197374
3933,1,tail,0.0
3935,1,body,1.3975676457625537
3940,1,body,1.3975433365197374
3941,1,body,1.3975516134900237
3942,1,body,1.3975528479580992
3946,1,body,1.3975597822315535
3950,1,body,1.3975541606964943
3951,1,body,1.3975709641051395
3954,1,body,1.3975528479578385
3955,1,body,1.3975528479578385
3956,1,body,1.3975542177744642
3957,1,body,1.3975571783413965
3961,1,body,1.3975542177744642
3963,1,head,1.1012896944656074
3964,1,tail,0.0
3966,1,tail,0.0
3967,1,head,2.671237306044422
3971,1,body,1.3975571783413965
3974,1,body,1.3975709641048786
3975,1,body,1.3975709641048786
3977,1,body,1.3975542177744642
3980,1,body,1.3975649221868756
3981,1,body,1.397578796222714
3984,1,body,1.3975476284435653
3985,1,body,1.3975649925634392
3986,1,body,1.3975576563948273
3992,1,body,1.3975476284435653
3995,1,tail,0.0
3996,1,body,1.3975589575491527
4000,1,body,1.3975541606962336
4002,1,body,1.3975597822312926
4005,1,body,1.3975541297893228
4007,1,tail,0.0
4010,1,tail,0.0
4018,1,body,1.3975734681884835
4020,1,tail,0.0
4021,1,body,1.3975651546154553
4022,1,body,1.3975787962229749
4024,1,body,1.3975463299687385
4035,1,body,1.3975699257165617
4042,1,body,1.3975781219660512
4043,1,body,1.3975598384379198
4044,1,body,1.3975717002766266
4046,1,body,1.3975715738987227
4049,1,body,1.3975492686267605
4055,1,body,1.397559453487187
4056,1,body,1.3975541606964943
4060,1,body,1.3975595996258554
4065,1,body,1.3975492686267605
4066,1,body,1.3975598384379198
4067,4,body,1.3975781219660512
4068,1,body,1.397559453487187
4071,1,body,1.3975411714792898
4074,1,body,1.3975399175630636
4082,1,body,1.3975411714790291
4086,1,body,1.397578796222714
4091,1,body,1.3975602699542302
4092,1,body,1.3975597822312926
4095,1,head,0.6153848124751525
4096,1,tail,0.0
4100,1,body,1.3975463299687385
4113,1,body,1.3975474633471145
4114,1,head,0.412954592921735
4116,1,body,1.397565154615716
4123,1,body,1.3975589575491527
4127,1,body,1.3975651546154553
4131,1,body,1.3975541606962336
4132,1,tail,0.0
4137,1,body,1.3975721887932238
4139,1,body,1.397561825574133
4140,1,body,1.3975476284435653
4143,1,tail,0.0
4144,1,body,1.397561825574133
4146,1,body,1.3975715738989836
4153,1,body,1.3975709641051395
4155,1,body,1.3975709641048786
4157,1,body,1.3975516134897628
4162,1,body,1.3975542177744642
4170,1,body,1.3975411714790291
4173,1,tail,0.0
4176,1,body,1.3975433365197374
4178,1,body,1.3975576563948273
4179,1,body,1.3975665131519381
4180,1,tail,0.0
4181,1,body,1.3975758819602797
4186,1,body,1.397561825574133
4187,1,body,1.3975651557359006
4188,1,body,1.3975676457625537
4189,1,body,1.3975715738987227
4192,1,body,1.3975516134897628
4194,1,tail,0.0
4195,1,body,1.3975676457628143
4199,3,body,1.397578796222714
4201,1,body,1.3975628434743987
4202,1,body,1.3975417087298048
4206,1,body,1.3975528479580992
4207,1,body,1.3975542177744642
4212,2,body,1.3975595996258554
4213,1,body,1.3975649925634392
4214,1,body,1.3975628434746594
4220,1,body,1.3975649925637004
4221,1,body,1.3975781219660512
4227,1,body,1.3975649221866147
4238,1,body,1.3975721887932238
4242,1,body,1.3975541606964943
4243,1,head,0.5787415982520541
4244,1,body,1.3975597822315535
4253,1,body,1.3975715738987227
4255,2,body,1.3975541606962336
4263,1,body,1.3975463299689994
4269,1,body,1.3975769685750878
4277,1,body,1.3975399175630636
4280,1,body,1.3975576563948273
4284,1,body,1.3975781219660512
4285,1,body,1.3975598384379198
4286,1,tail,0.0
4292,1,body,1.3975595996258554
4298,1,body,1.397559453487187
4303,1,body,1.3975781219660512
4307,1,body,1.3975598384379198
4310,1,body,1.397559453487187
4311,1,body,1.3975781219660512
4312,1,tail,0.0
4318,1,body,1.3975699257170833
4322,1,body,1.3975595996258554
4326,1,body,1.3975411714792898
4328,1,body,1.3975651557359006
4330,1,body,1.3975787962229749
4333,1,body,1.3975541297893228
4341,1,body,1.3975417087295439
4347,1,body,1.3975734681884835
4348,1,body,1.3975597822315535
4351,1,body,1.3975474633471145
4354,1,body,1.3975474633468539
4356,1,body,1.3975541606964943
4358,1,body,1.397561825574133
4361,1,body,1.3975597822312926
4363,1,body,1.397565154615716
4365,1,body,1.3975593506509325
4373,1,body,1.397572188792963
4374,1,body,1.3975541606964943
4381,1,body,1.3975651557359006
4382,1,body,1.3975602699542302
4385,1,body,1.3975471967655593
4387,1,body,1.3975651557359006
4388,1,body,1.3975541297890621
4394,1,body,1.3975476284435653
4399,1,body,1.3975649221866147
4405,1,body,1.397578796222714
4408,1,body,1.3975734681882226
4413,1,body,1.3975649925637004
4417,1,body,1.397564992563961
4418,1,tail,0.0
4423,1,body,1.3975665131519381
4424,1,body,1.3975571783411356
4426,1,body,1.3975528479578385
4428,1,body,1.3975433365197374
4431,1,body,1.3975665131519381
4432,1,body,1.397575881960019
4433,1,body,1.3975516134900237
4436,1,body,1.3975516134900237
4437,1,body,1.3975536415389644
4438,1,body,1.3975433365194767
4441,1,body,1.3975676457628143
4446,1,body,1.3975628434743987
4449,1,body,1.397571700276105
4455,1,body,1.3975542177744642
4461,1,body,1.3975649221871362
4462,1,body,1.3975665131519381
4466,1,body,1.3975476284435653
4467,1,body,1.3975541606962336
4468,1,body,1.397561825574133
4469,1,body,1.3975651557359006
4476,2,body,1.3975715738989836
4477,1,body,1.3975471967655593
4481,1,head,0.8887614273968039
4482,1,head,0.7569626520080907
4483,1,body,1.3975597822312926
4484,1,head,0.521486308306555
4488,1,body,1.3975602699542302
4491,1,body,1.397575881960019
4494,1,body,1.3975715738989836
4502,1,body,1.3975463299684778
4513,1,body,1.3975481007513881
4514,1,body,1.3975411714790291
4515,1,body,1.3975536415389644
4521,2,body,1.3975471967655593
4526,1,body,1.3975781219660512
4537,1,body,1.3975595996258554
4538,1,body,1.3975595996258554
4541,1,body,1.3975492686272821
4543,1,body,1.3975734681884835
4551,3,body,1.397559453487187
4557,1,body,1.3975492686272821
4559,1,body,1.3975474633471145
4562,1,body,1.3975411714790291
4568,1,body,1.3975699257170833
4570,1,body,1.397578796222714
4572,1,body,1.3975463299684778
4576,1,body,1.397571700276105
4582,1,body,1.397559453487187
4585,1,body,1.3975595996258554
4588,1,body,1.3975715738989836
4592,1,body,1.3975699257170833
4598,1,body,1.3975589575491527
4601,1,body,1.3975593506506718
4613,1,body,1.3975471967655593
4619,1,body,1.3975651557356399
4620,1,body,1.397561825574133
4621,1,body,1.397572188792963
4623,1,body,1.3975541297890621
4624,1,body,1.3975433365194767
4626,1,body,1.3975598384379198
4627,1,body,1.3975649221871362
4631,1,body,1.3975476284435653
4639,1,body,1.3975649925634392
4643,1,body,1.3975528479578385
4646,1,body,1.3975571783411356
4649,1,body,1.3975649925634392
4650,1,body,1.3975676457628143
4651,1,body,1.3975769685756094
4653,1,body,1.3975433365197374
4657,1,body,1.3975516134900237
4659,1,body,1.3975516134900237
4661,1,body,1.3975715738989836
4662,1,body,1.3975595996258554
4669,1,body,1.3975536415389644
4675,1,body,1.397572188792963
4678,1,body,1.3975433365194767
4681,1,body,1.3975649925634392
4682,1,body,1.3975576563948273
4684,1,body,1.3975593506506718
4687,1,head,0.5702267703264233
4692,1,body,1.397559453487187
4694,1,body,1.397572188792963
4700,1,head,0.6496768422776262
4702,1,head,0.7234447789905852
4709,1,body,1.3975709641048786
4711,4,body,1.3975598384381804
4713,1,body,1.3975542177744642
4723,1,body,1.3975476284435653
4724,1,body,1.3975699257170833
4733,1,body,1.3975734681884835
4736,1,head,1.5670467747091892
4741,4,head,1.0407302562679164
4743,3,body,1.3975699257170833
4746,2,body,1.3975541606964943
4749,1,body,1.3975651557356399
4751,1,body,1.3975699257170833
4752,1,body,1.3975602699542302
4753,1,body,1.3975597822312926
4758,2,body,1.3975474633468539
4771,1,body,1.3975576563948273
4772,1,head,0.7458537248560222
4775,1,body,1.3975651546154553
4779,1,body,1.3975474633471145
4780,1,tail,0.0
4783,1,body,1.3975598384379198
4785,2,body,1.3975463299689994
4786,2,body,1.397578796222714
4787,1,body,1.3975769685756094
4791,1,body,1.3975602699542302
4796,1,body,1.3975628434746594
4813,1,body,1.397578796222714
4823,1,body,1.397578796222714
4825,2,body,1.3975769685756094
4830,1,body,1.3975481007513881
4831,1,body,1.3975411714790291
4835,1,head,0.6981194209917804
4840,1,head,0.3444620998719682
4841,1,body,1.3975411714795507
4855,1,body,1.3975593506509325
4861,1,body,1.3975649925634392
4869,1,body,1.3975598384379198
4880,2,body,1.3975492686272821
4881,1,body,1.3975676457628143
4882,1,body,1.3975399175630636
4883,1,body,1.3975481007513881
4884,1,body,1.3975399175630636
4886,1,body,1.3975769685756094
4889,1,body,1.3975463299687385
4890,1,body,1.397571700276105
4892,1,body,1.3975598384379198
4897,1,body,1.3975476284435653
4904,1,body,1.3975598384379198
4907,1,body,1.3975715738989836
4913,1,body,1.3975542177744642
4915,1,body,1.3975463299687385
4919,1,body,1.3975463299684778
4922,1,body,1.3975649221866147
4924,1,body,1.3975715738987227
4925,1,body,1.3975589575491527
4934,1,body,1.3975541606964943
4937,1,body,1.3975649221871362
4942,1,body,1.3975734681884835
4943,1,body,1.3975471967655593
4945,1,body,1.3975602699542302
4949,1,body,1.3975758819602797
4950,1,body,1.3975474633468539
4951,1,body,1.3975628434743987
4955,1,body,1.397572188792963
4957,1,body,1.3975399175630636
4962,1,body,1.3975433365194767
4963,1,body,1.397575881960019
4964,1,body,1.3975528479578385
4969,1,body,1.3975758819602797
4974,1,body,1.3975676457628143
4975,1,body,1.3975769685756094
4978,1,body,1.3975516134900237
4982,1,head,0.54407547209406
4987,2,body,1.3975781219657906
4999,1,body,1.3975528479578385
5002,1,head,0.026663466839927052
5003,1,body,1.3975589575491527
5006,1,body,1.3975593506506718
5008,1,body,1.3975665131519381
5009,1,head,0.6852259151689561
5010,1,body,1.3975628434746594
5014,1,body,1.3975709641048786
5017,1,body,1.3975709641048786
5020,1,body,1.397559453487187
5021,1,head,0.351348090361272
5028,1,body,1.3975571783413965
5032,1,body,1.3975649221868756
5033,1,body,1.3975476284435653
5040,1,head,1.3902936446910727
5047,1,body,1.3975471967655593
5052,1,head,0.25688049333532015
5062,1,body,1.3975721887932238
5068,1,body,1.3975597822312926
5070,1,body,1.3975593506506718
5071,1,body,1.3975715738987227
5073,1,body,1.3975598384379198
5074,1,body,1.3975734681884835
5082,1,body,1.3975651557356399
5084,1,body,1.3975589575491527
5085,1,body,1.3975595996258554
5092,1,body,1.3975649221871362
5094,1,body,1.3975541297890621
5108,1,body,1.3975715738989836
5109,4,body,1.3975715738987227
5110,1,body,1.3975463299687385
5112,1,body,1.397561825574133
5117,1,body,1.3975417087298048
5121,1,body,1.3975595996258554
5123,1,body,1.3975433365197374
5126,1,body,1.3975769685756094
5127,1,body,1.3975769685756094
5129,1,body,1.3975717002766266
5131,1,body,1.3975676457628143
5132,1,body,1.3975516134900237
5136,1,body,1.3975589575494136
5137,1,body,1.3975481007519097
5138,1,body,1.3975411714790291
5146,1,body,1.3975781219660512
5147,1,body,1.3975597822315535
5150,1,head,0.9000092660616426
5155,1,body,1.3975492686270212
5161,1,body,1.3975594534874478
5165,1,body,1.397559453487187
5166,1,body,1.3975492686270212
5172,1,body,1.397575881960019
5174,1,body,1.3975709641048786
5180,1,body,1.3975699257170833
5182,1,body,1.3975399175630636
5183,1,body,1.3975769685756094
5188,1,body,1.3975417087298048
5190,1,body,1.397578796222714
5198,1,body,1.3975593506506718
5206,1,body,1.3975715738989836
5210,1,body,1.397571573898462
5212,1,body,1.3975541606964943
5219,1,body,1.3975589575491527
5222,1,body,1.3975734681882226
5225,1,body,1.3975541297893228
5228,1,body,1.3975541297890621
5229,1,body,1.3975734681887442
5235,1,head,0.7216461038869927
5236,1,body,1.3975628434743987
5237,1,body,1.3975417087298048
5242,1,body,1.3975665131516775
5249,1,body,1.3975542177744642
5251,1,body,1.3975576563948273
5263,2,body,1.3975649221871362
5268,3,body,1.3975528479578385
5271,1,body,1.3975651557359006
5274,1,body,1.3975651557359006
5277,2,body,1.3975411714787682
5279,1,head,0.7240882131367438
5280,1,body,1.3975715738989836
5285,1,body,1.3975676457628143
5289,1,body,1.3975715738987227
5290,1,body,1.3975516134900237
5297,1,body,1.3975676457628143
5300,3,body,1.3975717002766266
5302,1,head,0.9097017153040136
5304,1,body,1.3975528479578385
5310,1,body,1.3975471967658202
5312,1,head,0.2297152884997026
5313,1,body,1.3975758819602797
5317,1,body,1.3975628434743987
5330,1,body,1.3975628434746594
5333,1,body,1.3975471967655593
5336,1,body,1.3975709641051395
5339,1,body,1.3975602699542302
5342,1,body,1.3975651546154553
5344,1,body,1.3975602699542302
5347,1,body,1.397564992563961
5348,1,body,1.397554217774725
5350,1,body,1.3975528479578385
5354,1,head,0.1663777289588637
5361,1,body,1.3975589575494136
5362,1,body,1.3975492686267605
5364,3,head,0.22514059524911856
5365,1,body,1.397572188792963
5370,1,body,1.3975492686272821
5374,1,body,1.3975541606964943
5378,1,body,1.3975734681884835
5382,1,head,0.7086559735554062
5386,1,body,1.3975665131519381
5387,1,body,1.3975417087303263
5388,1,body,1.3975593506506718
5391,1,body,1.3975541606962336
5393,1,body,1.3975597822312926
5399,1,body,1.3975474633471145
5401,1,body,1.3975717002766266
5405,1,body,1.3975734681882226
5415,1,body,1.3975417087300654
5418,2,body,1.3975717002766266
5422,1,body,1.3975492686267605
5425,1,body,1.3975411714790291
5429,3,body,1.3975781219660512
5430,1,body,1.3975463299689994
5435,1,body,1.3975481007513881
5441,1,body,1.3975781219660512
5444,1,body,1.3975787962221924
5447,1,body,1.3975411714790291
5450,1,body,1.3975758819602797
5459,1,body,1.3975598384379198
5461,1,body,1.397561825574133
5465,3,body,1.3975595996258554
5467,1,body,1.3975463299684778
5469,1,body,1.3975709641048786
5471,1,body,1.3975576563948273
5478,1,body,1.397578796222714
5480,1,body,1.3975787962221924
5485,1,body,1.397571700276105
5489,1,body,1.3975399175630636
5490,1,body,1.3975699257170833
5491,1,body,1.3975597822312926
5495,1,body,1.3975474633468539
5496,1,body,1.3975602699542302
5498,1,body,1.3975463299687385
5499,1,body,1.397561825574133
5502,1,body,1.3975715738987227
5503,1,body,1.3975471967655593
5511,1,body,1.397557656395088
5514,1,body,1.3975597822312926
5519,1,body,1.397559453487187
5520,1,body,1.3975734681884835
5521,1,body,1.3975541606962336
5523,1,body,1.3975651557359006
5524,1,body,1.3975649925634392
5531,1,body,1.3975576563948273
5532,1,body,1.397572188792963
5534,1,body,1.397572188792963
5536,1,body,1.397561825574133
5537,1,body,1.3975649221871362
5538,1,body,1.3975476284435653
5542,1,body,1.3975476284438262
5544,4,body,1.397561825574133
5546,1,head,0.6578808122259346
5552,1,body,1.3975709641048786
5553,1,head,0.6031632145938313
5559,1,body,1.3975542177744642
5560,1,head,0.38675861042285453
5566,1,body,1.3975516134900237
5567,1,body,1.3975411714790291
5570,1,body,1.397578796222714
5573,1,body,1.3975649925634392
5576,1,body,1.3975516134900237
5577,1,body,1.3975528479578385
5578,1,body,1.3975417087298048
5582,1,body,1.3975676457628143
5583,1,body,1.3975516134900237
5588,1,body,1.3975676457628143
5589,1,body,1.397561825574133
5590,1,body,1.3975571783413965
5594,1,body,1.3975516134900237
5596,2,body,1.3975536415389644
5597,1,body,1.3975433365194767
5604,1,body,1.3975734681884835
5605,1,body,1.3975528479578385
5609,1,body,1.3975665131519381
5610,1,body,1.3975628434743987
5613,1,body,1.3975542177744642
5614,1,head,0.5723973461581942
5615,1,body,1.3975576563948273
5618,1,body,1.3975598384379198
5623,1,body,1.3975709641048786
5624,1,body,1.3975628434743987
5634,1,body,1.3975649925634392
5639,1,body,1.3975476284435653
5640,1,body,1.397572188792963
5646,1,body,1.397571573898462
5653,1,body,1.3975474633468539
5655,1,body,1.3975536415389644
5659,1,body,1.3975541606964943
5663,1,body,1.3975651546154553
5664,1,body,1.3975721887932238
5685,1,body,1.3975528479578385
5689,1,body,1.3975481007513881
5691,1,body,1.3975411714790291
5695,1,body,1.3975536415392253
5701,1,body,1.3975492686270212
5703,1,body,1.3975717002766266
5704,3,body,1.3975595996258554
5705,1,body,1.3975758819602797
5706,1,body,1.3975433365197374
5713,3,body,1.3975715738987227
5714,1,body,1.3975411714790291
5716,1,body,1.3975781219660512
5717,1,body,1.3975411714790291
5718,1,body,1.397539917562542
5725,1,body,1.3975769685756094
5731,1,body,1.3975717002766266
5733,1,body,1.3975542177744642
5736,1,body,1.3975481007519097
5737,4,body,1.3975399175630636
5742,1,body,1.3975769685756094
5743,1,body,1.397578796222714
5750,1,body,1.3975474633468539
5752,1,body,1.3975699257170833
5753,1,body,1.3975595996258554
5760,1,body,1.3975651546154553
5764,1,body,1.3975541297890621
5767,1,body,1.3975593506509325
5769,1,body,1.397554217774725
5770,1,body,1.3975541606964943
5771,1,body,1.3975589575494136
5772,1,body,1.3975676457628143
5780,1,body,1.3975411714790291
5781,1,body,1.3975516134900237
5782,1,body,1.3975709641051395
5785,1,body,1.3975576563948273
5786,1,body,1.3975541297893228
5791,1,body,1.3975651557356399
5797,1,body,1.3975471967658202
5798,1,body,1.397557656395088
5804,1,body,1.3975709641051395
5810,1,body,1.3975476284435653
5817,1,body,1.3975542177744642
5822,1,body,1.3975649221871362
5823,1,head,0.8142280891200807
5829,1,body,1.3975665131516775
5838,1,body,1.3975536415389644
5841,1,body,1.3975528479578385
5846,1,body,1.3975411714787682
5847,1,body,1.3975541606964943
5850,1,body,1.3975665131519381
5851,1,body,1.3975481007519097
5857,1,body,1.3975516134900237
5859,1,body,1.3975602699542302
5860,1,body,1.3975589575491527
5863,1,body,1.3975651557359006
5865,1,body,1.3975528479580992
5867,1,body,1.3975516134900237
5874,1,body,1.3975541297893228
5875,1,body,1.3975516134900237
5877,1,body,1.3975709641048786
5878,1,body,1.3975628434743987
5881,1,body,1.3975571783411356
5890,1,body,1.3975571783411356
5896,1,body,1.3975649221868756
5897,1,body,1.3975463299687385
5899,1,body,1.3975715738987227
5902,1,body,1.3975474633468539
5910,1,body,1.3975602699542302
5913,1,body,1.3975769685756094
5919,2,body,1.3975651557359006
5920,1,body,1.3975589575491527
5927,1,body,1.3975781219660512
5928,1,body,1.397560269954491
5932,1,body,1.3975649925634392
5934,1,body,1.397578796222714
5937,1,body,1.3975717002766266
5943,1,body,1.3975492686270212
5946,1,body,1.3975481007513881
5947,1,body,1.3975541297893228
5949,1,body,1.3975541297893228
5954,4,head,0.9338056653499838
5959,1,body,1.3975589575491527
5960,1,body,1.3975699257165617
5964,1,body,1.3975628434743987
5967,1,body,1.397559453487187
5968,1,body,1.3975598384379198
5969,1,body,1.3975709641048786
5970,1,body,1.3975463299687385
5972,1,body,1.397559453487187
5973,1,body,1.3975571783411356
5978,1,body,1.3975417087303263
5981,1,body,1.397571700276105
5982,1,body,1.3975598384379198
5985,1,body,1.3975399175630636
5986,1,body,1.3975699257165617
5992,1,body,1.3975717002766266
5994,1,body,1.3975781219660512
5995,1,body,1.3975715738987227
5997,1,body,1.397559453487187
6000,1,body,1.397578796222714
6001,1,body,1.3975602699542302
6003,1,body,1.3975541606964943
6004,1,body,1.3975481007513881
6005,1,body,1.3975481007519097
6018,1,body,1.3975541606964943
6019,1,body,1.3975665131519381
6020,1,body,1.3975433365197374
6021,1,body,1.397573468189005
6022,1,body,1.3975715738989836
6024,1,body,1.3975433365197374
6026,1,body,1.3975516134900237
6037,1,body,1.3975463299687385
6039,1,body,1.3975593506506718
6040,1,body,1.397565154615716
6044,1,body,1.3975589575491527
6045,1,body,1.3975589575494136
6046,1,body,1.3975651557359006
6050,4,tail,0.0
6051,1,body,1.3975781219657906
6052,1,body,1.3975597822312926
6057,1,body,1.3975471967655593
6059,1,body,1.397565154615716
6062,1,body,1.3975471967655593
6063,1,body,1.3975528479578385
6071,1,body,1.397573468189005
6073,1,body,1.3975476284435653
6076,1,body,1.3975709641048786
6078,1,body,1.3975651546154553
6079,1,body,1.397561825574133
6084,1,body,1.3975781219660512
6085,1,body,1.397561825574133
6091,1,body,1.397561825574133
6093,1,body,1.397572188792963
6094,1,body,1.3975463299689994
6098,1,body,1.3975536415389644
6099,1,body,1.3975536415389644
6100,2,body,1.3975528479578385
6104,1,body,1.3975433365194767
6114,1,body,1.3975536415392253
6115,1,body,1.3975715738987227
6117,1,body,1.3975571783411356
6121,1,body,1.397575881960019
6136,1,body,1.3975528479580992
6141,1,body,1.3975758819602797
6142,1,body,1.3975541297893228
6143,1,body,1.3975665131519381
6145,1,body,1.3975709641051395
6151,1,body,1.3975541297893228
6157,1,body,1.3975593506506718
6159,1,body,1.3975715738989836
6160,1,body,1.3975597822312926
6162,1,body,1.3975651557359006
6164,1,body,1.3975649925634392
6167,1,body,1.3975417087303263
6168,1,body,1.3975651557356399
6170,2,body,1.397560269954491
6173,1,body,1.3975474633468539
6175,1,body,1.3975474633471145
6182,1,body,1.3975417087298048
6189,1,body,1.3975463299684778
6190,1,body,1.3975595996258554
6200,1,body,1.3975411714790291
6207,1,body,1.3975715738987227
6213,1,body,1.3975769685756094
6214,1,body,1.3975492686272821
6216,1,body,1.3975715738987227
6217,1,body,1.3975492686272821
6219,1,body,1.3975595996258554
6223,1,body,1.3975474633468539
6224,1,body,1.3975598384379198
6230,1,body,1.397559453487187
6233,3,body,1.3975595996258554
6234,1,body,1.3975417087298048
6236,1,body,1.3975651546154553
6237,1,body,1.3975595996258554
6241,1,body,1.3975699257170833
6242,1,body,1.3975399175630636
6247,3,body,1.397564992563961
6248,1,body,1.397571700276105
6249,2,body,1.3975536415392253
6252,1,body,1.3975717002766266
6257,1,body,1.397578796222714
6259,3,body,1.3975542177744642
6266,1,body,1.3975699257170833
6271,1,body,1.3975417087298048
6272,1,body,1.3975597822312926
6275,1,body,1.3975474633471145
6276,1,body,1.3975541606962336
6278,3,body,1.3975628434743987
6279,1,body,1.3975576563948273
6284,1,body,1.3975649221868756
6285,1,body,1.3975602699542302
6288,1,body,1.3975781219657906
6291,1,body,1.3975463299689994
6294,1,body,1.397560269954491
6297,1,body,1.3975589575491527
6300,1,body,1.3975769685756094
6301,1,body,1.3975651546154553
6304,1,body,1.3975651557359006
6307,1,body,1.3975597822315535
6312,1,body,1.3975769685756094
6315,1,body,1.3975541297893228
6322,1,body,1.3975542177744642
6324,1,body,1.3975476284438262
6327,1,body,1.3975649221871362
6328,1,body,1.3975676457628143
6329,1,body,1.397578796222714
6331,1,body,1.397561825574133
6340,1,body,1.3975528479578385
6343,1,body,1.3975542177744642
6347,1,body,1.3975628434743987
6350,1,body,1.3975758819602797
6351,1,body,1.3975571783411356
6352,1,body,1.3975571783413965
6353,1,body,1.3975676457628143
6356,2,body,1.3975665131516775
6358,1,body,1.397557178340875
6360,1,body,1.3975593506506718
6363,1,body,1.3975665131519381
6370,1,body,1.3975516134900237
6371,1,body,1.3975649925637004
6381,2,body,1.3975536415392253
6382,1,body,1.397575881960019
6383,1,body,1.3975758819602797
6384,1,body,1.397565154615716
6391,1,body,1.3975542177744642
6392,1,body,1.3975628434746594
6404,1,body,1.3975709641048786
6412,2,body,1.3975471967655593
6414,1,body,1.397561825574133
6416,1,body,1.3975758819602797
6419,1,body,1.3975593506509325
6425,1,body,1.3975651546154553
6429,1,body,1.3975536415389644
6430,1,head,0.8847607033056926
6438,1,body,1.3975542177744642
6439,1,body,1.3975676457628143
6441,1,body,1.3975598384379198
6442,1,body,1.3975769685756094
6444,1,body,1.3975474633468539
6446,1,body,1.3975576563948273
6451,1,body,1.3975598384381804
6460,1,body,1.3975417087303263
6463,1,body,1.3975417087298048
6465,1,body,1.3975699257170833
6466,1,body,1.3975593506506718
6467,1,body,1.3975474633468539
6470,1,body,1.397559453487187
6478,1,body,1.3975665131516775
6482,1,body,1.3975481007519097
6483,1,body,1.3975699257165617
6484,1,body,1.3975411714790291
6486,1,body,1.397578796222714
6487,1,body,1.397557656395088
6489,1,body,1.3975411714787682
6492,1,body,1.3975542177744642
6496,1,body,1.3975598384381804
6497,1,head,0.943798620419134
6505,1,body,1.3975492686267605
6506,1,body,1.3975734681884835
6510,1,head,0.4760087877482351
6513,1,body,1.397559453487187
6514,1,body,1.3975492686267605
6517,1,body,1.3975699257165617
6520,1,body,1.3975411714787682
6523,1,body,1.397559453487187
6526,1,body,1.3975399175630636
6527,1,head,1.5395406716189672
6530,1,body,1.3975598384381804
6535,1,body,1.3975481007519097
6536,1,body,1.397561825574133
6537,1,body,1.3975717002766266
6542,1,body,1.3975597822315535
6545,1,body,1.397578796222714
6549,1,body,1.3975536415389644
6552,1,body,1.3975734681884835
6555,1,body,1.3975463299687385
6557,1,body,1.3975769685756094
6560,1,body,1.3975781219660512
6561,1,body,1.3975474633468539
6569,1,body,1.3975476284435653
6576,1,body,1.3975602699542302
6585,1,body,1.3975651557359006
6591,1,body,1.3975471967655593
6593,2,body,1.3975721887932238
6598,1,body,1.3975476284435653
6607,1,body,1.3975576563948273
6614,1,body,1.3975709641051395
6616,1,body,1.3975665131519381
6621,1,body,1.3975649221871362
6624,1,body,1.397561825574133
6626,1,body,1.3975651557359006
6629,1,body,1.3975542177744642
6636,1,body,1.3975665131516775
6639,1,body,1.3975471967655593
6652,1,body,1.3975571783411356
6653,2,body,1.3975528479578385
6654,1,body,1.3975769685756094
6660,1,body,1.3975734681884835
6667,1,body,1.397572188792963
6671,1,body,1.3975709641051395
6674,1,body,1.3975471967655593
6681,1,body,1.3975576563948273
6684,1,head,0.4859417890262678
6687,1,body,1.3975541606964943
6691,1,body,1.3975471967655593
6694,1,body,1.3975721887932238
6697,1,body,1.3975781219660512
6698,1,body,1.397578796222714
6699,1,body,1.3975541606962336
6700,1,body,1.3975717002766266
6701,1,body,1.3975781219660512
6704,1,body,1.3975576563948273
6706,1,body,1.3975665131516775
6710,1,body,1.3975593506506718
6712,1,body,1.3975589575491527
6713,1,body,1.3975597822312926
6715,3,body,1.397561825574133
6717,1,body,1.3975576563948273
6718,1,head,0.7945368620146493
6721,1,body,1.3975602699542302
6724,1,body,1.3975589575491527
6725,1,body,1.3975474633468539
6726,1,body,1.3975593506509325
6730,1,body,1.397565154615716
6731,1,body,1.3975651557359006
6738,1,body,1.3975541297893228
6741,3,body,1.3975699257170833
6744,1,body,1.3975417087298048
6750,1,body,1.3975481007516488
6751,1,body,1.3975769685756094
6752,1,body,1.3975593506506718
6755,1,body,1.3975709641051395
6761,1,body,1.3975699257170833
6762,1,body,1.3975481007519097
6765,1,body,1.3975594534874478
6767,1,body,1.3975411714787682
6775,1,body,1.3975781219660512
6788,1,body,1.3975492686270212
6790,2,body,1.3975699257170833
6794,1,body,1.397559453487187
6795,1,body,1.3975492686270212
6796,1,body,1.3975594534874478
6797,1,body,1.3975651557359006
6801,1,body,1.3975595996258554
6804,1,body,1.397559453487187
6806,1,head,1.0246722233916552
6813,1,body,1.3975399175630636
6817,1,body,1.3975481007519097
6819,1,body,1.3975474633468539
6822,1,body,1.3975769685756094
6823,1,body,1.3975417087298048
6831,1,body,1.3975717002766266
6836,1,body,1.397578796222714
6837,1,body,1.3975417087303263
6840,2,body,1.3975474633468539
6842,1,body,1.3975602699542302
6845,1,body,1.3975541297893228
6847,1,body,1.3975541297893228
6850,1,body,1.3975542177744642
6851,1,body,1.3975651546154553
6857,1,body,1.3975433365197374
6859,1,body,1.3975651557356399
6865,2,body,1.3975734681884835
6871,1,body,1.397561825574133
6875,1,body,1.3975709641051395
6877,1,body,1.3975399175630636
6879,1,body,1.3975758819602797
6884,1,body,1.3975628434743987
6888,1,body,1.3975571783411356
6890,4,body,1.397559453487187
6892,1,body,1.3975516134900237
6893,1,body,1.3975676457628143
6897,1,body,1.3975433365197374
6898,1,body,1.3975571783413965
6903,1,body,1.3975649925634392
6905,2,body,1.3975665131516775
6906,1,body,1.3975516134900237
6908,1,body,1.3975576563948273
6909,1,body,1.3975536415389644
6910,1,head,1.4838492110188146
6911,1,body,1.3975758819602797
6912,1,body,1.3975571783411356
6913,1,body,1.3975528479578385
6916,1,body,1.3975576563948273
6917,1,body,1.3975433365197374
6919,3,head,0.8375308101789756
6920,1,body,1.3975676457628143
6924,1,body,1.3975758819602797
6927,1,body,1.3975628434743987
6929,1,body,1.3975593506509325
6931,2,body,1.3975734681884835
6941,1,body,1.3975709641048786
6945,1,body,1.3975649221871362
6952,1,body,1.3975476284435653
6955,1,body,1.397561825574133
6960,1,body,1.397572188792963
6961,1,body,1.3975571783413965
6963,1,body,1.397572188792963
6964,1,body,1.3975628434743987
6966,1,head,0.7648211494888586
6969,1,body,1.3975734681884835
6986,1,body,1.3975589575491527
6989,1,body,1.3975528479580992
6992,1,body,1.3975676457628143
6995,1,body,1.397561825574133
7001,1,body,1.3975665131516775
7005,1,body,1.3975541297893228
7010,1,body,1.3975463299687385
7011,1,body,1.3975715738987227
7013,4,body,1.3975717002766266
7017,1,body,1.3975781219657906
7025,1,body,1.3975463299689994
7028,1,body,1.3975481007516488
7034,1,body,1.3975411714790291
7037,1,body,1.3975781219657906
7043,1,body,1.397578796222714
7049,1,body,1.3975699257170833
7050,1,body,1.3975492686272821
7055,1,body,1.3975492686272821
7060,3,body,1.3975651557359006
7061,1,body,1.3975595996258554
7065,1,body,1.3975598384381804
7068,3,body,1.3975471967655593
7069,4,body,1.397572188792963
7073,2,body,1.3975433365197374
7079,1,body,1.3975769685756094
7081,1,body,1.3975721887932238
7086,3,body,1.3975433365197374
7089,1,body,1.3975399175630636
7101,1,body,1.3975474633468539
7107,1,body,1.3975734681884835
7113,1,body,1.3975597822315535
7119,1,body,1.3975471967655593
7120,1,body,1.3975516134900237
7121,1,body,1.3975602699542302
7129,1,body,1.3975593506509325
7140,1,body,1.3975649221871362
7149,1,body,1.3975709641048786
7153,1,body,1.3975541297890621
7154,1,body,1.3975593506506718
7166,1,body,1.3975676457628143
7167,1,body,1.3975528479578385
7170,1,body,1.3975758819602797
7175,1,body,1.3975463299687385
7178,1,body,1.3975665131519381
7180,1,body,1.3975598384379198
7184,1,body,1.3975516134900237
7185,2,body,1.3975576563945664
7191,1,body,1.3975651546154553
7192,1,body,1.3975528479578385
7195,1,body,1.3975516134900237
7199,2,head,0.7506290360990979
7200,1,body,1.3975576563948273
7201,1,head,0.8741714877291055
7202,1,head,0.702604086800328
7206,1,body,1.3975542177744642
7217,1,body,1.3975571783411356
7218,1,body,1.3975476284435653
7221,1,head,0.8013057767516213
7222,1,body,1.3975471967655593
7225,1,body,1.3975709641048786
7226,1,body,1.3975528479578385
7229,1,body,1.3975649925637004
7233,1,body,1.3975492686267605
7236,1,body,1.3975734681884835
7243,1,body,1.397572188792963
7244,1,body,1.3975541606964943
7248,1,body,1.3975536415392253
7253,1,body,1.3975651557356399
7257,1,body,1.3975597822312926
7260,3,body,1.3975676457628143
7262,1,body,1.3975593506509325
7265,1,body,1.3975541297893228
7266,1,body,1.3975665131519381
7270,1,body,1.3975471967655593
7271,1,body,1.3975628434743987
7277,1,body,1.3975598384379198
7278,1,body,1.3975474633468539
7279,3,body,1.3975597822315535
7280,1,body,1.3975589575491527
7282,1,body,1.3975433365197374
7287,1,body,1.3975476284435653
7293,1,body,1.3975433365197374
7294,3,body,1.3975593506506718
7295,1,body,1.3975721887932238
7296,1,body,1.3975481007519097
7299,1,body,1.3975399175630636
7315,1,body,1.3975536415389644
7321,1,body,1.3975417087300654
7322,1,body,1.3975651546154553
7323,1,body,1.3975528479580992
7326,1,body,1.3975717002766266
7328,1,body,1.397559453487187
7329,1,body,1.397559453487187
7341,1,body,1.3975411714790291
7359,1,head,0.8674154152825964
7366,2,body,1.3975492686272821
7382,1,body,1.3975399175630636
7385,4,tail,0.0
7389,1,body,1.3975571783411356
7390,1,head,0.716690032914957
7393,1,body,1.3975597822315535
7399,1,body,1.3975758819602797
7400,1,body,1.3975576563948273
7401,1,body,1.3975471967655593
7403,3,body,1.3975476284435653
7409,1,body,1.3975471967655593
7411,1,body,1.397561825574133
7413,1,body,1.3975651557359006
7414,1,body,1.3975474633468539
7424,1,body,1.3975476284435653
7426,3,body,1.3975709641048786
7430,1,body,1.3975516134900237
7432,1,body,1.3975542177744642
7437,1,body,1.397564992563961
7439,1,body,1.3975433365197374
7446,1,body,1.397572188792963
7449,1,body,1.397572188792963
7458,1,body,1.3975758819602797
7463,1,body,1.3975571783411356
7464,1,body,1.3975758819602797
7465,3,body,1.3975665131519381
7468,1,body,1.3975516134900237
7475,1,body,1.3975528479578385
7479,1,body,1.3975542177744642
7480,1,body,1.3975781219660512
7485,1,body,1.3975571783411356
7488,1,body,1.3975541297893228
7489,1,body,1.3975676457628143
7495,1,body,1.3975628434746594
7497,1,body,1.3975602699542302
7500,1,body,1.3975516134900237
7502,1,body,1.3975709641048786
7505,1,body,1.3975476284435653
7507,1,body,1.397557178340875
7509,1,body,1.3975597822312926
7515,1,body,1.3975593506509325
7522,1,body,1.3975593506509325
7527,1,body,1.3975474633471145
7530,1,body,1.3975589575491527
7532,1,body,1.3975576563948273
7533,1,body,1.3975411714787682
7537,1,body,1.3975597822315535
7539,1,body,1.3975589575491527
7541,1,body,1.3975651546154553
7546,1,body,1.3975651557359006
7550,1,body,1.3975541297893228
7555,1,body,1.3975651546154553
7562,1,body,1.3975717002766266
7564,1,body,1.3975481007516488
7567,1,body,1.3975541606964943
7569,1,body,1.3975628434743987
7572,1,body,1.397557178340875
7573,1,body,1.397578796222714
7576,1,body,1.3975628434743987
7581,1,body,1.3975481007516488
7596,1,body,1.3975536415389644
7601,1,body,1.3975593506509325
7610,1,body,1.3975676457628143
7613,1,body,1.3975665131516775
7618,1,body,1.3975433365197374
7623,1,body,1.397564992563961
7625,1,body,1.3975492686267605
7627,1,body,1.3975463299687385
7628,1,body,1.3975481007519097
7633,1,body,1.3975541297893228
7636,1,body,1.3975734681884835
7637,1,body,1.3975541297893228
7641,1,body,1.3975602699542302
7642,1,body,1.3975411714787682
7643,1,body,1.3975536415389644
7645,1,body,1.3975598384379198
7646,1,body,1.3975476284438262
7651,1,body,1.3975541606964943
7654,1,body,1.3975589575491527
7658,1,head,0.6895512029845537
7662,1,body,1.3975769685756094
7668,1,body,1.397561825574133
7670,1,body,1.3975471967655593
7671,1,body,1.3975576563948273
7675,1,body,1.3975589575494136
7678,2,body,1.3975417087298048
7680,1,body,1.3975471967655593
7685,1,body,1.397560269954491
7687,1,body,1.3975571783413965
7691,1,body,1.3975476284438262
7695,1,body,1.3975481007513881
7700,1,body,1.397564992563961
7702,2,body,1.3975528479578385
7703,1,body,1.3975665131516775
7706,1,body,1.3975598384379198
7710,1,body,1.3975536415392253
7712,1,body,1.3975597822312926
7713,1,body,1.3975651557359006
7715,1,body,1.3975433365197374
7717,1,body,1.3975471967655593
7718,4,body,1.3975516134900237
7719,1,body,1.3975536415389644
7721,3,body,1.3975433365197374
7724,1,body,1.397564992563961
7725,1,body,1.3975651546154553
7730,1,body,1.3975516134900237
7734,1,body,1.3975665131516775
7738,1,body,1.3975628434743987
7741,1,body,1.3975676457628143
7742,1,body,1.3975536415392253
7743,1,body,1.3975598384379198
7744,1,body,1.3975433365197374
7750,1,body,1.3975542177744642
7753,1,body,1.3975433365197374
7754,1,body,1.3975536415389644
7755,1,body,1.3975649221868756
7756,1,body,1.3975628434743987
7761,1,body,1.3975709641051395
7764,1,body,1.397557656395088
7765,1,body,1.3975769685756094
7772,1,body,1.397561825574133
7773,1,body,1.3975602699542302
7774,1,body,1.3975781219657906
7780,1,body,1.3975721887932238
7781,1,head,1.0985721691427615
7782,1,body,1.397561825574133
7783,1,body,1.3975417087298048
7787,1,body,1.3975628434743987
7788,1,body,1.3975699257170833
7789,2,body,1.3975734681884835
7792,1,body,1.3975411714790291
7793,1,body,1.3975715738987227
7798,3,body,1.397573468189005
7799,1,body,1.3975651546154553
7800,1,body,1.3975536415389644
7809,1,body,1.3975651546154553
7813,1,body,1.3975541297890621
7817,1,body,1.3975734681887442
7819,1,body,1.397561825574133
7823,1,body,1.3975476284438262
7824,1,head,0.5758197068116736
7825,1,body,1.3975411714787682
7829,1,body,1.3975471967655593
7834,1,body,1.3975399175630636
7836,1,body,1.3975649925634392
7838,1,body,1.397578796222714
7841,1,body,1.397561825574133
7842,1,body,1.397572188792963
7846,1,body,1.3975593506506718
7851,1,body,1.3975481007516488
7852,1,body,1.3975781219657906
7853,1,body,1.3975769685756094
7857,1,body,1.3975595996258554
7859,1,body,1.3975597822312926
7865,1,body,1.3975411714787682
7866,1,body,1.3975598384379198
7868,1,body,1.3975649925637004
7871,1,body,1.3975399175630636
7872,1,body,1.3975717002766266
7875,1,body,1.3975542177744642
7876,1,body,1.3975463299687385
7877,1,head,0.6343374545696446
7879,1,body,1.397578796222714
7883,1,body,1.3975542177744642
7884,1,body,1.3975516134900237
7885,2,tail,0.0
7889,1,body,1.3975417087298048
7895,1,body,1.3975715738987227
7898,1,body,1.397539917562542
7902,1,body,1.3975463299687385
7905,1,body,1.397573468189005
7906,1,body,1.3975734681882226
7908,1,body,1.3975541297893228
7911,1,body,1.3975602699542302
7921,1,body,1.3975589575491527
7924,1,body,1.3975541606964943
7925,1,body,1.3975651557359006
7927,1,body,1.3975598384381804
7928,1,head,1.0280401129126617
7930,1,body,1.3975597822315535
7933,1,body,1.397560269954491
7936,1,body,1.3975649221868756
7938,1,body,1.3975699257170833
7939,1,body,1.397561825574133
7942,1,body,1.397572188792963
7948,1,body,1.3975769685756094
7956,1,body,1.3975709641048786
7958,1,body,1.3975476284435653
7961,1,body,1.3975649221868756
7964,1,body,1.3975769685756094
7966,1,body,1.3975649925634392
7968,1,body,1.3975665131516775
7969,1,body,1.3975528479578385
7971,3,body,1.3975589575494136
7977,1,body,1.3975536415389644
7986,1,body,1.3975649221866147
7989,3,body,1.3975758819602797
7992,1,body,1.3975516134900237
7993,1,body,1.3975758819602797
8000,1,body,1.3975528479580992
8001,1,body,1.3975541606962336
8002,1,body,1.3975593506506718
8005,1,body,1.3975758819602797
8010,1,body,1.3975571783416572
8013,1,body,1.397557178340875
8017,1,body,1.3975628434746594
8023,1,body,1.3975628434746594
8028,1,body,1.3975542177744642
8029,1,body,1.3975542177744642
8030,1,body,1.3975715738989836
8036,1,body,1.3975651557359006
8041,1,body,1.397578796222714
8044,1,body,1.397560269954491
8050,1,body,1.397578796222714
8055,1,body,1.3975649221866147
8056,1,body,1.3975717002766266
8062,1,body,1.3975649221871362
8066,1,body,1.3975649221868756
8069,1,body,1.3975734681884835
8071,1,body,1.3975576563945664
8072,1,body,1.3975417087298048
8075,1,body,1.3975593506509325
8078,1,body,1.397559453487187
8085,1,body,1.3975598384379198
8086,1,body,1.3975651546154553
8090,1,body,1.3975417087298048
8092,1,body,1.3975595996258554
8094,1,body,1.3975411714787682
8099,1,head,0.9930382619122049
8101,1,body,1.3975541606964943
8104,1,body,1.3975597822315535
8105,1,body,1.3975399175630636
8109,1,body,1.397557656395088
8110,1,body,1.3975463299687385
8112,1,body,1.3975536415389644
8116,4,body,1.3975492686270212
8119,1,body,1.3975595996258554
8122,1,body,1.3975595996258554
8128,1,body,1.3975699257165617
8133,1,body,1.3975717002766266
8135,1,head,0.44647088414573627
8139,1,body,1.3975699257170833
8143,1,body,1.3975541606964943
8144,2,body,1.397578796222714
8145,1,body,1.3975649221868756
8150,1,body,1.3975781219660512
8152,1,body,1.3975665131519381
8160,1,body,1.397578796222714
8163,1,body,1.3975474633468539
8166,1,body,1.3975709641051395
8168,1,head,0.7249431739905344
8172,1,body,1.397571700276105
8175,1,body,1.3975649221871362
8184,1,body,1.3975541606964943
8187,1,body,1.3975651557359006
8188,1,body,1.3975481007511272
8192,1,body,1.3975597822312926
8196,2,body,1.3975597822315535
8197,1,body,1.3975471967655593
8200,1,body,1.3975597822315535
8201,1,body,1.3975411714790291
8207,1,body,1.3975602699542302
8208,1,body,1.3975651546154553
8213,1,body,1.397561825574133
8219,1,body,1.3975541297893228
8221,1,body,1.3975649925637004
8226,1,body,1.3975476284438262
8232,1,body,1.3975665131519381
8238,1,body,1.3975734681884835
8244,1,head,0.6320232191460167
8245,1,head,1.03013949424283
8246,1,body,1.3975474633471145
8248,1,head,1.0612409103956977
8250,1,body,1.3975571783413965
8252,1,body,1.3975536415392253
8255,1,body,1.3975471967652986
8257,1,body,1.3975665131519381
8259,1,body,1.3975433365197374
8262,1,body,1.3975433365197374
8263,1,body,1.3975476284435653
8264,1,body,1.3975665131516775
8267,1,body,1.3975628434746594
8270,1,body,1.3975571783413965
8273,1,body,1.3975536415389644
8285,1,body,1.3975476284435653
8287,1,body,1.3975699257170833
8288,2,body,1.3975541606964943
8290,1,body,1.397561825574133
8292,1,body,1.3975649221866147
8295,1,body,1.397561825574133
8297,1,body,1.3975476284435653
8298,1,body,1.3975709641048786
8299,1,head,0.47833694340992644
8307,1,body,1.3975542177744642
8313,1,body,1.3975589575491527
8329,1,body,1.3975481007513881
8338,1,body,1.3975769685756094
8342,1,body,1.3975463299687385
8343,1,body,1.3975417087298048
8346,1,body,1.3975481007513881
8353,1,body,1.3975463299687385
8354,1,body,1.3975411714790291
8357,1,head,1.1295879829242337
8362,1,body,1.3975594534874478
8366,1,body,1.3975781219657906
8367,1,body,1.3975597822315535
8370,1,body,1.3975492686270212
8376,1,body,1.3975492686270212
8381,1,body,1.3975699257170833
8384,1,body,1.3975594534874478
8385,1,body,1.3975598384381804
8398,1,head,0.5317253578423569
8400,1,body,1.397571700276105
8401,1,body,1.3975649925637004
8405,1,body,1.397578796222714
8408,1,body,1.3975734681884835
8409,1,body,1.3975433365194767
8412,1,body,1.3975717002766266
8414,1,head,0.31215275854794355
8420,1,body,1.3975541297893228
8421,1,body,1.3975676457628143
8424,2,body,1.3975474633468539
8427,1,body,1.3975651546154553
8428,1,body,1.3975516134900237
8431,1,body,1.397572188792963
8432,1,body,1.3975593506506718
8437,1,body,1.3975541297893228
8438,1,body,1.3975571783411356
8441,1,body,1.3975589575491527
8448,1,body,1.3975649221871362
8453,1,body,1.3975471967655593
8465,1,head,0.583099051744242
8466,1,head,1.1199338453303413
8468,1,body,1.3975709641048786
8470,1,body,1.3975649221866147
8471,1,head,1.0612754201059391
8480,1,body,1.3975649925637004
8489,1,body,1.3975699257170833
8496,1,body,1.3975676457628143
8498,1,body,1.3975628434743987
8504,1,head,0.9488866120045298
8508,1,head,0.5191344043987294
8510,4,body,1.3975665131519381
8513,1,body,1.3975528479578385
8515,1,head,1.885866894348406
8520,1,body,1.397572188792963
8521,1,body,1.3975665131516775
8535,1,body,1.3975649221866147
8539,1,head,0.6316484147941769
8541,1,head,0.7386169648757442
8547,1,body,1.397571700276105
8548,1,head,0.34976174181417996
8549,1,body,1.3975651557356399
8552,1,body,1.3975721887932238
8554,1,head,1.0450709779205902
8555,1,head,0.7085762909750412
8561,1,body,1.3975589575494136
8566,1,head,1.3740666521841145
8570,1,head,0.6208305694366185
8576,1,head,0.7245291323136612
8579,1,body,1.3975651546154553
8581,1,body,1.3975602699542302
8585,1,body,1.3975715738987227
8589,1,body,1.3975474633468539
8594,1,body,1.3975715738987227
8601,1,head,0.7738625888913041
8605,1,body,1.3975471967655593
8607,1,head,0.5524188157765383
8613,1,body,1.3975417087298048
8615,1,body,1.3975417087303263
8617,1,body,1.3975769685756094
8618,1,head,0.608847328769146
8619,1,head,0.8808577581050285
8621,1,body,1.3975481007513881
8627,1,body,1.397561825574133
8628,1,body,1.3975411714787682
8637,2,head,0.7273839818187414
8638,1,body,1.3975781219663121
8639,1,head,0.504366938124454
8642,1,body,1.3975492686270212
8646,1,body,1.3975541297893228
8650,1,body,1.3975492686270212
8651,1,body,1.397559453487187
8653,1,body,1.3975699257170833
8657,1,body,1.397559453487187
8658,4,head,0.2602103770529875
8665,1,body,1.3975598384379198
8670,1,body,1.3975589575491527
8671,1,body,1.3975399175630636
8675,1,body,1.397578796222714
8676,1,body,1.3975417087298048
8680,1,body,1.3975481007513881
8681,2,head,1.104987986030255
8689,1,body,1.3975715738987227
8690,1,body,1.3975651546154553
8692,1,body,1.397578796222714
8697,1,body,1.3975474633468539
8699,1,head,0.8202938825470272
8701,1,head,0.6617513353756307
8702,1,head,0.5376225164091107
8713,1,body,1.3975589575494136
8729,1,body,1.3975602699542302
8733,1,body,1.3975769685756094
8734,2,body,1.3975595996258554
8745,1,body,1.397560269954491
8750,1,body,1.3975628434746594
8752,1,head,0.5314211239504254
8757,1,body,1.3975651557359006
8758,1,body,1.3975481007513881
8759,1,body,1.3975571783411356
8763,1,body,1.3975528479580992
8765,1,body,1.3975536415392253
8768,1,head,0.735809770278292
8769,1,body,1.3975516134900237
8772,1,head,0.31377986037689093
8775,1,body,1.3975516134902843
8780,1,body,1.3975528479578385
8783,2,head,0.5975443564874439
8786,1,body,1.3975758819602797
8789,3,head,1.9753684594730363
8790,1,head,1.528729225509269
8793,1,head,0.41624305385594457
8794,1,head,0.382970658872648
8802,1,head,0.6805405835718641
8806,1,head,1.1940370915479912
8811,1,body,1.3975433365197374
8813,1,body,1.3975541606964943
8814,1,head,1.0899751162616256
8816,1,body,1.3975541606964943
8818,1,head,0.45807532910657744
8820,1,head,0.8757464508246116
8821,1,head,0.6114869384136773
8822,1,head,0.3940800013056409
8828,4,head,0.4767637796734619
8830,1,head,0.5343736044045625
8836,1,body,1.3975471967652986
8837,1,body,1.3975721887927022
8838,1,head,0.04756296043573385
8843,1,head,0.8210279038865056
8844,1,head,1.2592634001828658
8849,1,body,1.3975593506509325
8851,1,head,1.054920721488857
8857,1,body,1.3975651546154553
8861,1,head,0.6118247431723086
8862,1,head,0.869691241612832
8865,1,head,0.36371078520708705
8866,1,body,1.3975589575491527
8873,1,head,1.7967986725925769
8874,1,head,0.5227677071213336
8882,1,head,0.33507352286864567
8883,1,head,0.2817406825580434
8890,1,body,1.3975474633471145
8892,1,head,0.6275982545329734
8893,1,head,0.36570454928514023
8895,1,body,1.3975769685756094
8897,1,body,1.3975715738989836
8903,1,body,1.3975781219663121
8904,1,head,1.117780408788393
8905,1,head,0.5628599974429217
8911,1,head,0.41339066430126914
8912,1,head,0.9113254805908951
8913,2,head,1.4458785304262485
8918,1,body,1.3975481007513881
8919,1,body,1.3975699257170833
8924,1,head,0.5200696284385663
8928,1,body,1.3975411714795507
8929,1,head,0.4205607212045233
8932,1,head,1.1866729813110066
8938,1,head,0.9550884595739342
8941,1,body,1.3975492686272821
8942,1,body,1.3975492686272821
8943,1,body,1.3975595996258554
8949,1,body,1.3975699257170833
8950,1,head,0.9654825846048103
8952,1,body,1.3975598384381804
8954,1,body,1.3975594534874478
8956,1,head,0.24445032167431283
8957,1,head,1.1156656900915014
8958,1,head,0.6698480575878627
8959,1,head,0.9455066916372625
8963,1,head,0.9528964093438521
8971,1,body,1.3975769685756094
8974,1,body,1.397571700276105
8978,2,body,1.3975417087298048
8980,1,head,1.1237628213721118
8981,1,head,0.5419579265678612
8985,1,head,0.5874695384059716
8986,1,head,0.061927691071920574
8988,1,head,0.8983717476763409
8993,1,body,1.3975541606964943
9003,1,head,0.7180079986936061
9010,1,body,1.3975628434743987
9011,1,body,1.3975717002766266
9013,1,body,1.3975541606964943
9018,1,head,1.0170548117871194
9022,1,body,1.3975651557359006
9024,1,head,1.1387579307389615
9025,1,body,1.3975463299687385
9035,1,head,0.6750890059376383
9038,1,head,0.7658573434639553
9045,2,body,1.3975516134900237
9048,1,head,1.565665642566676
9051,1,head,0.14428383147587698
9053,1,head,0.7661322006993581
9061,1,head,0.934445330177094
9062,1,body,1.3975433365197374
9065,1,body,1.3975676457625537
9071,1,body,1.3975433365194767
9072,1,head,0.7997300132314817
9073,1,head,1.3185195730998076
9077,1,head,1.4512701726071309
9086,1,head,0.3943091086875556
9087,1,head,0.6010551483534164
9101,1,head,1.327666568372055
9105,1,head,0.5160236462298627
9107,1,head,0.435632481237148
9114,1,head,0.6804698734097842
9117,1,head,1.1325432143538132
9118,1,head,1.0512126734689502
9119,1,body,1.3975476284438262
9120,1,head,0.4891254711661143
9121,1,body,1.3975595996258554
9122,1,head,1.148355879708931
9125,1,head,0.7936955499677341
9127,1,head,0.37420537652225033
9128,1,body,1.3975734681884835
9131,1,head,0.6641548881451319
9136,1,head,1.2244250810014703
9143,1,head,0.7526391054797559
9162,1,head,0.6190237023857614
9163,1,head,1.631501585589987
9169,1,body,1.3975433365194767
9170,1,head,0.5143697054051021
9173,3,head,1.0892437152395207
9176,1,head,1.131786517684974
9182,1,head,1.0784872063021282
9184,1,head,1.1089815142628998
9193,1,head,0.531531857682378
9194,1,head,0.5065986864388264
9198,1,head,0.5157144065122398
9199,1,head,0.20320527932828003
9201,2,head,1.1859633787964405
9202,1,head,0.328954707508205
9204,1,head,0.4606902239659635
9207,1,head,1.2065692375421126
9209,1,head,0.4882860824909373
9213,1,head,0.3283308243280346
9215,1,head,0.796339563250917
9217,1,head,0.5865805338098526
9221,1,head,0.4009991303259904
9222,1,head,0.7309477817297211
9224,1,head,0.6013266594393816
9226,1,head,0.5733939553472904
9227,1,head,0.07384671468306203
9228,1,head,0.3647619685281222
9229,2,head,0.6144869495232594
9237,1,head,0.8231911457692642
9238,1,head,0.6746433042189512
9239,1,head,0.4181316631368253
9240,1,head,0.8697376690469253
9241,1,body,1.3975594534874478
9245,1,body,1.3975399175630636
9249,2,head,0.20366393442202552
9253,1,body,1.397575881960019
9256,1,head,0.44457855503860216
9267,1,head,0.48636306281818137
9272,1,head,0.7631185584553513
9277,1,head,0.4760698651941913
9284,1,head,1.1962123401697564
9288,1,head,0.6043790645395568
9290,1,head,0.5922804482372638
9293,1,head,0.9750617568040555
9306,2,head,0.7349623630125598
9317,1,head,0.5423392186809232
9324,1,head,1.215807496684024
9325,1,head,0.9318474511239816
9326,1,head,0.6121657752579366
9330,1,head,0.3485759446749865
9338,1,head,0.9299983165562495
9339,1,head,1.3359322057008542
9340,1,head,2.323188472189646
9345,1,head,0.4924162995040906
9346,1,head,0.7177559392012717
9350,1,head,0.686477268451641
9355,1,head,0.5434813645447533
9358,1,head,0.6902345298120827
9360,1,head,2.1197318709332724
9361,1,head,0.745733721789003
9362,1,head,0.7001966066942266
9363,1,head,0.7217048094469872
9364,1,head,1.5205009304642794
9365,1,body,1.397557656395088
9366,1,head,0.7181553870955638
9368,1,body,1.3975676457628143
9370,1,head,1.0950977146489722
9371,1,head,0.7252623181403551
9373,1,head,0.6486030090617401
9375,1,head,0.5545174076808181
9379,1,body,1.3975597822312926
9381,1,head,0.905112917671991
9382,1,head,0.6570364416187422
9384,1,head,0.6225473709289238
9385,1,head,1.507937609346946
9387,1,head,0.624171414923859
9392,2,body,1.397578796222714
9398,1,head,0.2560507468454441
9402,1,head,0.8096312600319047
9406,1,head,0.4380639018493939
9407,1,head,0.6216534579705584
9409,1,head,0.47867103026333596
9410,1,head,1.3607453474512234
9412,1,head,0.5172680119940615
9413,1,head,0.9627071413073811
9415,1,head,1.7340659435030654
9422,1,head,0.7467517366880324
9424,1,head,0.7595319060314547
9426,1,head,0.43685146808216513
9429,1,head,0.7366177600635441
9435,1,head,0.6748267037779794
9437,1,head,1.1250992033637712
9438,1,head,1.2885942665021843
9444,1,head,0.4743068314597679
9445,1,head,0.8626087930647297
9446,1,head,0.7321732544387568
9448,1,head,0.8869984595640945
9450,1,head,0.6535314978287999
9452,1,head,0.3249484487752755
9453,1,head,2.895636406725819
9455,1,head,1.2995529687776972
9457,1,head,0.6236898114161804
9462,1,head,0.621039958592898
9479,1,head,0.997749002489188
9485,1,head,0.8026613451387866
9486,1,head,0.6652247462648762
9490,1,head,0.3796993451223518
9495,1,head,1.3149135147485207
9498,1,head,0.537394710313369
9499,1,head,0.6931612746561986
9509,1,head,0.7984314498695257
9517,3,head,1.1040775570137173
9518,1,head,1.0932308426721837
9526,1,head,0.74809652025203
9530,1,head,0.7340399615847932
9532,1,head,0.827513271990855
9541,1,head,0.5360813125155484
9548,1,head,0.1352965821211311
9552,1,body,1.397561825574133
9554,1,head,1.824602884379148
9555,1,head,0.6747289783474235
9556,1,head,0.7324284472498279
9562,1,head,0.5031221073993032
9565,1,head,0.8534115968453625
9566,1,head,1.2772290723279778
9567,1,head,1.0689455176331204
9569,1,head,0.7501957448105985
9572,1,head,0.26110190224075536
9574,1,head,0.16823306440294541
9575,1,head,0.92362489078087
9576,1,head,0.5636876875524403
9577,1,head,0.702748086193577
9579,1,head,0.9924122300889124
9580,1,head,0.4515330281424578
9582,1,head,0.7392066584354734
9583,1,body,1.3975721887932238
9588,1,head,0.6395580619952572
9589,1,head,1.6544112915283846
9592,1,head,0.8540325367001895
9602,1,head,1.065758578848212
9608,1,head,0.80778890812516
9609,1,head,1.462272301569968
9610,1,head,0.8373814240113705
9613,1,head,2.775515039627183
9615,1,head,1.8437819983386567
9625,1,head,0.6158619277322794
9626,1,head,0.808203458172229
9627,1,head,0.21814243699775654
9631,1,head,0.8784023096704134
9635,1,head,0.5186544303813247
9636,3,head,0.30075859910743774
9639,1,head,1.4922394463037814
9658,1,head,0.17460969441411367
9659,1,head,0.8058774166377125
9663,1,head,0.935959757904968
9667,1,head,0.9605755001269697
9668,1,head,0.3795283427955873
9669,1,head,0.7029765277034096
9672,1,head,0.5840654089265658
9673,1,head,0.8966594521254903
9681,1,head,1.1428322217122855
9682,1,head,0.7987757896427892
9684,1,head,0.6180987700880781
9685,1,head,0.9837167756864913
9690,1,head,1.4007243874782374
9698,1,head,0.7470513519147505
9704,1,head,0.5967815517215057
9706,1,head,0.5749426466075892
9712,1,head,0.7612015773641047
9713,1,head,0.27824631223188423
9714,1,head,0.5851846786491367
9718,1,head,0.7369649443761571
9720,1,head,0.18695077432894994
9721,1,head,0.10453367826206438
9722,1,head,0.4712987975886821
9724,1,head,0.687596911761871
9725,1,head,0.6182127230758298
9733,1,head,0.7051842164335487
9739,1,head,1.7380963180498192
9740,1,head,0.9526629590021513
9748,1,head,0.6948359814233459
9756,1,head,1.096996565170305
9771,1,head,0.3312149719895145
9774,1,head,0.5736253598429667
9776,1,head,0.8856858546871399
9777,1,head,0.5605967314399237
9778,1,head,0.5758179200456746
9780,1,head,0.27389634634745846
9790,1,head,0.9287245722601879
9791,1,head,0.33129424542824754
9792,1,head,0.9173456570544632
9793,1,head,0.6642233135384584
9794,1,head,0.5332913103667226
9797,1,body,1.3975399175630636
9799,1,head,0.6354110574262568
9800,1,head,1.0652639781355024
9802,1,head,1.4707813719971676
9804,1,head,0.923576050806102
9807,1,head,0.5591054378656828
9809,1,head,0.31131650754297646
9815,1,head,0.6071098617932885
9816,1,head,0.54512380488813
9818,1,head,0.8459572101803978
9819,1,head,1.0566662854785636
9820,1,head,0.7456838373230641
9821,1,body,1.3975576563945664
9823,1,head,0.3976588290675658
9824,1,head,0.962354183399244
9826,1,head,0.16741892561116226
9828,1,head,0.36787449064059224
9833,1,head,0.9102990686830295
9835,1,head,0.6111584030557592
9839,1,head,0.16612695460272833
9840,1,head,0.14318651514567488
9841,1,body,1.3975769685756094
9844,1,head,0.5296765667160659
9850,1,head,0.7064070857494246
9851,1,head,0.7726258646033898
9853,1,head,0.97327566357026
9854,1,head,0.7074915101635599
9859,1,head,1.2444521019635622
9860,1,head,1.0088264593099607
9861,1,head,0.7269951357869999
9864,1,head,0.6241651300742689
9869,1,head,0.8732519917807718
9878,1,head,0.7130007148683307
9883,1,head,0.59403757573119
9895,1,head,0.5348605596506603
9903,1,head,0.4274597643802145
9908,1,head,0.5048237758974787
9922,1,head,0.08140884083774022
9931,3,head,1.0895785370362014
9937,1,head,0.9439564416776065
9944,1,head,0.6310144216088324
9958,1,head,1.0453430167592273
9960,1,head,0.3111494157150112
9964,1,head,0.8336876666840456
9967,1,head,0.9529433694528137
9968,1,head,0.7600428827007478
9974,1,head,0.8269738746744998
9976,1,head,0.8276239407226157
9980,1,head,0.9110005503791878
9990,1,head,0.7333774856739754
9996,1,head,0.7855633951753729
9997,1,head,1.2496359911489248
10005,1,head,0.7231986604414494
10009,1,head,0.12130430627661166
10012,1,head,0.9795203089963123
10018,1,head,0.8771099546056516
10021,1,head,0.19093510432924088
10023,1,head,0.41800012007317494
10026,1,head,0.8342937753776682
10028,1,head,0.6608012940342235
10031,1,head,0.6832727356520605
10032,1,body,1.3975651557359006
10038,1,head,0.6235867158901661
10041,1,head,0.8269271341409349
10042,1,head,0.20922591120585998
10044,1,head,0.6830428786680114
10045,1,head,1.2911528155816394
10046,1,head,0.713283307131316
10049,1,head,0.535041457382837
10052,3,head,1.299676020784202
10055,1,body,1.3975536415392253
10057,1,head,1.5956037881820335
10061,1,head,1.1382392393677152
10067,1,head,0.9904265692645251
10070,1,head,0.36404314023149703
10071,1,head,0.28807783733998327
10072,1,head,0.9580590923896964
10073,2,body,1.3975649925634392
10089,1,head,0.541122831239065
10090,1,head,1.099040418558082
10093,1,head,0.3271340760032423
10102,1,head,0.2710154651000247
10104,1,head,0.7312220775626617
10105,1,head,0.6348939967546783
10107,1,head,0.9109929791060927
10115,1,head,0.511981069779997
10116,1,head,0.6311492999471439
10117,1,head,0.7721403456659447
10119,1,head,0.8236976091050122
10132,1,head,0.6448083346502285
10134,3,head,1.0020239324386502
10135,1,head,0.7001256197003829
10136,1,head,1.927332073524704
10139,1,head,0.6097224435942825
10150,1,head,0.8969491153633341
10153,1,head,0.6052104493251624
10165,1,head,1.2324986795751633
10169,1,head,1.5418890886643568
10172,1,head,0.8206694009521276
10174,1,head,0.3026388355085168
10175,1,head,1.4180946518362705
10180,1,head,1.95894428121788
10188,2,tail,0.0
10189,1,head,1.299030873319702
10198,1,head,0.8315623772682749
10200,1,head,0.18697674259002708
10202,1,head,0.7205346812759978
10216,1,head,0.2982086216494397
10226,1,head,1.3483528771791446
10237,1,head,0.5859144611569541
10238,1,head,0.6402341620584439
10265,1,head,0.6990980851263796
10269,1,head,0.9321174726426744
10274,1,head,0.9465279513642928
10291,1,head,1.2423767840733269
10297,1,head,1.6770455795045842
10299,1,body,1.397575881960019
10300,1,head,0.30466146474528827
10301,1,head,0.9802274763709146
10303,1,head,1.178248039422931
10304,1,head,0.27718195310664184
10315,1,head,0.5136482649403482
10322,1,head,0.5829589622030704
10332,1,head,1.4330587723180894
10335,1,head,0.8349990275458894
10341,1,head,0.3004803621887578
10342,2,head,1.5722148406849035
10345,1,head,0.4914306061647912
10347,1,head,0.7015389241141243
10352,1,head,0.5532205623817127
10357,1,head,0.7834701614622718
10359,2,head,0.6716948630138737
10368,1,head,1.002927894244542
10371,1,head,1.5869795195827325
10380,1,head,0.6531144832776269
10381,1,head,0.4496663903542652
10383,1,head,0.4987885593705059
10384,1,head,1.4394044599188873
10397,1,head,0.8991202388559241
10406,1,head,1.0880390240914297
10409,1,head,1.1820564264146591
10418,1,head,0.8050027874054769
10424,2,tail,0.0
10430,1,head,0.5763387341103717
10434,1,head,0.7855454161956109
10436,1,head,0.03364753019431807
10438,1,head,0.340632413944468
10439,1,head,0.4606420039862374
10441,1,head,0.8083556574189702
10447,1,head,0.815276393347428
10457,1,head,0.5325527275173166
10458,1,head,0.3928883226479829
10459,1,head,0.7473810258380513
10464,1,head,1.3196813362832738
10465,1,head,0.1452003880764511
10467,3,head,0.41501464704365953
10468,1,head,0.48423090391450213
10469,1,head,0.4125689048744703
10482,1,head,0.33352155146920537
10485,1,head,1.5785417517945388
10495,1,head,0.5860742209384616
10501,1,head,0.2589904392389117
10504,1,head,0.3006165375622837
10505,1,head,0.2096721545283551
10506,2,head,0.6480158090996347
10511,1,head,0.2668499755868394
10512,1,head,0.2942940437503121
10513,1,head,0.6840437306013515
10520,1,head,0.907198650115947
10531,1,head,0.9316155621907276
10536,1,head,0.16449676079512038
10537,1,head,1.5850246300787991
10542,2,head,1.0763549901044833
10543,1,head,1.2631816371578848
10554,1,head,1.0917245040483572
10555,1,head,0.7473236252828801
10556,1,head,1.5974250590318737
10570,1,head,0.26628430695135175
10573,1,head,2.0681754164385775
10574,1,head,2.7388175380100974
10577,1,head,2.545473639432076
10584,1,head,1.004060493637592
10587,1,head,1.2264444367466631
10593,1,head,1.3363616612078133
10599,1,head,0.6873460019185929
10603,1,head,1.1007569642659503
10604,1,head,0.4659033918332021
10606,1,head,1.8032398030415884
10608,1,head,0.3521335062052919
10621,1,head,1.199764045892424
10622,1,head,1.067209709075225
10625,1,head,0.2398790969527112
10628,1,head,2.578810622559528
10635,1,head,0.5686250801813836
10638,1,body,1.397564992563961
10642,1,head,0.7367261931613772
10657,1,head,0.30585100658606146
10661,1,head,0.4587021449316106
10662,1,head,0.5369840016213975
10663,1,head,0.7573465873161628
10665,1,head,0.8943639443546071
10674,1,head,0.8765430657302519
10675,1,head,0.6389349815942283
10685,1,head,1.0209066375957456
10692,1,head,0.4660218968799328
10695,1,head,0.3835952775088591
10697,1,head,0.3678768799450521
10698,1,head,0.9477602957129907
10699,1,head,0.3281376318352775
10700,1,head,0.45110144443676875
10701,1,head,0.3515264604008669
10702,1,head,0.7192029851218946
10703,1,head,0.5539257812877059
10707,1,head,0.3461463652336425
10708,1,head,0.6902385621164471
10715,1,head,0.09248212053854013
10716,1,head,0.8174074724488238
10719,1,head,0.6803300070542133
10720,1,head,0.5065840434269031
10721,1,head,0.17925823321549353
10722,2,head,0.21698689305560664
10738,1,head,0.7741050185118412
10739,1,head,0.3976536888779103
10745,1,head,1.9117551213452524
10749,1,head,0.9104325385594455
10751,1,head,1.5586498482294522
10755,1,head,0.35637780282598974
10768,1,head,1.038757271104397
10769,1,head,1.219153590489395
10773,1,head,1.150294812726507
10774,1,body,1.3975576563945664
10775,1,head,0.6047353096689747
10776,1,head,0.9406053056576683
10779,1,head,0.9224551139243597
10780,1,head,0.702744445040713
10782,1,head,0.8286715447959562
10784,1,body,1.397561825574133
10790,1,head,0.6819229409740803
10797,1,head,0.4484689227984915
10798,1,head,0.6726077008920722
10799,1,head,0.10762996080849618
10800,1,head,0.5703728709261747
10801,1,head,0.30639596569787786
10805,1,head,0.5919843375008305
10809,1,head,0.7025884119868481
10811,1,head,1.7317428906986003
10813,1,head,0.7321352597096278
10815,1,head,3.8226639080754197
10818,1,head,1.1640265054919459
10824,1,head,0.10202805766038828
10829,1,head,1.6911368409528857
10832,1,head,3.0954710527005584
10835,1,head,0.17142950905301604
10844,1,head,0.6535063941815312
10849,1,head,0.6787695306779562
10852,1,head,0.45333499529041615
10853,1,head,1.002999213630737
10854,1,head,0.26560639349269877
10857,1,head,0.8201909400235967
10868,1,head,0.736832548651062
10880,1,head,1.803298117630729
10884,1,head,0.47762337694655543
10910,1,head,0.4259285371406037
10912,3,head,0.5303559838036347
10917,1,head,0.4812491685637611
10934,1,head,2.0806930678129287
10938,1,head,0.8269159223855364
10940,1,head,0.20169579131479892
10947,1,head,0.49667418004163566
10948,1,head,0.6283982970671953
10952,1,head,0.8298047822788562
10956,1,head,0.9100351446717267
10959,1,head,0.07225700749349473
10961,1,head,1.8957262144732607
10965,1,head,0.447251326877406
10969,1,head,1.7420497622640727
10970,1,head,0.617215395376421
10976,1,head,0.6656441229510743
10978,1,head,0.21440087239373207
10979,1,head,2.9404946870830213
10987,1,head,0.5543999826746945
10988,1,head,2.3046231785828537
10996,1,head,1.8943681215931247
11000,1,head,0.1262048015128199
11012,1,head,0.5586460559183751
11027,1,head,0.8057559599453104
11040,1,head,0.7554652077795622
11042,1,head,0.9750283740551013
11043,1,head,0.27474790870470656
11044,1,head,0.9262624005864699
11045,1,head,0.2086335569584629
11047,1,head,0.6388522825127588
11059,1,head,0.4349625573292351
11060,1,head,0.42058401831328773
11072,1,head,0.17605471686489704
11075,2,body,1.397578796222714
11082,1,head,1.211666742421531
11089,1,head,1.2322872085052183
11091,1,head,0.834337814413393
11092,1,head,0.8789507615280899
11107,2,head,0.8493174247852914
11110,1,head,0.3205981932853859
11117,1,head,0.7609629774828721
11129,1,head,1.4805618184739566
11133,1,head,1.5909887935399512
11134,1,head,0.3905678390147099
11141,1,head,0.2665488465728567
11146,1,head,0.8816885535990732
11150,1,head,0.5310428770576158
11158,1,head,0.6073145496621195
11162,1,head,0.5536360105976584
11169,1,head,0.6434712065102695
11174,1,head,1.02762574330559
11178,1,head,2.1594860995205365
11181,1,head,0.13543124236810034
11182,2,head,0.3735663131512294
11190,1,head,1.9355051590353936
11191,1,head,0.9961164931830611
11193,1,head,0.1552760737866344
11202,1,head,0.8809283341073529
11205,1,head,0.8633441804925531
11206,1,head,1.2153456671766498
11209,3,head,0.36941307968311177
11218,1,head,0.7723274492306049
11220,1,head,0.8254017338819611
11227,1,head,0.8371322761621702
11231,1,head,1.2177146143213329
11233,1,head,0.861844597956603
11235,1,head,0.7869530742671332
11236,1,head,0.739923448771435
11238,1,head,0.5162549398763334
11239,1,head,0.33253558253377274
11242,1,head,0.4339624806815156
11245,1,head,0.6515710519630072
11247,1,head,1.2450576148578736
11251,1,head,0.6565067365286711
11254,1,head,0.758388746529849
11258,1,body,1.3975628434746594
11263,1,body,1.397572188792963
11272,1,body,1.3975571783416572
11302,1,body,1.3975399175630636
11314,1,head,0.2935163304222431
11324,1,head,0.5138998491328693
11332,1,body,1.3975649925634392
11337,1,body,1.3975516134900237
11343,1,body,1.397560269954491
11353,1,body,1.3975595996258554
11364,1,body,1.3975649221871362
11371,1,body,1.3975758819602797
11374,1,body,1.3975709641051395
11385,1,body,1.3975758819602797
11387,1,body,1.3975665131516775
11444,4,head,2.3549936975630352
11451,1,body,1.3975576563948273
11466,1,head,1.2022602884595253
11498,1,body,1.3975651557359006
11503,1,body,1.3975769685756094
11507,1,tail,0.0
11546,1,body,1.3975709641051395
11549,1,body,1.3975721887927022
11569,1,body,1.3975541606964943
11578,1,body,1.3975417087298048
11579,1,body,1.3975481007513881
11586,1,body,1.3975781219660512
11592,2,body,1.3975709641048786
11604,1,body,1.3975589575491527
11640,2,body,1.3975541297893228
11646,1,body,1.3975699257165617
11648,1,body,1.3975463299687385
11652,1,body,1.3975781219657906
11653,1,body,1.3975399175630636
11681,1,body,1.3975542177744642
11684,1,body,1.3975571783411356
11685,1,body,1.3975709641048786
11687,2,body,1.3975649221868756
11707,1,body,1.3975399175630636
11708,1,body,1.3975399175630636
11709,1,body,1.3975463299684778
11715,2,body,1.3975399175630636
11778,2,body,1.3975593506509325
11789,1,body,1.3975649925634392
11802,1,body,1.3975433365194767
11834,2,body,1.3975481007516488
11872,1,body,1.3975541606962336
11874,1,body,1.3975476284435653
11879,1,body,1.3975651546154553
11884,1,body,1.3975541606962336
11936,1,body,1.3975649221866147
11961,2,head,0.8704459266864891
12079,4,body,1.3975595996258554
12085,1,tail,0.0
12093,1,body,1.3975651546154553
12110,1,body,1.3975676457628143
12119,4,body,1.3975649221866147
12141,4,body,1.3975433365197374
12163,2,head,0.47744566327252663
12196,1,body,1.3975665131516775
12197,1,body,1.3975649925637004
12199,1,body,1.3975649221871362
12209,1,body,1.3975628434746594
12271,4,head,0.7845373173905814
12290,1,body,1.3975595996258554
12307,4,head,0.41884240919853205
12316,4,head,0.2213229386418321
12326,1,body,1.3975593506506718
12342,1,body,1.3975709641048786
12343,1,body,1.3975536415389644
12344,1,body,1.3975433365194767
12366,1,tail,0.0
12367,1,body,1.3975481007513881
12383,1,body,1.3975576563948273
12414,1,body,1.3975593506509325
12420,4,head,0.6036235455419585
12446,4,body,1.3975649925634392
12530,1,body,1.3975476284435653
12541,1,body,1.3975463299689994
12556,1,tail,0.0
12626,1,body,1.3975715738987227
12653,4,head,1.722448026799848
12776,1,body,1.3975571783411356
12780,2,body,1.3975542177744642
12794,1,tail,0.0
12801,1,body,1.3975781219657906
12850,1,body,1.397564992563961
12968,4,tail,0.0
13035,1,body,1.3975676457628143
13068,4,body,1.3975676457628143
13150,2,body,1.3975417087298048
13233,1,body,1.3975717002766266
13361,1,tail,0.0
13368,2,body,1.3975417087298048
13369,1,body,1.3975593506506718
13436,1,body,1.3975481007516488
13443,4,body,1.3975463299684778
13448,4,body,1.3975717002766266
13628,2,body,1.3975474633471145
13792,1,tail,0.0
13895,1,head,1.3765950390242054
14080,1,body,1.3975417087300654
14089,1,body,1.3975492686272821
14153,4,body,1.3975481007516488
14324,2,body,1.3975594534874478
14362,1,head,0.7932243112554053
14437,2,head,0.5178207057128215
14557,4,body,1.3975516134900237
14559,4,body,1.3975571783411356
14671,2,body,1.3975471967655593
14683,1,head,0.7430763182186817
14728,4,body,1.3975589575491527
14783,4,body,1.3975417087298048
15059,1,head,0.7752111529291025
15106,1,body,1.3975717002766266
15402,2,body,1.3975399175630636
15457,2,body,1.3975651546154553
16289,4,head,1.1976515103466547
16325,1,head,0.826914848576454
16576,2,head,0.8537802326561984
16733,2,body,1.3975649221866147
16870,1,body,1.3975528479578385
16874,2,body,1.397575881960019
17110,2,body,1.3975651546154553
17233,2,head,1.5360198994680816
17235,2,head,1.8888499637962748
17641,2,body,1.3975734681882226
17816,4,body,1.3975665131516775
17899,1,head,0.7516766701105878
17989,1,body,1.397561825574133
17990,1,body,1.3975476284435653
18183,1,body,1.3975734681882226
18296,4,head,0.7607426605932187
18298,2,head,0.7543228906804003
18484,1,head,0.5583464393059099
18801,1,body,1.3975597822312926
18802,4,body,1.3975593506506718
18898,2,head,0.3820494617059843
19356,1,body,1.3975593506506718
19359,4,body,1.3975597822312926
19455,2,head,0.5533915551852074
19617,4,body,1.3975471967655593
20299,2,head,0.41852122772770045
20561,2,body,1.3975758819602797
20578,4,body,1.3975541297893228
20579,1,body,1.3975651546154553
20656,2,head,1.128947400733898
20729,2,head,0.5815383385666765
20780,2,head,0.8859013804987876
21223,1,head,0.17963669378956465
21226,2,head,0.7993316322932852
