node,x_mm,y_mm,z_mm
1,-6.61608497866604,-3.3713737272107203,-9.349329868887907
2,-7.952984502776389,-3.206642091961985,-9.674760260277617
3,-8.401055052225562,-3.5619692222826695,-9.777828726671968
4,-6.630534735070067,-3.374842047058188,-9.291724522380592
5,-6.64570895920253,-3.3868591096043446,-9.235470333645662
6,-6.661284243052588,-3.407168840600559,-9.18176627025464
7,-6.676928620052047,-3.435338330003377,-9.131756945548876
8,-6.692308669094803,-3.470767236920354,-9.086508195388625
9,-6.707096579497746,-3.5127004155698933,-9.046984445823512
10,-6.720977172217829,-3.560244149968772,-9.014028087191205
11,-6.733654617093191,-3.612385133923871,-8.988341486641367
12,-6.744858712051697,-3.66801206287804,-8.970472122250428
13,-6.7543506557766655,-3.725939353742192,-8.960800875241901
14,-6.761928148449028,-3.7849323768710263,-8.95953384797505
15,-6.767429688754407,-3.843733805826144,-8.966698049574811
16,-6.770738018894603,-3.9010903874919127,-8.982140794422921
17,-6.771782633810638,-3.955779668227311,-9.005532922704136
18,-6.7705412574525035,-4.006636041182644,-9.036375920800657
19,-6.767040364072383,-4.052575588522627,-9.074012354808689
20,-6.761354550410132,-4.092619186409105,-9.117640145316193
21,-6.753605010430764,-4.125913354602858,-9.166329387318546
22,-6.743956917943956,-4.15174854953838,-9.219042362556134
23,-6.732615892630852,-4.169574070687823,-9.2746556029632
24,-6.719823656006037,-4.179010035704726,-9.331983798168746
25,-6.705852851214629,-4.1798553232408,-9.389805096894996
26,-6.691001240776079,-4.172091917515983,-9.446887142392018
27,-6.67558536223965,-4.15588529217574,-9.502013329925774
28,-6.659933776477025,-4.13158082528418,-9.55400872872818
29,-6.6443800736024805,-4.099696593098312,-9.601765166589242
30,-6.629255744350393,-4.060912089064482,-9.644264804526367
31,-6.614883152971894,-4.016053956440276,-9.680601782711658
32,-6.601568608353984,-3.966078272805338,-9.710001717471023
33,-6.589595903736443,-3.91205018361586,-9.731837931334184
34,-6.579220204753833,-3.8551212050040693,-9.745645072312056
35,-6.570662657029443,-3.796504676276248,-9.751128840569624
36,-6.564105648499523,-3.737449909923652,-9.748172366089323
37,-6.5596889284400834,-3.679215548466838,-9.736838665419564
38,-6.5575066383687215,-3.623042765545209,-9.717369273509913
39,-6.557605282624561,-3.5701287789561444,-9.690179173165419
40,-6.559982756874042,-3.5216013688438608,-9.65584788724222
41,-6.564588398384687,-3.4784948055570353,-9.615107086890486
42,-6.5713240414807075,-3.441727814027491,-9.568825101292378
43,-6.5800461256945555,-3.412084059808196,-9.517988379277718
44,-6.590568756213705,-3.3901953044062156,-9.46368039000574
45,-6.602667665411529,-3.3765281121776263,-9.407058619693473
46,-6.674210961177504,-3.3642114925200284,-9.36347899595204
47,-6.732337058694741,-3.3570492436584214,-9.377628151011077
48,-6.790463156211978,-3.349886994796815,-9.391777306070116
49,-6.848589253729205,-3.342724745935209,-9.40592646112915
50,-6.90671523624068,-3.335562511244516,-9.420075588193287
51,-6.9648413337579065,-3.3284002623829103,-9.434224743252322
52,-7.022967431275144,-3.3212380135213038,-9.44837389831136
53,-7.0810935287923815,-3.314075764659697,-9.462523053370397
54,-7.139219511303845,-3.306913529969005,-9.47667218043453
55,-7.197345608821083,-3.2997512811073983,-9.49082133549357
56,-7.255471706338319,-3.2925890322457914,-9.504970490552607
57,-7.313597688849784,-3.2854267975550995,-9.51911961761674
58,-7.371723786367021,-3.278264548693493,-9.533268772675777
59,-7.429849883884254,-3.2711022998318864,-9.547417927734815
60,-7.487975923898606,-3.263940058055737,-9.5615670687964
61,-7.54610202141584,-3.256777809194131,-9.575716223855437
62,-7.604228061430192,-3.2496155674179814,-9.589865364917022
63,-7.6623541589474256,-3.242453318556375,-9.60401451997606
64,-7.720480198961777,-3.2352910767802254,-9.618163661037645
65,-7.778606296479011,-3.228128827918619,-9.632312816096682
66,-7.836732336493363,-3.2209665861424694,-9.646461957158268
67,-7.8948584340105965,-3.2138043372808633,-9.660611112217305
68,-7.967434259180417,-3.210110411809453,-9.617154913770301
69,-7.982608483312879,-3.2221274743556094,-9.560900725035372
70,-7.998183767162938,-3.2424372053518242,-9.507196661644349
71,-8.013828144162398,-3.2706066947546417,-9.457187336938585
72,-8.029208193205154,-3.306035601671619,-9.411938586778335
73,-8.043996103608094,-3.347968780321158,-9.37241483721322
74,-8.05787669632818,-3.3955125147200373,-9.339458478580914
75,-8.07055414120354,-3.447653498675136,-9.313771878031078
76,-8.081758236162047,-3.503280427629305,-9.295902513640138
77,-8.091250179887016,-3.561207718493457,-9.28623126663161
78,-8.098827672559379,-3.6202007416222917,-9.284964239364761
79,-8.104329212864757,-3.6790021705774087,-9.292128440964522
80,-8.107637543004952,-3.7363587522431776,-9.307571185812632
81,-8.108682157920988,-3.791048032978576,-9.330963314093845
82,-8.107440781562854,-3.8419044059339096,-9.361806312190367
83,-8.103939888182731,-3.8878439532738924,-9.3994427461984
84,-8.098254074520481,-3.9278875511603704,-9.443070536705903
85,-8.090504534541113,-3.9611817193541228,-9.491759778708257
86,-8.080856442054307,-3.987016914289645,-9.544472753945845
87,-8.0695154167412,-4.0048424354390875,-9.600085994352911
88,-8.056723180116386,-4.014278400455991,-9.657414189558455
89,-8.042752375324978,-4.015123687992065,-9.715235488284707
90,-8.027900764886429,-4.007360282267248,-9.772317533781727
91,-8.01248488635,-3.991153656927005,-9.827443721315484
92,-7.996833300587374,-3.966849190035445,-9.87943912011789
93,-7.98127959771283,-3.9349649578495765,-9.927195557978951
94,-7.966155268460743,-3.896180453815747,-9.969695195916076
95,-7.951782677082243,-3.8513223211915406,-10.006032174101367
96,-7.938468132464334,-3.801346637556603,-10.035432108860732
97,-7.926495427846793,-3.7473185483671254,-10.057268322723893
98,-7.916119728864183,-3.690389569755334,-10.071075463701767
99,-7.9075621811397925,-3.631773041027513,-10.076559231959335
100,-7.901005172609874,-3.5727182746749166,-10.073602757479033
101,-7.896588452550434,-3.514483913218103,-10.062269056809274
102,-7.894406162479071,-3.458311130296474,-10.042799664899624
103,-7.894504806734911,-3.4053971437074098,-10.015609564555128
104,-7.896882280984392,-3.3568697335951256,-9.98127827863193
105,-7.901487922495036,-3.3137631703083,-9.940537478280197
106,-7.908223565591057,-3.276996178778756,-9.894255492682086
107,-7.916945649804906,-3.247352424559461,-9.843418770667427
108,-7.927468280324055,-3.2254636691574805,-9.78911078139545
109,-7.939567189521879,-3.211796476928891,-9.732489011083182
110,-8.389221751848504,-3.504719791413753,-9.775806487431048
111,-8.369673789254012,-3.4497276962847945,-9.771887228578784
112,-8.342800858433634,-3.398089209337086,-9.766149081761352
113,-8.309138671809002,-3.350833760873005,-9.75870643681794
114,-8.269358286304934,-3.3089033626706175,-9.749707663547824
115,-8.224252731286892,-3.273133940346818,-9.73933215364891
116,-8.174721193987452,-3.244238539218121,-9.727786745107233
117,-8.121751081303588,-3.2227932012998295,-9.715301594425064
118,-8.066398374026138,-3.209225424646215,-9.702125598514654
119,-8.009766513373176,-3.2038057159160434,-9.688521416746926
120,-6.757062673708364,-3.9562810344143764,-9.066257732219057
121,-6.751646809379149,-4.035601424597566,-9.128658308702095
122,-6.7379854051392645,-4.091460632903354,-9.213056398989865
123,-6.718899009684627,-4.121423997338712,-9.30663249952317
124,-6.706142202395261,-4.128382586858359,-9.362561109470114
125,-6.682389325364683,-4.115276134537067,-9.45350578906457
126,-6.575443605598984,-3.717284827609915,-9.69138745317383
127,-6.654577624097467,-3.4456009497511793,-9.228771898126721
128,-6.681760733385287,-3.493754457464006,-9.141476179736944
129,-6.7064909438055675,-3.5635971360062237,-9.075236183516692
130,-6.571474437601706,-3.6183477213451543,-9.657611589622306
131,-6.5751055166173655,-3.5343026325586018,-9.600151459243511
132,-6.5869241489632815,-3.4718533751276053,-9.519987796150573
133,-6.605274823419075,-3.4339358197380117,-9.425407727216085
134,-6.628365054256855,-3.4241594912109248,-9.32560208501739
135,-6.640606342557721,-3.4222526216087457,-9.274348438483424
136,-6.668314955678833,-3.459585565784371,-9.179416571116201
137,-6.695527076100591,-3.5198588764011713,-9.098136670646038
138,-6.719452020873996,-3.6142877207333606,-9.047650207871984
139,-6.744171075470747,-3.7329348619243783,-9.006160675553842
140,-6.751636428827978,-3.8044132450244206,-9.011674369510773
141,-6.757207562735898,-3.9016969440112472,-9.03803225363543
142,-6.75777150174873,-4.004043948619947,-9.087523204881077
143,-6.747738640494472,-4.073844457793412,-9.16407192347875
144,-6.73038251633783,-4.117983334151016,-9.25771549277081
145,-6.6952985226407895,-4.1345880127173515,-9.41024915786121
146,-6.616088571341233,-3.9655446613588463,-9.650082193020184
147,-6.590432400667894,-3.839092158040158,-9.691470443985867
148,-6.578504445024423,-3.771520095043142,-9.706266916337984
149,-6.570424418513149,-3.6639413770457616,-9.685004505945395
150,-6.56988724475339,-3.568737904532026,-9.63901962942279
151,-6.577993368643744,-3.493479103265772,-9.567623167427879
152,-6.593713433221403,-3.441587941996961,-9.476776511780962
153,-6.615148633077855,-3.416675967553438,-9.376108290122996
154,-6.691580602051751,-4.080628077409646,-9.398208419753574
155,-6.585133291954792,-3.5996255796632313,-9.592022617406144
156,-6.592722831825676,-3.7681114247346135,-9.646130952088955
157,-6.705461637647079,-3.616338176862382,-9.106161988495828
158,-6.588216396933807,-3.682693071766102,-9.621405374775723
159,-6.643873560169326,-3.480218138199217,-9.290268318134927
160,-6.718486216182363,-4.054715463634445,-9.274560687296763
161,-6.689632502087897,-3.558594400275682,-9.141959926739503
162,-6.7062227669332435,-4.08163926663448,-9.338568850368002
163,-6.743016724541489,-3.9048170042436783,-9.097908952212304
164,-6.605445611479088,-3.4996074505611423,-9.457948844883573
165,-6.591945128005159,-3.5411316316220214,-9.534429520440003
166,-6.734561102704753,-4.025126502273508,-9.193545678158797
167,-6.667077367944124,-3.517156515474041,-9.213642898568944
168,-6.742549874085245,-3.969888446577728,-9.132765737431482
169,-6.623125556946864,-3.4769827988189856,-9.37386540558421
170,-6.603660939417046,-3.9116765981501347,-9.673868296807713
171,-6.6679640864886665,-4.09653243244471,-9.50327807438515
172,-6.731730946043761,-3.668302743674772,-9.024549396276592
173,-6.7580031921326675,-3.8580497809512164,-9.01266970199571
174,-6.6393384845178876,-4.038301195176532,-9.591398383591368
175,-6.653850228444396,-4.071287915294906,-9.54848048909748
176,-6.626353346546438,-4.010886964755816,-9.630865606407898
177,-6.742813750378871,-3.8415661368934364,-9.066725439496238
178,-6.661838997296956,-4.04774200700702,-9.503743004098855
179,-6.6491816224261395,-4.013385879443753,-9.538349782276136
180,-6.631982960491785,-3.9733178118284305,-9.588721244467614
181,-6.617862930255352,-3.916832370398179,-9.618134977241867
182,-6.718410109923704,-3.669314699253467,-9.079784927568467
183,-6.692122862871467,-3.6221158491894503,-9.16388360134177
184,-6.695326021829342,-4.021756768007404,-9.353021438529963
185,-6.674549119451975,-4.060426747431808,-9.45794956064107
186,-6.6629696707173105,-3.996499924827214,-9.473159539825208
187,-6.72957306156245,-3.7140157512038106,-9.056553946232942
188,-6.606860327988989,-3.871364261449822,-9.640318946490456
189,-6.7051776974882245,-3.671693314374207,-9.13534900371106
190,-6.644169716439629,-3.950248587580562,-9.526979318104836
191,-6.735211803828862,-3.7699244641659875,-9.061690226994017
192,-6.6186288915025395,-3.862760875955047,-9.587617548047866
193,-6.692297647943932,-3.674528453168538,-9.189696629575078
194,-6.603700381993605,-3.8277580691393402,-9.631227020391616
195,-6.629717168857125,-3.917974510168003,-9.570014765338604
196,-6.728583698468942,-3.908319329422827,-9.158974083090007
197,-6.679986686085571,-4.024645447422438,-9.417499152028563
198,-6.610273232532307,-3.7977484002182305,-9.589034333552345
199,-6.6358527911858305,-3.8852131264710708,-9.52822534664695
200,-6.675703176990826,-3.961702890749205,-9.40323493719169
201,-6.6792445806731315,-3.628667133796736,-9.220105065755465
202,-6.703352078416401,-3.713141041654002,-9.163829506472009
203,-6.7248328998418305,-3.957225976630582,-9.199139086772874
204,-6.724356510663184,-3.7962463172130527,-9.11960884388165
205,-6.717751315086708,-3.7281992071818304,-9.112298436035635
206,-6.693383498038572,-3.726236798642565,-9.211410421581373
207,-6.678811667825268,-3.581169545035343,-9.197840413533514
208,-6.679764300348365,-3.6812721631242407,-9.244598474262578
209,-6.728282027917344,-3.855860661466422,-9.13365899526622
210,-6.714514039323753,-3.902292058108456,-9.213722621724672
211,-6.603362340416717,-3.7431944050218897,-9.589809920434037
212,-6.7186080540226785,-3.9932806626570914,-9.242962101396403
213,-6.62609822084258,-3.8227761236656774,-9.53669269004983
214,-6.654877227979758,-3.912857071161575,-9.464064380630495
215,-6.713381572290528,-3.81990016956104,-9.176668442972764
216,-6.666235222945212,-3.581060151201959,-9.249450290774432
217,-6.66623891077182,-3.6342085851577473,-9.276338677398197
218,-6.617396806546635,-3.763112928403661,-9.542237657451162
219,-6.709619000510269,-3.9421298587601283,-9.253997658884972
220,-6.642065471170514,-3.8430547891815063,-9.481362665227042
221,-6.680764617473908,-3.737736959897411,-9.269071341665411
222,-6.704416067629462,-3.9835740963217288,-9.296350726951632
223,-6.689956676195587,-3.9615664240802837,-9.344611104918956
224,-6.700241419243197,-3.886070404594489,-9.26414458573866
225,-6.718077952454504,-3.8672540306939993,-9.181345604706225
226,-6.666459955803523,-3.6891111384318998,-9.303222068175346
227,-6.632314151370364,-3.7847767254497033,-9.491921894338754
228,-6.6529778146680085,-3.587186549800884,-9.307014166096952
229,-6.69660480189412,-3.789877045112033,-9.230391446219771
230,-6.607681720288884,-3.703053095639381,-9.551746110910099
231,-6.706034272547912,-3.8502867638148883,-9.222233440228099
232,-6.646451437140215,-3.8007987239520946,-9.441954832150023
233,-6.623937579310507,-3.725650685808084,-9.496404284561516
234,-6.69464442736192,-3.9242533220935387,-9.306465618392984
235,-6.653953552742723,-3.5403919142496485,-9.27931847189803
236,-6.652455951941048,-3.640018317936219,-9.335901270184543
237,-6.6818037716648035,-3.79518062785396,-9.293880163544049
238,-6.666964113294337,-3.746220938736253,-9.33005970569907
239,-6.680087880053228,-3.9101337357890427,-9.359118041405885
240,-6.656410894309985,-3.8542029459137264,-9.428073434292724
241,-6.6378438890924025,-3.7526358369154713,-9.452935600521943
242,-6.684057883255027,-3.858671277978058,-9.316758782452053
243,-6.639560553664337,-3.5373909625531446,-9.336927233815093
244,-6.668763727040239,-3.8043967513601142,-9.352115095038469
245,-6.708138294787754,-3.7622667623733714,-9.169034521008266
246,-6.63906089350572,-3.592487675151171,-9.366869633938705
247,-6.651728186498424,-3.6949379553587773,-9.366691114092498
248,-6.667257476324947,-3.8989389905558776,-9.406159843140061
249,-6.614766958815181,-3.6565855602587254,-9.49911757480408
250,-6.652144597367914,-3.7582921491988097,-9.397050111651662
251,-6.634776050174098,-3.695126224387613,-9.436427430828983
252,-6.638381701253904,-3.64301476729225,-9.395236444646134
253,-6.624514582671309,-3.548343522142396,-9.404281682236617
254,-6.599229646235839,-3.649495935678614,-9.55935761648912
255,-6.669204054373386,-3.856691542017703,-9.37677761332265
256,-6.600747821582229,-3.6060739174552197,-9.531140743668386
257,-6.658594941938619,-3.8148764236125947,-9.399194218302684
258,-6.627931916914446,-3.600566793933394,-9.41667816561227
259,-6.625704142368002,-3.63576484963388,-9.443647201806472
260,-6.6130080224960075,-3.5840105333316226,-9.469606250754515
261,-6.693748430817273,-3.836017225667003,-9.265481680042267
262,-6.660793647922993,-3.369365877486934,-9.421207746757606
263,-6.64869473872517,-3.3830330697155233,-9.477829517069875
264,-6.63817210820602,-3.404921825117504,-9.53213750634185
265,-6.629450023992172,-3.4345655793367986,-9.58297422835651
266,-6.62271438089615,-3.471332570866343,-9.62925621395462
267,-6.618108739385507,-3.5144391341531684,-9.669997014306354
268,-6.615731265136025,-3.5629665442654526,-9.704328300229552
269,-6.615632620880186,-3.615880530854517,-9.731518400574046
270,-6.617814910951548,-3.672053313776146,-9.750987792483699
271,-6.622231631010988,-3.7302876752329595,-9.762321493153456
272,-6.6287886395409075,-3.7893424415855557,-9.765277967633757
273,-6.6373461872652975,-3.847958970313377,-9.759794199376191
274,-6.647721886247907,-3.904887948925168,-9.745987058398317
275,-6.659694590865448,-3.958916038114646,-9.724150844535156
276,-6.673009135483357,-4.008891721749584,-9.694750909775792
277,-6.687381726861857,-4.05374985437379,-9.6584139315905
278,-6.702506056113944,-4.09253435840762,-9.615914293653375
279,-6.718059758988488,-4.124418590593488,-9.568157855792313
280,-6.733711344751114,-4.148723057485048,-9.516162456989907
281,-6.749127223287543,-4.164929682825291,-9.461036269456152
282,-6.763978833726092,-4.172693088550108,-9.403954223959131
283,-6.777949638517501,-4.171847801014034,-9.34613292523288
284,-6.790741875142316,-4.16241183599713,-9.288804730027335
285,-6.802082900455421,-4.144586314847688,-9.23319148962027
286,-6.811730992942228,-4.118751119912166,-9.180478514382681
287,-6.819480532921596,-4.085456951718413,-9.131789272380328
288,-6.825166346583846,-4.045413353831935,-9.088161481872824
289,-6.828667239963967,-3.9994738064919524,-9.050525047864792
290,-6.8299086163221014,-3.9486174335366186,-9.019682049768269
291,-6.828864001406067,-3.8939281528012204,-8.996289921487055
292,-6.825555671265871,-3.8365715711354516,-8.980847176638944
293,-6.820054130960493,-3.7777701421803345,-8.973682975039186
294,-6.81247663828813,-3.7187771190515,-8.974950002306034
295,-6.802984694563161,-3.6608498281873483,-8.984621249314563
296,-6.791780599604655,-3.605222899233179,-9.002490613705502
297,-6.7791031547292935,-3.55308191527808,-9.028177214255338
298,-6.7652225620092095,-3.505538180879201,-9.061133572887645
299,-6.750434651606267,-3.463605002229662,-9.10065732245276
300,-6.735054602563512,-3.4281760953126845,-9.145906072613009
301,-6.719410225564053,-3.400006605909867,-9.195915397318773
302,-6.7038349417139935,-3.3796968749136522,-9.249619460709795
303,-6.688660717581531,-3.367679812367496,-9.305873649444726
304,-6.718919745440231,-3.3622036286253274,-9.435356901816643
305,-6.706820836242406,-3.3758708208539168,-9.491978672128912
306,-6.696298205723258,-3.3977595762558974,-9.546286661400888
307,-6.687576121509409,-3.427403330475192,-9.597123383415548
308,-6.680840478413388,-3.4641703220047364,-9.643405369013658
309,-6.6762348369027436,-3.507276885291562,-9.684146169365391
310,-6.673857362653263,-3.555804295403846,-9.718477455288589
311,-6.673758718397423,-3.6087182819929104,-9.745667555633084
312,-6.675941008468786,-3.6648910649145394,-9.765136947542736
313,-6.680357728528225,-3.723125426371353,-9.776470648212495
314,-6.686914737058144,-3.782180192723949,-9.779427122692796
315,-6.695472284782535,-3.8407967214517704,-9.773943354435229
316,-6.705847983765144,-3.8977257000635617,-9.760136213457354
317,-6.717820688382686,-3.9517537892530394,-9.738299999594194
318,-6.731135233000595,-4.001729472887977,-9.708900064834829
319,-6.745507824379095,-4.046587605512183,-9.672563086649538
320,-6.760632153631182,-4.085372109546013,-9.630063448712413
321,-6.776185856505726,-4.117256341731881,-9.582307010851352
322,-6.791837442268352,-4.141560808623441,-9.530311612048946
323,-6.80725332080478,-4.157767433963684,-9.475185424515189
324,-6.82210493124333,-4.165530839688501,-9.418103379018168
325,-6.836075736034738,-4.164685552152427,-9.360282080291917
326,-6.848867972659553,-4.155249587135524,-9.302953885086373
327,-6.8602089979726575,-4.137424065986082,-9.247340644679307
328,-6.869857090459465,-4.111588871050559,-9.194627669441719
329,-6.877606630438833,-4.078294702856806,-9.145938427439365
330,-6.883292444101084,-4.038251104970328,-9.102310636931861
331,-6.886793337481205,-3.992311557630346,-9.064674202923829
332,-6.888034713839339,-3.941455184675012,-9.033831204827306
333,-6.886990098923304,-3.886765903939614,-9.010439076546094
334,-6.8836817687831084,-3.829409322273845,-8.994996331697982
335,-6.87818022847773,-3.7706078933187275,-8.987832130098223
336,-6.870602735805367,-3.7116148701898934,-8.989099157365072
337,-6.861110792080399,-3.6536875793257413,-8.9987704043736
338,-6.8499066971218925,-3.598060650371572,-9.01663976876454
339,-6.837229252246531,-3.545919666416473,-9.042326369314376
340,-6.823348659526447,-3.4983759320175944,-9.075282727946682
341,-6.8085607491235045,-3.456442753368055,-9.114806477511797
342,-6.7931807000807485,-3.421013846451078,-9.160055227672046
343,-6.777536323081289,-3.3928443570482605,-9.21006455237781
344,-6.761961039231231,-3.3725346260520457,-9.263768615768832
345,-6.746786815098768,-3.3605175635058893,-9.320022804503763
346,-6.777045842957468,-3.355041379763721,-9.449506056875682
347,-6.764946933759644,-3.36870857199231,-9.50612782718795
348,-6.754424303240494,-3.3905973273942904,-9.560435816459925
349,-6.745702219026646,-3.420241081613585,-9.611272538474585
350,-6.738966575930625,-3.45700807314313,-9.657554524072696
351,-6.734360934419981,-3.500114636429955,-9.698295324424429
352,-6.7319834601704995,-3.548642046542239,-9.732626610347626
353,-6.73188481591466,-3.6015560331313035,-9.759816710692123
354,-6.734067105986022,-3.6577288160529324,-9.779286102601773
355,-6.738483826045462,-3.7159631775097464,-9.790619803271532
356,-6.745040834575382,-3.7750179438623426,-9.793576277751834
357,-6.753598382299772,-3.8336344725901634,-9.788092509494266
358,-6.763974081282381,-3.8905634512019547,-9.774285368516392
359,-6.775946785899922,-3.9445915403914324,-9.752449154653231
360,-6.7892613305178315,-3.9945672240263703,-9.723049219893866
361,-6.803633921896331,-4.039425356650576,-9.686712241708577
362,-6.818758251148418,-4.078209860684406,-9.64421260377145
363,-6.834311954022963,-4.110094092870274,-9.59645616591039
364,-6.8499635397855885,-4.134398559761834,-9.544460767107983
365,-6.865379418322018,-4.150605185102078,-9.489334579574226
366,-6.8802310287605675,-4.158368590826894,-9.432252534077206
367,-6.894201833551975,-4.15752330329082,-9.374431235350954
368,-6.90699407017679,-4.148087338273917,-9.31710304014541
369,-6.918335095489895,-4.130261817124475,-9.261489799738344
370,-6.927983187976702,-4.104426622188952,-9.208776824500756
371,-6.93573272795607,-4.0711324539952,-9.160087582498402
372,-6.9414185416183205,-4.031088856108722,-9.116459791990899
373,-6.944919434998441,-3.985149308768739,-9.078823357982866
374,-6.946160811356576,-3.9342929358134056,-9.047980359886344
375,-6.945116196440541,-3.8796036550780073,-9.024588231605131
376,-6.941807866300345,-3.8222470734122385,-9.00914548675702
377,-6.936306325994967,-3.763445644457121,-9.00198128515726
378,-6.928728833322604,-3.7044526213282865,-9.003248312424109
379,-6.919236889597636,-3.6465253304641347,-9.012919559432637
380,-6.908032794639129,-3.5908984015099654,-9.030788923823577
381,-6.895355349763768,-3.5387574175548666,-9.056475524373415
382,-6.881474757043684,-3.491213683155988,-9.08943188300572
383,-6.866686846640741,-3.4492805045064485,-9.128955632570834
384,-6.851306797597986,-3.413851597589471,-9.174204382731084
385,-6.835662420598527,-3.3856821081866535,-9.224213707436848
386,-6.820087136748468,-3.3653723771904387,-9.277917770827871
387,-6.804912912616005,-3.3533553146442827,-9.3341719595628
388,-6.835171940474695,-3.347879130902115,-9.463655211934716
389,-6.823073031276871,-3.3615463231307046,-9.520276982246985
390,-6.812550400757722,-3.383435078532685,-9.574584971518961
391,-6.803828316543873,-3.41307883275198,-9.625421693533621
392,-6.797092673447852,-3.449845824281524,-9.671703679131731
393,-6.792487031937208,-3.4929523875683497,-9.712444479483464
394,-6.790109557687727,-3.541479797680634,-9.746775765406662
395,-6.790010913431887,-3.5943937842696982,-9.773965865751157
396,-6.79219320350325,-3.650566567191327,-9.793435257660809
397,-6.79660992356269,-3.7088009286481407,-9.804768958330568
398,-6.8031669320926085,-3.767855695000737,-9.80772543281087
399,-6.811724479816999,-3.826472223728558,-9.802241664553302
400,-6.822100178799609,-3.8834012023403495,-9.788434523575427
401,-6.83407288341715,-3.9374292915298272,-9.766598309712267
402,-6.847387428035059,-3.9874049751647647,-9.737198374952902
403,-6.861760019413559,-4.032263107788971,-9.70086139676761
404,-6.876884348665646,-4.0710476118228005,-9.658361758830486
405,-6.89243805154019,-4.102931844008669,-9.610605320969425
406,-6.908089637302816,-4.127236310900229,-9.558609922167019
407,-6.923505515839245,-4.143442936240472,-9.503483734633262
408,-6.938357126277794,-4.151206341965289,-9.446401689136241
409,-6.9523279310692025,-4.150361054429215,-9.38858039040999
410,-6.9651201676940175,-4.1409250894123115,-9.331252195204446
411,-6.976461193007122,-4.1230995682628695,-9.27563895479738
412,-6.98610928549393,-4.097264373327347,-9.222925979559792
413,-6.993858825473297,-4.063970205133594,-9.174236737557438
414,-6.999544639135548,-4.023926607247116,-9.130608947049934
415,-7.003045532515669,-3.977987059907133,-9.092972513041902
416,-7.004286908873803,-3.9271306869518,-9.06212951494538
417,-7.0032422939577685,-3.8724414062164016,-9.038737386664167
418,-6.999933963817573,-3.815084824550633,-9.023294641816054
419,-6.994432423512194,-3.7562833955955153,-9.016130440216296
420,-6.986854930839831,-3.697290372466681,-9.017397467483145
421,-6.977362987114863,-3.639363081602529,-9.027068714491673
422,-6.966158892156357,-3.5837361526483598,-9.044938078882613
423,-6.953481447280995,-3.531595168693261,-9.070624679432449
424,-6.939600854560911,-3.4840514342943822,-9.103581038064755
425,-6.924812944157969,-3.442118255644843,-9.14310478762987
426,-6.909432895115213,-3.4066893487278658,-9.18835353779012
427,-6.893788518115754,-3.3785198593250483,-9.238362862495883
428,-6.878213234265695,-3.3582101283288335,-9.292066925886905
429,-6.863039010133233,-3.346193065782677,-9.348321114621836
430,-6.893297922986169,-3.340716896211422,-9.477804338998853
431,-6.881199013788345,-3.3543840884400113,-9.53442610931112
432,-6.8706763832691955,-3.3762728438419916,-9.588734098583098
433,-6.8619542990553475,-3.405916598061286,-9.639570820597758
434,-6.855218655959327,-3.442683589590831,-9.685852806195866
435,-6.850613014448682,-3.4857901528776565,-9.7265936065476
436,-6.848235540199202,-3.53431756298994,-9.760924892470799
437,-6.8481368959433615,-3.5872315495790046,-9.788114992815293
438,-6.8503191860147234,-3.6434043325006336,-9.807584384724944
439,-6.854735906074163,-3.7016386939574475,-9.818918085394703
440,-6.861292914604083,-3.7606934603100437,-9.821874559875004
441,-6.869850462328473,-3.819309989037865,-9.816390791617437
442,-6.880226161311083,-3.876238967649656,-9.802583650639564
443,-6.892198865928624,-3.9302670568391336,-9.780747436776403
444,-6.905513410546534,-3.9802427404740715,-9.751347502017039
445,-6.919886001925033,-4.025100873098277,-9.715010523831747
446,-6.93501033117712,-4.063885377132107,-9.672510885894622
447,-6.950564034051665,-4.095769609317975,-9.62475444803356
448,-6.96621561981429,-4.120074076209535,-9.572759049231154
449,-6.981631498350719,-4.136280701549779,-9.517632861697399
450,-6.996483108789269,-4.1440441072745955,-9.460550816200376
451,-7.010453913580677,-4.143198819738521,-9.402729517474127
452,-7.023246150205492,-4.133762854721618,-9.34540132226858
453,-7.034587175518596,-4.115937333572176,-9.289788081861515
454,-7.044235268005404,-4.090102138636653,-9.237075106623927
455,-7.051984807984772,-4.056807970442901,-9.188385864621573
456,-7.057670621647022,-4.016764372556423,-9.144758074114069
457,-7.0611715150271435,-3.97082482521644,-9.107121640106037
458,-7.062412891385278,-3.9199684522611067,-9.076278642009516
459,-7.061368276469243,-3.8652791715257084,-9.052886513728302
460,-7.058059946329047,-3.8079225898599396,-9.037443768880191
461,-7.052558406023668,-3.749121160904822,-9.03027956728043
462,-7.0449809133513055,-3.6901281377759876,-9.031546594547281
463,-7.035488969626337,-3.632200846911836,-9.04121784155581
464,-7.024284874667831,-3.5765739179576665,-9.059087205946748
465,-7.01160742979247,-3.5244329340025677,-9.084773806496585
466,-6.997726837072386,-3.476889199603689,-9.117730165128892
467,-6.982938926669443,-3.4349560209541496,-9.157253914694005
468,-6.967558877626687,-3.3995271140371726,-9.202502664854256
469,-6.951914500627228,-3.3713576246343546,-9.25251198956002
470,-6.93633921677717,-3.35104789363814,-9.306216052951042
471,-6.921164992644707,-3.339030831091984,-9.362470241685973
472,-6.951424020503397,-3.3335546473498163,-9.491953494057888
473,-6.939325111305573,-3.3472218395784057,-9.548575264370156
474,-6.928802480786423,-3.3691105949803863,-9.602883253642133
475,-6.920080396572574,-3.398754349199681,-9.653719975656792
476,-6.9133447534765535,-3.4355213407292253,-9.700001961254902
477,-6.908739111965909,-3.478627904016051,-9.740742761606635
478,-6.9063616377164285,-3.527155314128335,-9.775074047529834
479,-6.906262993460589,-3.5800693007173994,-9.802264147874329
480,-6.908445283531951,-3.6362420836390283,-9.82173353978398
481,-6.912862003591391,-3.694476445095842,-9.833067240453738
482,-6.91941901212131,-3.753531211448438,-9.83602371493404
483,-6.927976559845701,-3.8121477401762593,-9.830539946676472
484,-6.93835225882831,-3.8690767187880506,-9.8167328056986
485,-6.950324963445851,-3.9231048079775284,-9.794896591835439
486,-6.9636395080637605,-3.973080491612466,-9.765496657076072
487,-6.97801209944226,-4.017938624236672,-9.729159678890783
488,-6.993136428694347,-4.056723128270502,-9.686660040953658
489,-7.008690131568891,-4.08860736045637,-9.638903603092595
490,-7.0243417173315175,-4.11291182734793,-9.58690820429019
491,-7.039757595867946,-4.129118452688173,-9.531782016756434
492,-7.054609206306496,-4.13688185841299,-9.474699971259412
493,-7.068580011097904,-4.136036570876916,-9.416878672533162
494,-7.081372247722719,-4.126600605860013,-9.359550477327616
495,-7.092713273035823,-4.108775084710571,-9.30393723692055
496,-7.102361365522631,-4.082939889775048,-9.251224261682962
497,-7.110110905501999,-4.049645721581295,-9.202535019680608
498,-7.1157967191642495,-4.009602123694818,-9.158907229173105
499,-7.11929761254437,-3.9636625763548348,-9.121270795165072
500,-7.120538988902505,-3.912806203399501,-9.09042779706855
501,-7.11949437398647,-3.8581169226641028,-9.067035668787337
502,-7.116186043846274,-3.800760340998334,-9.051592923939227
503,-7.110684503540896,-3.741958912043217,-9.044428722339466
504,-7.103107010868533,-3.6829658889143824,-9.045695749606317
505,-7.093615067143564,-3.62503859805023,-9.055366996614843
506,-7.082410972185058,-3.5694116690960613,-9.073236361005783
507,-7.069733527309697,-3.5172706851409625,-9.09892296155562
508,-7.055852934589613,-3.4697269507420834,-9.131879320187927
509,-7.04106502418667,-3.427793772092544,-9.17140306975304
510,-7.025684975143914,-3.392364865175567,-9.216651819913292
511,-7.010040598144455,-3.3641953757727494,-9.266661144619055
512,-6.994465314294397,-3.3438856447765346,-9.320365208010077
513,-6.979291090161934,-3.331868582230378,-9.376619396745006
514,-7.009550118020633,-3.32639239848821,-9.506102649116926
515,-6.99745120882281,-3.340059590716799,-9.562724419429193
516,-6.98692857830366,-3.3619483461187794,-9.61703240870117
517,-6.978206494089812,-3.391592100338074,-9.66786913071583
518,-6.971470850993791,-3.428359091867619,-9.71415111631394
519,-6.966865209483147,-3.4714656551544443,-9.754891916665674
520,-6.964487735233666,-3.519993065266728,-9.789223202588872
521,-6.964389090977826,-3.5729070518557924,-9.816413302933366
522,-6.966571381049188,-3.6290798347774214,-9.835882694843017
523,-6.970988101108627,-3.6873141962342353,-9.847216395512776
524,-6.977545109638547,-3.7463689625868315,-9.850172869993077
525,-6.986102657362937,-3.804985491314653,-9.84468910173551
526,-6.9964783563455475,-3.8619144699264436,-9.830881960757637
527,-7.008451060963089,-3.9159425591159214,-9.809045746894476
528,-7.021765605580998,-3.9659182427508592,-9.779645812135112
529,-7.036138196959497,-4.010776375375065,-9.74330883394982
530,-7.051262526211585,-4.049560879408895,-9.700809196012695
531,-7.066816229086129,-4.081445111594763,-9.653052758151633
532,-7.082467814848754,-4.105749578486323,-9.601057359349227
533,-7.097883693385183,-4.121956203826567,-9.545931171815472
534,-7.112735303823733,-4.129719609551383,-9.48884912631845
535,-7.126706108615141,-4.128874322015309,-9.4310278275922
536,-7.139498345239956,-4.119438356998406,-9.373699632386653
537,-7.150839370553061,-4.101612835848964,-9.318086391979588
538,-7.1604874630398685,-4.075777640913441,-9.265373416742
539,-7.168237003019236,-4.042483472719689,-9.216684174739646
540,-7.173922816681486,-4.002439874833211,-9.173056384232142
541,-7.177423710061608,-3.9565003274932278,-9.13541995022411
542,-7.178665086419742,-3.9056439545378945,-9.104576952127589
543,-7.177620471503707,-3.8509546738024962,-9.081184823846375
544,-7.174312141363512,-3.7935980921367274,-9.065742078998264
545,-7.168810601058133,-3.73479666318161,-9.058577877398504
546,-7.16123310838577,-3.6758036400527754,-9.059844904665354
547,-7.151741164660802,-3.6178763491886237,-9.06951615167388
548,-7.140537069702296,-3.5622494202344543,-9.08738551606482
549,-7.127859624826934,-3.5101084362793555,-9.113072116614658
550,-7.113979032106849,-3.462564701880477,-9.146028475246965
551,-7.099191121703908,-3.4206315232309374,-9.185552224812078
552,-7.083811072661152,-3.3852026163139604,-9.230800974972329
553,-7.068166695661692,-3.3570331269111424,-9.280810299678093
554,-7.052591411811634,-3.3367233959149276,-9.334514363069115
555,-7.037417187679171,-3.3247063333687716,-9.390768551804046
556,-7.067676215537871,-3.3192301496266032,-9.520251804175963
557,-7.055577306340047,-3.332897341855192,-9.57687357448823
558,-7.045054675820897,-3.354786097257173,-9.631181563760208
559,-7.0363325916070485,-3.3844298514764675,-9.682018285774868
560,-7.029596948511028,-3.421196843006012,-9.728300271372976
561,-7.024991307000384,-3.4643034062928373,-9.769041071724711
562,-7.022613832750903,-3.5128308164051214,-9.803372357647909
563,-7.022515188495063,-3.565744802994186,-9.830562457992404
564,-7.024697478566425,-3.621917585915815,-9.850031849902054
565,-7.029114198625865,-3.6801519473726283,-9.861365550571813
566,-7.035671207155785,-3.739206713725225,-9.864322025052115
567,-7.044228754880175,-3.797823242453046,-9.858838256794547
568,-7.054604453862784,-3.854752221064837,-9.845031115816674
569,-7.066577158480325,-3.908780310254315,-9.823194901953514
570,-7.079891703098235,-3.9587559938892527,-9.793794967194149
571,-7.0942642944767345,-4.003614126513459,-9.757457989008858
572,-7.1093886237288215,-4.0423986305472885,-9.714958351071733
573,-7.1249423266033665,-4.074282862733157,-9.66720191321067
574,-7.140593912365992,-4.098587329624717,-9.615206514408264
575,-7.15600979090242,-4.11479395496496,-9.560080326874509
576,-7.17086140134097,-4.122557360689777,-9.502998281377486
577,-7.184832206132378,-4.121712073153703,-9.445176982651237
578,-7.197624442757193,-4.112276108136799,-9.38784878744569
579,-7.208965468070297,-4.094450586987357,-9.332235547038625
580,-7.218613560557105,-4.068615392051835,-9.279522571801039
581,-7.2263631005364735,-4.035321223858082,-9.230833329798685
582,-7.232048914198724,-3.995277625971604,-9.187205539291181
583,-7.2355498075788445,-3.9493380786316212,-9.149569105283147
584,-7.236791183936979,-3.8984817056762875,-9.118726107186626
585,-7.235746569020944,-3.8437924249408892,-9.095333978905412
586,-7.232438238880748,-3.7864358432751204,-9.079891234057301
587,-7.22693669857537,-3.7276344143200033,-9.072727032457543
588,-7.219359205903007,-3.668641391191169,-9.073994059724392
589,-7.209867262178038,-3.610714100327017,-9.08366530673292
590,-7.198663167219532,-3.555087171372848,-9.101534671123858
591,-7.185985722344171,-3.502946187417749,-9.127221271673696
592,-7.172105129624087,-3.4554024530188703,-9.160177630306002
593,-7.157317219221144,-3.413469274369331,-9.199701379871115
594,-7.141937170178388,-3.3780403674523534,-9.244950130031366
595,-7.12629279317893,-3.349870878049536,-9.29495945473713
596,-7.110717509328871,-3.329561147053321,-9.348663518128152
597,-7.095543285196408,-3.317544084507165,-9.404917706863083
598,-7.125802198049335,-3.312067914935911,-9.534400931240096
599,-7.113703288851511,-3.3257351071645003,-9.591022701552365
600,-7.103180658332361,-3.347623862566481,-9.645330690824341
601,-7.094458574118513,-3.3772676167857756,-9.696167412839001
602,-7.087722931022492,-3.41403460831532,-9.742449398437111
603,-7.083117289511848,-3.4571411716021454,-9.783190198788844
604,-7.080739815262367,-3.5056685817144295,-9.817521484712042
605,-7.080641171006527,-3.558582568303494,-9.844711585056537
606,-7.08282346107789,-3.614755351225123,-9.864180976966189
607,-7.087240181137329,-3.6729897126819364,-9.875514677635948
608,-7.0937971896672485,-3.7320444790345326,-9.87847115211625
609,-7.102354737391639,-3.790661007762354,-9.872987383858682
610,-7.112730436374249,-3.847589986374145,-9.859180242880807
611,-7.12470314099179,-3.901618075563623,-9.837344029017647
612,-7.138017685609699,-3.9515937591985604,-9.807944094258282
613,-7.152390276988199,-3.9964518918227667,-9.77160711607299
614,-7.167514606240286,-4.035236395856597,-9.729107478135866
615,-7.18306830911483,-4.067120628042465,-9.681351040274805
616,-7.198719894877456,-4.091425094934024,-9.629355641472399
617,-7.214135773413885,-4.107631720274268,-9.574229453938642
618,-7.228987383852434,-4.115395125999084,-9.517147408441621
619,-7.2429581886438426,-4.11454983846301,-9.45932610971537
620,-7.2557504252686575,-4.105113873446107,-9.401997914509826
621,-7.267091450581762,-4.087288352296665,-9.34638467410276
622,-7.27673954306857,-4.061453157361142,-9.293671698865172
623,-7.284489083047937,-4.02815898916739,-9.244982456862818
624,-7.290174896710188,-3.988115391280912,-9.201354666355314
625,-7.293675790090309,-3.9421758439409293,-9.163718232347282
626,-7.294917166448443,-3.8913194709855956,-9.13287523425076
627,-7.2938725515324085,-3.8366301902501974,-9.109483105969547
628,-7.290564221392213,-3.7792736085844285,-9.094040361121435
629,-7.285062681086834,-3.720472179629311,-9.086876159521676
630,-7.277485188414471,-3.6614791565004765,-9.088143186788525
631,-7.267993244689503,-3.603551865636325,-9.097814433797053
632,-7.256789149730997,-3.547924936682156,-9.115683798187993
633,-7.244111704855635,-3.4957839527270567,-9.141370398737829
634,-7.230231112135551,-3.448240218328178,-9.174326757370135
635,-7.215443201732609,-3.4063070396786386,-9.21385050693525
636,-7.200063152689853,-3.3708781327616615,-9.2590992570955
637,-7.184418775690394,-3.342708643358844,-9.309108581801263
638,-7.168843491840335,-3.322398912362629,-9.362812645192285
639,-7.153669267707873,-3.3103818498164728,-9.419066833927216
640,-7.183928295566572,-3.3049056660743044,-9.548550086299135
641,-7.171829386368748,-3.3185728583028937,-9.605171856611403
642,-7.161306755849599,-3.340461613704874,-9.659479845883379
643,-7.152584671635751,-3.3701053679241686,-9.710316567898039
644,-7.145849028539729,-3.4068723594537134,-9.756598553496149
645,-7.1412433870290855,-3.449978922740539,-9.797339353847882
646,-7.138865912779604,-3.4985063328528225,-9.83167063977108
647,-7.138767268523765,-3.551420319441887,-9.858860740115576
648,-7.140949558595127,-3.607593102363516,-9.878330132025226
649,-7.145366278654566,-3.66582746382033,-9.889663832694986
650,-7.151923287184486,-3.724882230172926,-9.892620307175287
651,-7.160480834908876,-3.783498758900747,-9.88713653891772
652,-7.170856533891485,-3.840427737512538,-9.873329397939845
653,-7.1828292385090275,-3.894455826702016,-9.851493184076684
654,-7.196143783126936,-3.944431510336954,-9.82209324931732
655,-7.210516374505436,-3.98928964296116,-9.78575627113203
656,-7.225640703757523,-4.02807414699499,-9.743256633194903
657,-7.241194406632068,-4.059958379180858,-9.695500195333842
658,-7.256845992394693,-4.084262846072418,-9.643504796531436
659,-7.272261870931122,-4.100469471412661,-9.58837860899768
660,-7.287113481369672,-4.108232877137478,-9.531296563500659
661,-7.30108428616108,-4.107387589601404,-9.473475264774407
662,-7.313876522785894,-4.0979516245845,-9.416147069568863
663,-7.325217548098999,-4.080126103435058,-9.360533829161797
664,-7.334865640585806,-4.054290908499536,-9.307820853924209
665,-7.342615180565175,-4.020996740305783,-9.259131611921855
666,-7.348300994227425,-3.980953142419305,-9.215503821414352
667,-7.351801887607546,-3.9350135950793224,-9.17786738740632
668,-7.353043263965681,-3.8841572221239886,-9.147024389309797
669,-7.351998649049645,-3.8294679413885904,-9.123632261028584
670,-7.3486903189094495,-3.772111359722822,-9.108189516180474
671,-7.3431887786040715,-3.7133099307677044,-9.101025314580713
672,-7.335611285931709,-3.65431690763887,-9.102292341847562
673,-7.32611934220674,-3.5963896167747182,-9.11196358885609
674,-7.3149152472482335,-3.540762687820549,-9.12983295324703
675,-7.302237802372872,-3.48862170386545,-9.155519553796868
676,-7.288357209652788,-3.4410779694665714,-9.188475912429173
677,-7.273569299249846,-3.399144790817032,-9.227999661994287
678,-7.25818925020709,-3.3637158839000545,-9.273248412154537
679,-7.242544873207631,-3.335546394497237,-9.3232577368603
680,-7.226969589357573,-3.315236663501022,-9.376961800251324
681,-7.211795365225109,-3.303219600954866,-9.433215988986253
682,-7.242054393083809,-3.297743417212698,-9.562699241358173
683,-7.229955483885985,-3.3114106094412867,-9.61932101167044
684,-7.219432853366835,-3.3332993648432674,-9.673629000942418
685,-7.210710769152987,-3.362943119062562,-9.724465722957076
686,-7.203975126056966,-3.3997101105921064,-9.770747708555186
687,-7.199369484546322,-3.442816673878932,-9.811488508906919
688,-7.196992010296841,-3.491344083991216,-9.845819794830119
689,-7.196893366041001,-3.5442580705802804,-9.873009895174613
690,-7.199075656112363,-3.6004308535019094,-9.892479287084264
691,-7.203492376171803,-3.658665214958723,-9.903812987754023
692,-7.210049384701723,-3.717719981311319,-9.906769462234324
693,-7.218606932426113,-3.7763365100391404,-9.901285693976757
694,-7.228982631408723,-3.8332654886509316,-9.887478552998882
695,-7.240955336026264,-3.8872935778404094,-9.865642339135722
696,-7.254269880644173,-3.937269261475347,-9.836242404376357
697,-7.268642472022673,-3.982127394099553,-9.799905426191067
698,-7.28376680127476,-4.020911898133383,-9.75740578825394
699,-7.299320504149304,-4.052796130319251,-9.70964935039288
700,-7.3149720899119295,-4.077100597210811,-9.657653951590474
701,-7.330387968448359,-4.093307222551054,-9.602527764056717
702,-7.3452395788869085,-4.101070628275871,-9.545445718559696
703,-7.359210383678317,-4.100225340739797,-9.487624419833445
704,-7.372002620303132,-4.090789375722894,-9.4302962246279
705,-7.383343645616236,-4.072963854573452,-9.374682984220835
706,-7.392991738103044,-4.047128659637929,-9.321970008983246
707,-7.400741278082411,-4.013834491444177,-9.273280766980893
708,-7.406427091744662,-3.9737908935576987,-9.229652976473389
709,-7.409927985124783,-3.927851346217716,-9.192016542465357
710,-7.4111693614829175,-3.876994973262382,-9.161173544368834
711,-7.410124746566883,-3.822305692526984,-9.137781416087622
712,-7.406816416426687,-3.764949110861215,-9.122338671239511
713,-7.401314876121308,-3.706147681906098,-9.11517446963975
714,-7.393737383448945,-3.6471546587772634,-9.1164414969066
715,-7.384245439723977,-3.5892273679131117,-9.126112743915128
716,-7.373041344765471,-3.5336004389589424,-9.143982108306068
717,-7.3603638998901095,-3.4814594550038436,-9.169668708855905
718,-7.3464833071700255,-3.4339157206049644,-9.20262506748821
719,-7.331695396767083,-3.391982541955425,-9.242148817053325
720,-7.316315347724327,-3.356553635038448,-9.287397567213574
721,-7.300670970724868,-3.3283841456356305,-9.337406891919338
722,-7.28509568687481,-3.3080744146394157,-9.391110955310362
723,-7.269921462742347,-3.2960573520932597,-9.44736514404529
724,-7.300180375595273,-3.2905811825220055,-9.576848368422306
725,-7.28808146639745,-3.304248374750595,-9.633470138734573
726,-7.2775588358783,-3.326137130152575,-9.687778128006551
727,-7.268836751664452,-3.35578088437187,-9.73861485002121
728,-7.262101108568431,-3.3925478759014145,-9.78489683561932
729,-7.257495467057787,-3.43565443918824,-9.825637635971054
730,-7.255117992808305,-3.4841818493005237,-9.859968921894252
731,-7.255019348552466,-3.537095835889588,-9.887159022238746
732,-7.257201638623828,-3.593268618811217,-9.906628414148397
733,-7.261618358683267,-3.651502980268031,-9.917962114818156
734,-7.268175367213187,-3.710557746620627,-9.920918589298457
735,-7.276732914937577,-3.7691742753484485,-9.91543482104089
736,-7.2871086139201875,-3.8261032539602393,-9.901627680063017
737,-7.299081318537729,-3.880131343149717,-9.879791466199856
738,-7.312395863155638,-3.930107026784655,-9.850391531440492
739,-7.326768454534137,-3.9749651594088613,-9.8140545532552
740,-7.341892783786224,-4.013749663442691,-9.771554915318076
741,-7.357446486660769,-4.045633895628559,-9.723798477457013
742,-7.373098072423394,-4.069938362520119,-9.671803078654607
743,-7.388513950959823,-4.086144987860362,-9.616676891120852
744,-7.403365561398373,-4.093908393585179,-9.55959484562383
745,-7.417336366189781,-4.093063106049105,-9.50177354689758
746,-7.430128602814595,-4.083627141032202,-9.444445351692034
747,-7.441469628127701,-4.065801619882759,-9.388832111284968
748,-7.4511177206145085,-4.039966424947237,-9.33611913604738
749,-7.458867260593876,-4.006672256753484,-9.287429894045026
750,-7.464553074256126,-3.9666286588670068,-9.243802103537522
751,-7.468053967636248,-3.9206891115270235,-9.20616566952949
752,-7.469295343994382,-3.86983273857169,-9.17532267143297
753,-7.468250729078347,-3.815143457836292,-9.151930543151755
754,-7.464942398938152,-3.757786876170523,-9.136487798303644
755,-7.459440858632773,-3.6989854472154056,-9.129323596703884
756,-7.45186336596041,-3.639992424086571,-9.130590623970734
757,-7.442371422235442,-3.5820651332224194,-9.140261870979263
758,-7.431167327276935,-3.52643820426825,-9.1581312353702
759,-7.418489882401573,-3.4742972203131512,-9.183817835920038
760,-7.404609289681489,-3.4267534859142725,-9.216774194552345
761,-7.389821379278548,-3.384820307264733,-9.256297944117458
762,-7.374441330235792,-3.3493914003477556,-9.30154669427771
763,-7.358796953236332,-3.321221910944938,-9.351556018983473
764,-7.343221669386274,-3.3009121799487238,-9.405260082374495
765,-7.328047445253811,-3.2888951174025673,-9.461514271109426
766,-7.358306473112511,-3.283418933660399,-9.590997523481343
767,-7.346207563914686,-3.297086125888988,-9.64761929379361
768,-7.335684933395537,-3.3189748812909685,-9.701927283065588
769,-7.3269628491816885,-3.348618635510263,-9.752764005080248
770,-7.320227206085668,-3.3853856270398075,-9.799045990678357
771,-7.315621564575024,-3.428492190326633,-9.839786791030091
772,-7.313244090325543,-3.477019600438917,-9.87411807695329
773,-7.313145446069703,-3.5299335870279815,-9.901308177297784
774,-7.315327736141065,-3.5861063699496105,-9.920777569207434
775,-7.319744456200505,-3.644340731406424,-9.932111269877193
776,-7.326301464730424,-3.7033954977590207,-9.935067744357495
777,-7.334859012454815,-3.7620120264868415,-9.929583976099927
778,-7.345234711437424,-3.8189410050986328,-9.915776835122054
779,-7.357207416054965,-3.8729690942881105,-9.893940621258894
780,-7.370521960672875,-3.9229447779230484,-9.864540686499529
781,-7.3848945520513745,-3.9678029105472543,-9.828203708314238
782,-7.4000188813034615,-4.006587414581084,-9.785704070377113
783,-7.415572584178006,-4.038471646766952,-9.73794763251605
784,-7.431224169940632,-4.062776113658512,-9.685952233713644
785,-7.44664004847706,-4.078982738998755,-9.63082604617989
786,-7.46149165891561,-4.0867461447235724,-9.573744000682867
787,-7.475462463707018,-4.085900857187498,-9.515922701956617
788,-7.488254700331833,-4.076464892170595,-9.458594506751071
789,-7.499595725644937,-4.058639371021153,-9.402981266344005
790,-7.509243818131745,-4.03280417608563,-9.350268291106419
791,-7.5169933581111135,-3.9995100078918777,-9.301579049104065
792,-7.522679171773364,-3.9594664100054,-9.257951258596561
793,-7.5261800651534845,-3.913526862665417,-9.220314824588527
794,-7.527421441511619,-3.862670489710083,-9.189471826492007
795,-7.526376826595584,-3.807981208974685,-9.166079698210792
796,-7.523068496455388,-3.750624627308916,-9.150636953362682
797,-7.51756695615001,-3.691823198353799,-9.143472751762923
798,-7.509989463477647,-3.6328301752249645,-9.144739779029772
799,-7.500497519752678,-3.574902884360813,-9.1544110260383
800,-7.489293424794172,-3.5192759554066435,-9.17228039042924
801,-7.476615979918811,-3.4671349714515447,-9.197966990979076
802,-7.462735387198727,-3.419591237052666,-9.230923349611382
803,-7.447947476795784,-3.3776580584031266,-9.270447099176495
804,-7.432567427753028,-3.342229151486149,-9.315695849336747
805,-7.416923050753569,-3.3140596620833316,-9.36570517404251
806,-7.401347766903511,-3.2937499310871168,-9.419409237433532
807,-7.386173542771048,-3.281732868540961,-9.475663426168463
808,-7.416432570629744,-3.2762566847987924,-9.60514667854038
809,-7.40433366143192,-3.2899238770273818,-9.661768448852648
810,-7.3938110309127705,-3.3118126324293624,-9.716076438124626
811,-7.385088946698922,-3.341456386648657,-9.766913160139284
812,-7.378353303602901,-3.3782233781782014,-9.813195145737394
813,-7.373747662092257,-3.421329941465027,-9.853935946089127
814,-7.371370187842776,-3.469857351577311,-9.888267232012327
815,-7.3712715435869365,-3.5227713381663754,-9.915457332356821
816,-7.373453833658298,-3.5789441210880044,-9.934926724266472
817,-7.377870553717738,-3.637178482544818,-9.94626042493623
818,-7.384427562247658,-3.696233248897414,-9.949216899416532
819,-7.392985109972048,-3.7548497776252354,-9.943733131158965
820,-7.403360808954657,-3.8117787562370267,-9.929925990181092
821,-7.4153335135721985,-3.8658068454265044,-9.908089776317931
822,-7.428648058190108,-3.915782529061442,-9.878689841558565
823,-7.4430206495686075,-3.960640661685648,-9.842352863373275
824,-7.458144978820695,-3.9994251657194777,-9.799853225436149
825,-7.4736986816952395,-4.031309397905346,-9.752096787575088
826,-7.489350267457865,-4.055613864796906,-9.700101388772682
827,-7.504766145994293,-4.071820490137149,-9.644975201238925
828,-7.519617756432843,-4.079583895861966,-9.587893155741904
829,-7.533588561224251,-4.078738608325892,-9.530071857015654
830,-7.546380797849066,-4.069302643308989,-9.472743661810108
831,-7.55772182316217,-4.051477122159547,-9.417130421403042
832,-7.567369915648978,-4.025641927224024,-9.364417446165454
833,-7.5751194556283465,-3.9923477590302716,-9.3157282041631
834,-7.580805269290597,-3.9523041611437937,-9.272100413655597
835,-7.5843061626707176,-3.906364613803811,-9.234463979647565
836,-7.585547539028852,-3.855508240848477,-9.203620981551042
837,-7.584502924112817,-3.800818960113079,-9.18022885326983
838,-7.581194593972621,-3.74346237844731,-9.164786108421719
839,-7.575693053667243,-3.684660949492193,-9.157621906821959
840,-7.5681155609948805,-3.6256679263633584,-9.158888934088807
841,-7.5586236172699115,-3.5677406354992063,-9.168560181097336
842,-7.547419522311405,-3.5121137065450374,-9.186429545488275
843,-7.534742077436044,-3.4599727225899386,-9.212116146038113
844,-7.52086148471596,-3.4124289881910594,-9.245072504670418
845,-7.506073574313017,-3.37049580954152,-9.284596254235533
846,-7.490693525270261,-3.335066902624543,-9.329845004395782
847,-7.475049148270803,-3.3068974132217255,-9.379854329101546
848,-7.459473864420744,-3.2865876822255107,-9.43355839249257
849,-7.444299640288281,-3.2745706196793543,-9.489812581227499
850,-7.474558610644095,-3.269094443022643,-9.619295819601966
851,-7.462459701446272,-3.2827616352512323,-9.675917589914233
852,-7.451937070927122,-3.3046503906532125,-9.730225579186211
853,-7.443214986713274,-3.3342941448725076,-9.78106230120087
854,-7.436479343617252,-3.371061136402052,-9.82734428679898
855,-7.431873702106609,-3.4141676996888775,-9.868085087150714
856,-7.429496227857127,-3.4626951098011616,-9.902416373073912
857,-7.429397583601288,-3.515609096390226,-9.929606473418406
858,-7.43157987367265,-3.571781879311855,-9.949075865328057
859,-7.4359965937320895,-3.6300162407686685,-9.960409565997816
860,-7.442553602262009,-3.6890710071212647,-9.963366040478117
861,-7.451111149986399,-3.747687535849086,-9.95788227222055
862,-7.461486848969009,-3.8046165144608772,-9.944075131242677
863,-7.473459553586551,-3.858644603650355,-9.922238917379516
864,-7.486774098204459,-3.9086202872852924,-9.892838982620152
865,-7.501146689582959,-3.9534784199094988,-9.85650200443486
866,-7.516271018835046,-3.9922629239433283,-9.814002366497736
867,-7.531824721709591,-4.024147156129197,-9.766245928636673
868,-7.547476307472216,-4.048451623020757,-9.714250529834267
869,-7.5628921860086455,-4.064658248361,-9.659124342300512
870,-7.577743796447195,-4.072421654085817,-9.60204229680349
871,-7.591714601238603,-4.071576366549743,-9.54422099807724
872,-7.6045068378634175,-4.062140401532839,-9.486892802871694
873,-7.615847863176523,-4.044314880383396,-9.431279562464628
874,-7.62549595566333,-4.018479685447875,-9.378566587227041
875,-7.633245495642698,-3.985185517254122,-9.329877345224688
876,-7.638931309304948,-3.9451419193676442,-9.286249554717184
877,-7.64243220268507,-3.899202372027661,-9.24861312070915
878,-7.643673579043204,-3.8483459990723277,-9.21777012261263
879,-7.6426289641271685,-3.7936567183369294,-9.194377994331415
880,-7.639320633986973,-3.7363001366711606,-9.178935249483304
881,-7.633819093681595,-3.677498707716043,-9.171771047883546
882,-7.626241601009232,-3.6185056845872086,-9.173038075150394
883,-7.616749657284264,-3.560578393723057,-9.182709322158923
884,-7.605545562325757,-3.5049514647688875,-9.20057868654986
885,-7.592868117450395,-3.4528104808137887,-9.226265287099698
886,-7.578987524730311,-3.40526674641491,-9.259221645732005
887,-7.56419961432737,-3.3633335677653706,-9.298745395297118
888,-7.548819565284614,-3.3279046608483935,-9.34399414545737
889,-7.5331751882851545,-3.299735171445576,-9.394003470163133
890,-7.517599904435096,-3.2794254404493612,-9.447707533554155
891,-7.502425680302633,-3.267408377903205,-9.503961722289086
892,-7.532684708161329,-3.261932194161037,-9.633444974661003
893,-7.520585798963506,-3.2755993863896258,-9.69006674497327
894,-7.510063168444356,-3.2974881417916064,-9.744374734245248
895,-7.501341084230508,-3.327131896010901,-9.795211456259906
896,-7.494605441134487,-3.3638988875404454,-9.841493441858017
897,-7.489999799623843,-3.407005450827271,-9.88223424220975
898,-7.487622325374361,-3.455532860939555,-9.91656552813295
899,-7.487523681118522,-3.5084468475286195,-9.943755628477444
900,-7.489705971189884,-3.5646196304502484,-9.963225020387094
901,-7.4941226912493235,-3.622853991907062,-9.974558721056853
902,-7.500679699779243,-3.6819087582596586,-9.977515195537155
903,-7.509237247503633,-3.7405252869874794,-9.972031427279587
904,-7.519612946486244,-3.7974542655992707,-9.958224286301714
905,-7.531585651103785,-3.8514823547887485,-9.936388072438554
906,-7.544900195721694,-3.9014580384236863,-9.906988137679187
907,-7.559272787100193,-3.9463161710478922,-9.870651159493898
908,-7.57439711635228,-3.9851006750817217,-9.828151521556773
909,-7.589950819226825,-4.016984907267591,-9.78039508369571
910,-7.60560240498945,-4.041289374159151,-9.728399684893304
911,-7.6210182835258795,-4.057495999499394,-9.673273497359549
912,-7.635869893964429,-4.065259405224211,-9.616191451862527
913,-7.649840698755837,-4.064414117688137,-9.558370153136277
914,-7.6626329353806515,-4.054978152671232,-9.501041957930731
915,-7.673973960693757,-4.03715263152179,-9.445428717523665
916,-7.683622053180565,-4.0113174365862685,-9.392715742286077
917,-7.691371593159932,-3.9780232683925156,-9.344026500283723
918,-7.697057406822182,-3.9379796705060377,-9.30039870977622
919,-7.700558300202304,-3.892040123166055,-9.262762275768187
920,-7.701799676560438,-3.841183750210721,-9.231919277671665
921,-7.700755061644403,-3.786494469475323,-9.208527149390452
922,-7.697446731504208,-3.729137887809554,-9.193084404542342
923,-7.691945191198829,-3.670336458854437,-9.185920202942581
924,-7.684367698526466,-3.6113434357256025,-9.187187230209432
925,-7.674875754801498,-3.5534161448614507,-9.196858477217958
926,-7.663671659842992,-3.4977892159072814,-9.214727841608898
927,-7.650994214967629,-3.4456482319521826,-9.240414442158736
928,-7.637113622247545,-3.398104497553304,-9.273370800791042
929,-7.622325711844604,-3.3561713189037645,-9.312894550356155
930,-7.606945662801848,-3.320742411986787,-9.358143300516407
931,-7.5913012858023885,-3.2925729225839695,-9.40815262522217
932,-7.57572600195233,-3.2722631915877547,-9.461856688613192
933,-7.560551777819867,-3.2602461290415987,-9.518110877348121
934,-7.590810748175681,-3.254769952384887,-9.647594115722589
935,-7.578711838977857,-3.2684371446134763,-9.704215886034856
936,-7.5681892084587075,-3.290325900015457,-9.758523875306834
937,-7.5594671242448594,-3.3199696542347517,-9.809360597321493
938,-7.552731481148839,-3.356736645764296,-9.855642582919602
939,-7.548125839638194,-3.3998432090511215,-9.896383383271337
940,-7.545748365388714,-3.4483706191634056,-9.930714669194534
941,-7.5456497211328735,-3.50128460575247,-9.957904769539029
942,-7.547832011204235,-3.557457388674099,-9.97737416144868
943,-7.552248731263675,-3.6156917501309125,-9.988707862118439
944,-7.558805739793595,-3.6747465164835087,-9.99166433659874
945,-7.567363287517985,-3.73336304521133,-9.986180568341172
946,-7.577738986500595,-3.7902920238231212,-9.9723734273633
947,-7.589711691118136,-3.844320113012599,-9.950537213500139
948,-7.603026235736046,-3.8942957966475364,-9.921137278740774
949,-7.617398827114545,-3.939153929271743,-9.884800300555483
950,-7.6325231563666325,-3.9779384333055723,-9.842300662618358
951,-7.6480768592411765,-4.009822665491441,-9.794544224757296
952,-7.663728445003802,-4.034127132383001,-9.74254882595489
953,-7.679144323540231,-4.050333757723244,-9.687422638421134
954,-7.693995933978781,-4.058097163448061,-9.630340592924112
955,-7.707966738770189,-4.057251875911987,-9.572519294197862
956,-7.720758975395004,-4.047815910895083,-9.515191098992316
957,-7.732100000708108,-4.029990389745641,-9.459577858585252
958,-7.741748093194916,-4.004155194810119,-9.406864883347664
959,-7.7494976331742835,-3.970861026616366,-9.35817564134531
960,-7.755183446836535,-3.9308174287298883,-9.314547850837807
961,-7.758684340216655,-3.8848778813899054,-9.276911416829773
962,-7.75992571657479,-3.8340215084345717,-9.246068418733252
963,-7.758881101658755,-3.7793322276991734,-9.222676290452037
964,-7.755572771518559,-3.7219756460334046,-9.207233545603927
965,-7.75007123121318,-3.6631742170782875,-9.200069344004168
966,-7.7424937385408175,-3.604181193949453,-9.201336371271017
967,-7.733001794815849,-3.5462539030853013,-9.211007618279545
968,-7.721797699857343,-3.490626974131132,-9.228876982670485
969,-7.709120254981982,-3.438485990176033,-9.254563583220321
970,-7.695239662261898,-3.390942255777154,-9.287519941852628
971,-7.680451751858955,-3.349009077127615,-9.32704369141774
972,-7.665071702816199,-3.3135801702106376,-9.372292441577992
973,-7.64942732581674,-3.28541068080782,-9.422301766283756
974,-7.633852041966682,-3.2651009498116053,-9.476005829674778
975,-7.618677817834219,-3.253083887265449,-9.532260018409708
976,-7.648936845692916,-3.247607703523281,-9.661743270781626
977,-7.636837936495091,-3.2612748957518702,-9.718365041093893
978,-7.626315305975942,-3.2831636511538504,-9.77267303036587
979,-7.617593221762093,-3.312807405373145,-9.823509752380529
980,-7.610857578666073,-3.34957439690269,-9.86979173797864
981,-7.606251937155428,-3.3926809601895154,-9.910532538330372
982,-7.603874462905948,-3.441208370301799,-9.944863824253572
983,-7.603775818650107,-3.4941223568908635,-9.972053924598066
984,-7.60595810872147,-3.5502951398124925,-9.991523316507717
985,-7.61037482878091,-3.6085295012693064,-10.002857017177476
986,-7.616931837310829,-3.6675842676219026,-10.005813491657777
987,-7.62548938503522,-3.726200796349724,-10.00032972340021
988,-7.635865084017829,-3.7831297749615147,-9.986522582422337
989,-7.64783778863537,-3.8371578641509925,-9.964686368559176
990,-7.66115233325328,-3.8871335477859303,-9.93528643379981
991,-7.675524924631779,-3.9319916804101367,-9.89894945561452
992,-7.690649253883866,-3.970776184443966,-9.856449817677396
993,-7.7062029567584105,-4.002660416629834,-9.808693379816333
994,-7.7218545425210365,-4.026964883521394,-9.756697981013927
995,-7.737270421057465,-4.043171508861638,-9.701571793480172
996,-7.752122031496015,-4.050934914586454,-9.64448974798315
997,-7.766092836287423,-4.05008962705038,-9.5866684492569
998,-7.778885072912238,-4.040653662033477,-9.529340254051354
999,-7.790226098225342,-4.022828140884035,-9.473727013644288
1000,-7.79987419071215,-3.996992945948512,-9.4210140384067
1001,-7.8076237306915175,-3.96369877775476,-9.372324796404346
1002,-7.813309544353769,-3.923655179868282,-9.328697005896842
1003,-7.816810437733889,-3.877715632528299,-9.29106057188881
1004,-7.818051814092024,-3.8268592595729656,-9.260217573792287
1005,-7.817007199175989,-3.7721699788375673,-9.236825445511075
1006,-7.813698869035793,-3.7148133971717985,-9.221382700662964
1007,-7.808197328730415,-3.656011968216681,-9.214218499063204
1008,-7.800619836058052,-3.5970189450878465,-9.215485526330054
1009,-7.791127892333083,-3.5390916542236948,-9.22515677333858
1010,-7.779923797374577,-3.4834647252695254,-9.24302613772952
1011,-7.767246352499216,-3.4313237413144266,-9.268712738279358
1012,-7.753365759779132,-3.383780006915548,-9.301669096911665
1013,-7.738577849376189,-3.3418468282660085,-9.341192846476778
1014,-7.723197800333433,-3.3064179213490315,-9.38644159663703
1015,-7.707553423333974,-3.2782484319462135,-9.436450921342793
1016,-7.691978139483916,-3.2579387009499987,-9.490154984733815
1017,-7.676803915351453,-3.2459216384038427,-9.546409173468744
1018,-7.707062885707267,-3.2404454617471314,-9.675892411843211
1019,-7.6949639765094435,-3.254112653975721,-9.732514182155478
1020,-7.684441345990294,-3.276001409377701,-9.786822171427456
1021,-7.675719261776445,-3.3056451635969957,-9.837658893442116
1022,-7.668983618680424,-3.3424121551265404,-9.883940879040225
1023,-7.664377977169781,-3.3855187184133655,-9.92468167939196
1024,-7.662000502920299,-3.4340461285256496,-9.959012965315157
1025,-7.66190185866446,-3.486960115114714,-9.986203065659652
1026,-7.664084148735822,-3.543132898036343,-10.005672457569304
1027,-7.668500868795261,-3.6013672594931565,-10.017006158239061
1028,-7.675057877325181,-3.660422025845753,-10.019962632719363
1029,-7.683615425049571,-3.719038554573574,-10.014478864461797
1030,-7.6939911240321806,-3.7759675331853653,-10.000671723483922
1031,-7.705963828649722,-3.829995622374843,-9.978835509620762
1032,-7.719278373267631,-3.879971306009781,-9.949435574861397
1033,-7.733650964646131,-3.924829438633987,-9.913098596676106
1034,-7.748775293898218,-3.9636139426678163,-9.87059895873898
1035,-7.764328996772763,-3.995498174853685,-9.822842520877918
1036,-7.779980582535388,-4.019802641745245,-9.770847122075512
1037,-7.7953964610718165,-4.036009267085489,-9.715720934541757
1038,-7.810248071510366,-4.043772672810305,-9.658638889044736
1039,-7.824218876301774,-4.042927385274231,-9.600817590318485
1040,-7.837011112926589,-4.033491420257327,-9.543489395112939
1041,-7.848352138239694,-4.015665899107885,-9.487876154705875
1042,-7.858000230726502,-3.9898307041723626,-9.435163179468287
1043,-7.86574977070587,-3.95653653597861,-9.386473937465933
1044,-7.87143558436812,-3.9164929380921327,-9.34284614695843
1045,-7.874936477748241,-3.8705533907521494,-9.305209712950397
1046,-7.876177854106375,-3.8196970177968157,-9.274366714853874
1047,-7.87513323919034,-3.7650077370614174,-9.25097458657266
1048,-7.871824909050145,-3.7076511553956486,-9.23553184172455
1049,-7.866323368744767,-3.6488497264405315,-9.228367640124791
1050,-7.858745876072404,-3.589856703311697,-9.22963466739164
1051,-7.849253932347435,-3.5319294124475453,-9.239305914400168
1052,-7.838049837388929,-3.476302483493376,-9.257175278791108
1053,-7.825372392513567,-3.424161499538277,-9.282861879340944
1054,-7.811491799793483,-3.3766177651393985,-9.31581823797325
1055,-7.796703889390541,-3.334684586489859,-9.355341987538365
1056,-7.781323840347785,-3.2992556795728816,-9.400590737698614
1057,-7.7656794633483255,-3.271086190170064,-9.450600062404378
1058,-7.750104179498267,-3.2507764591738493,-9.5043041257954
1059,-7.734929955365804,-3.2387593966276933,-9.560558314530331
1060,-7.7651889832245,-3.233283212885525,-9.690041566902249
1061,-7.753090074026677,-3.2469504051141143,-9.746663337214516
1062,-7.742567443507527,-3.268839160516095,-9.800971326486493
1063,-7.733845359293678,-3.2984829147353896,-9.851808048501152
1064,-7.727109716197657,-3.335249906264934,-9.898090034099262
1065,-7.722504074687014,-3.3783564695517594,-9.938830834450995
1066,-7.720126600437532,-3.4268838796640435,-9.973162120374194
1067,-7.720027956181693,-3.479797866253108,-10.000352220718689
1068,-7.722210246253055,-3.535970649174737,-10.01982161262834
1069,-7.7266269663124945,-3.5942050106315504,-10.031155313298099
1070,-7.733183974842414,-3.6532597769841466,-10.0341117877784
1071,-7.741741522566804,-3.711876305711968,-10.028628019520832
1072,-7.752117221549414,-3.768805284323759,-10.01482087854296
1073,-7.764089926166955,-3.822833373513237,-9.992984664679799
1074,-7.777404470784864,-3.8728090571481744,-9.963584729920433
1075,-7.791777062163364,-3.9176671897723807,-9.927247751735143
1076,-7.806901391415451,-3.95645169380621,-9.884748113798018
1077,-7.822455094289996,-3.9883359259920788,-9.836991675936956
1078,-7.838106680052621,-4.012640392883639,-9.78499627713455
1079,-7.8535225585890505,-4.028847018223882,-9.729870089600794
1080,-7.8683741690276,-4.036610423948699,-9.672788044103772
1081,-7.8823449738190074,-4.035765136412625,-9.614966745377522
1082,-7.895137210443822,-4.026329171395721,-9.557638550171976
1083,-7.906478235756927,-4.008503650246279,-9.50202530976491
1084,-7.916126328243735,-3.9826684553107565,-9.449312334527322
1085,-7.923875868223103,-3.949374287117004,-9.400623092524969
1086,-7.929561681885353,-3.909330689230526,-9.356995302017465
1087,-7.933062575265474,-3.8633911418905433,-9.319358868009433
1088,-7.934303951623609,-3.8125347689352096,-9.28851586991291
1089,-7.933259336707573,-3.7578454881998113,-9.265123741631697
1090,-7.929951006567378,-3.7004889065340425,-9.249680996783587
1091,-7.924449466262,-3.6416874775789254,-9.242516795183827
1092,-7.916871973589637,-3.582694454450091,-9.243783822450677
1093,-7.907380029864668,-3.5247671635859392,-9.253455069459203
1094,-7.896175934906162,-3.46914023463177,-9.271324433850143
1095,-7.8834984900308,-3.416999250676671,-9.297011034399981
1096,-7.869617897310716,-3.369455516277792,-9.329967393032288
1097,-7.854829986907775,-3.3275223376282526,-9.3694911425974
1098,-7.839449937865019,-3.2920934307112755,-9.414739892757652
1099,-7.8238055608655594,-3.263923941308458,-9.464749217463416
1100,-7.808230277015501,-3.243614210312243,-9.518453280854438
1101,-7.7930560528830375,-3.2315971477660868,-9.574707469589367
1102,-7.823315023238853,-3.2261209711093755,-9.704190707963834
1103,-7.811216114041029,-3.239788163337965,-9.760812478276103
1104,-7.800693483521879,-3.261676918739945,-9.815120467548079
1105,-7.791971399308031,-3.29132067295924,-9.865957189562739
1106,-7.7852357562120105,-3.3280876644887845,-9.912239175160847
1107,-7.780630114701366,-3.37119422777561,-9.952979975512582
1108,-7.778252640451885,-3.4197216378878936,-9.98731126143578
1109,-7.778153996196045,-3.472635624476958,-10.014501361780274
1110,-7.780336286267407,-3.528808407398587,-10.033970753689927
1111,-7.784753006326847,-3.587042768855401,-10.045304454359684
1112,-7.791310014856767,-3.646097535207997,-10.048260928839987
1113,-7.799867562581157,-3.7047140639358185,-10.04277716058242
1114,-7.810243261563767,-3.7616430425476093,-10.028970019604545
1115,-7.822215966181308,-3.815671131737087,-10.007133805741384
1116,-7.8355305107992175,-3.865646815372025,-9.97773387098202
1117,-7.849903102177716,-3.9105049479962313,-9.941396892796728
1118,-7.865027431429803,-3.9492894520300608,-9.898897254859603
1119,-7.880581134304348,-3.9811736842159293,-9.85114081699854
1120,-7.8962327200669735,-4.005478151107489,-9.799145418196137
1121,-7.911648598603403,-4.021684776447732,-9.74401923066238
1122,-7.9265002090419525,-4.029448182172549,-9.686937185165359
1123,-7.940471013833361,-4.028602894636475,-9.629115886439108
1124,-7.953263250458175,-4.019166929619572,-9.571787691233563
1125,-7.96460427577128,-4.001341408470129,-9.516174450826497
1126,-7.974252368258088,-3.975506213534607,-9.46346147558891
1127,-7.982001908237455,-3.9422120453408542,-9.414772233586556
1128,-7.9876877218997056,-3.9021684474543767,-9.371144443079052
1129,-7.991188615279827,-3.8562289001143935,-9.33350800907102
1130,-7.9924299916379615,-3.80537252715906,-9.302665010974497
1131,-7.991385376721927,-3.750683246423662,-9.279272882693284
1132,-7.988077046581731,-3.693326664757893,-9.263830137845172
1133,-7.982575506276352,-3.6345252358027755,-9.256665936245414
1134,-7.974998013603989,-3.575532212673941,-9.257932963512262
1135,-7.965506069879021,-3.5176049218097893,-9.26760421052079
1136,-7.954301974920515,-3.46197799285562,-9.28547357491173
1137,-7.941624530045153,-3.409837008900521,-9.311160175461566
1138,-7.927743937325069,-3.3622932745016425,-9.344116534093873
1139,-7.912956026922127,-3.320360095852103,-9.383640283658988
1140,-7.897575977879371,-3.2849311889351256,-9.428889033819237
1141,-7.881931600879912,-3.256761699532308,-9.478898358525
1142,-7.866356317029854,-3.2364519685360937,-9.532602421916023
1143,-7.851182092897391,-3.2244349059899373,-9.588856610650954
1144,-7.881441120756086,-3.2189587222477694,-9.718339863022871
1145,-7.869342211558262,-3.2326259144763583,-9.774961633335138
1146,-7.858819581039112,-3.254514669878339,-9.829269622607116
1147,-7.850097496825264,-3.2841584240976336,-9.880106344621776
1148,-7.8433618537292435,-3.320925415627178,-9.926388330219885
1149,-7.838756212218599,-3.3640319789140034,-9.967129130571617
1150,-7.8363787379691185,-3.4125593890262875,-10.001460416494817
1151,-7.836280093713278,-3.465473375615352,-10.028650516839312
1152,-7.838462383784641,-3.521646158536981,-10.048119908748962
1153,-7.84287910384408,-3.5798805199937944,-10.059453609418721
1154,-7.849436112374,-3.638935286346391,-10.062410083899023
1155,-7.857993660098391,-3.697551815074212,-10.056926315641455
1156,-7.868369359081,-3.754480793686003,-10.043119174663582
1157,-7.880342063698541,-3.808508882875481,-10.021282960800422
1158,-7.8936566083164506,-3.858484566510419,-9.991883026041057
1159,-7.90802919969495,-3.9033426991346247,-9.955546047855766
1160,-7.923153528947037,-3.9421272031684547,-9.91304640991864
1161,-7.9387072318215814,-3.974011435354323,-9.865289972057578
1162,-7.9543588175842075,-3.998315902245883,-9.813294573255172
1163,-7.969774696120636,-4.014522527586126,-9.758168385721417
1164,-7.984626306559186,-4.022285933310943,-9.701086340224395
1165,-7.998597111350594,-4.021440645774869,-9.643265041498145
1166,-8.011389347975408,-4.012004680757965,-9.585936846292599
1167,-8.022730373288514,-3.9941791596085228,-9.530323605885533
1168,-8.03237846577532,-3.9683439646730005,-9.477610630647945
1169,-8.040128005754688,-3.935049796479248,-9.428921388645591
1170,-8.045813819416939,-3.89500619859277,-9.385293598138087
1171,-8.04931471279706,-3.8490666512527874,-9.347657164130055
1172,-8.050556089155194,-3.7982102782974536,-9.316814166033534
1173,-8.049511474239159,-3.7435209975620554,-9.29342203775232
1174,-8.046203144098964,-3.6861644158962865,-9.27797929290421
1175,-8.040701603793586,-3.6273629869411694,-9.27081509130445
1176,-8.033124111121223,-3.568369963812335,-9.2720821185713
1177,-8.023632167396254,-3.5104426729481832,-9.281753365579826
1178,-8.012428072437748,-3.454815743994014,-9.299622729970766
1179,-7.999750627562387,-3.402674760038915,-9.325309330520604
1180,-7.985870034842303,-3.3551310256400364,-9.35826568915291
1181,-7.97108212443936,-3.313197846990497,-9.397789438718023
1182,-7.955702075396604,-3.2777689400735195,-9.443038188878274
1183,-7.940057698397145,-3.249599450670702,-9.493047513584038
1184,-7.924482414547087,-3.229289719674487,-9.54675157697506
1185,-7.909308190414624,-3.217272657128331,-9.603005765709991
1186,-8.014254576566088,-3.2063886532180264,-9.635259143649458
1187,-8.076171978039248,-3.214520277889609,-9.623173243351138
1188,-8.034726939534051,-3.2287953795389623,-9.5436584705235
1189,-8.03958718154405,-3.2172792528438037,-9.583192893080623
1190,-8.085835360834944,-3.23180957570533,-9.557488620472025
1191,-8.127769834444157,-3.2307631377611226,-9.604846913847702
1192,-8.160791961433715,-3.235884778776246,-9.659578649175593
1193,-8.176648176621255,-3.2530361967595867,-9.59281276911713
1194,-8.198426101682422,-3.2562355973654706,-9.634605507016168
1195,-8.230595677585676,-3.2736074057394013,-9.653144370777179
1196,-8.271280185568626,-3.303121963906123,-9.677489906615083
1197,-8.057657359380597,-3.2429963997640803,-9.51511206520325
1198,-8.104299673411125,-3.260374490387502,-9.500138361142143
1199,-8.143319906059538,-3.2542044101252245,-9.543309226960742
1200,-8.07149667237394,-3.3155122389345846,-9.409011292166655
1201,-8.05712361475792,-3.289018696063053,-9.437309678528539
1202,-8.106270804429403,-3.298017488038594,-9.441624513465396
1203,-8.15749999598224,-3.290697152920825,-9.482284640642511
1204,-8.19503399364539,-3.2831795876402627,-9.533570936263654
1205,-8.219794871031725,-3.2778724281613565,-9.590026301953813
1206,-8.259735733707855,-3.3035768575243143,-9.602935129809499
1207,-8.29530762511585,-3.333623979344382,-9.61425560334055
1208,-8.210915718716658,-3.3274991898539965,-9.474911606071046
1209,-8.246761237097319,-3.3197151618701595,-9.532548305577452
1210,-8.281779549917136,-3.3376399147850275,-9.562071229539528
1211,-8.31174757865585,-3.3712521521152037,-9.56254438912064
1212,-8.093167448999969,-3.3912085074968967,-9.350003683271103
1213,-8.106593381767613,-3.3454840918701856,-9.389939935361738
1214,-8.144892064917842,-3.3959772462938527,-9.365459173230185
1215,-8.16792711290207,-3.346629362781443,-9.418602232677491
1216,-8.120338854327635,-3.4331447107942212,-9.333769284840299
1217,-8.166412364012064,-3.46222995372223,-9.338796800581312
1218,-8.198495272593677,-3.41860926493011,-9.37977275757026
1219,-8.228364291788525,-3.3845454074493113,-9.42800185184685
1220,-8.25230061581691,-3.3625053377776846,-9.475241931461913
1221,-8.287885298011613,-3.374557973113401,-9.509417723099984
1222,-8.318850365609736,-3.406566057083248,-9.522208072428969
1223,-8.24721105187848,-3.4491766045466994,-9.39767754716983
1224,-8.277326125981551,-3.419486440406248,-9.447820126018005
1225,-8.307813653404372,-3.4239343070171397,-9.484361271133967
1226,-8.33280918643596,-3.448919493869668,-9.502758142004947
1227,-8.123730178390415,-3.5316942962859836,-9.300025939328172
1228,-8.153773843187173,-3.5112057232000664,-9.315949340130876
1229,-8.190868026818764,-3.5271225761145724,-9.32940916401216
1230,-8.218704618166731,-3.4865613538952847,-9.358550024039982
1231,-8.159499685807221,-3.561598751624644,-9.308138408581119
1232,-8.198895711972781,-3.5920000895596043,-9.324331857141868
1233,-8.233013252214036,-3.5536546110317713,-9.349633175493713
1234,-8.261671333680642,-3.5147761263015234,-9.381098996198961
1235,-8.282490421083157,-3.479388275592543,-9.414883357481486
1236,-8.313898205909725,-3.476655867240006,-9.453385671803938
1237,-8.343131056166653,-3.4997366886561023,-9.484162256863387
1238,-8.271565593520213,-3.5807575308388992,-9.375920901887858
1239,-8.301715281080176,-3.5401051325476756,-9.41255523090101
1240,-8.330144766955577,-3.5322240009050243,-9.450011173688848
1241,-8.35106345043339,-3.5536943226313467,-9.475147215052603
1242,-8.308341634994253,-3.339134375643365,-9.676724131065447
1243,-8.291515508184748,-3.323568971329312,-9.716035473315875
1244,-8.34534214763227,-3.38941385921398,-9.720745293463764
1245,-8.329245909061646,-3.3719315975054975,-9.620778820745414
1246,-8.359083663448931,-3.4081823009297283,-9.68344893969706
1247,-8.367530602627308,-3.4271734883416336,-9.721704793623633
1248,-8.337844159755546,-3.375505327862685,-9.682280425538554
1249,-8.357323105375968,-3.4106225499075866,-9.63665346543096
1250,-8.389455841483997,-3.477318495668346,-9.722078262647647
1251,-8.355188441339713,-3.4746782132176572,-9.524553848359986
1252,-8.34858835920159,-3.4249649887270768,-9.566201631267901
1253,-8.37330830057107,-3.451261235244053,-9.60952510478113
1254,-8.39403688708514,-3.529752021539001,-9.58947219886294
1255,-8.391150121705342,-3.4934878056832903,-9.620759162381267
1256,-8.377298001106674,-3.492040766358958,-9.565714653153247
1257,-8.36915779328651,-3.5711180524623396,-9.503793982732777
1258,-8.366454561184117,-3.5242290465848742,-9.515145271307698
1259,-8.386664620676216,-3.560682681856603,-9.547748712237514
1260,-8.40266782633983,-3.579819717203754,-9.595721390116463
1261,-8.404930791960807,-3.543952046078057,-9.632591709077145
1262,-8.404505156846234,-3.53276736988886,-9.727157637357324
1263,-8.40076959334395,-3.5087043373897853,-9.674002097715064
1264,-8.411335233985689,-3.563515050388892,-9.682979527405802
1265,-8.151425438109623,-3.6277313306250725,-9.301959274971015
1266,-8.200349667039518,-3.660139996478749,-9.32803182326792
1267,-8.23980758459088,-3.620689479028086,-9.349651810278278
1268,-8.153749790070718,-3.757209800926096,-9.33187350306409
1269,-8.154544975340242,-3.6987238920771195,-9.313133428265129
1270,-8.197225085478054,-3.724895571417464,-9.341511735627007
1271,-8.239876125042212,-3.6889177992918536,-9.358810405292044
1272,-8.275464268332032,-3.6451617097089968,-9.379832415627837
1273,-8.2994911010356,-3.603995529025778,-9.401186097731273
1274,-8.329895313929818,-3.59421371847722,-9.437360962847766
1275,-8.357204757638959,-3.6105955362423763,-9.47766456641718
1276,-8.276077433034258,-3.7118438240951854,-9.395777218315727
1277,-8.308053781459249,-3.6573263755147623,-9.414399484581043
1278,-8.337959079987838,-3.6632008359870643,-9.45382752091253
1279,-8.362225459326892,-3.6680819493739625,-9.49518418949728
1280,-8.187914487785328,-3.7730515482480604,-9.356198301786131
1281,-8.230832410244815,-3.7595595415465914,-9.377701350279617
1282,-8.159094761442617,-3.853726507856165,-9.393436285380789
1283,-8.20296334529232,-3.8400422180177602,-9.409895076526418
1284,-8.269820508484198,-3.784449174939741,-9.42646500243183
1285,-8.310905021060965,-3.7221065367377584,-9.43782954323431
1286,-8.34066083992625,-3.7245231035415762,-9.48189854067633
1287,-8.362377399687137,-3.7230263442878146,-9.5224902589234
1288,-8.271626967732121,-3.8418512321146157,-9.479423662835138
1289,-8.310409305254876,-3.783916050494664,-9.476340308320129
1290,-8.340093110502023,-3.779996472286585,-9.524881885933638
1291,-8.359612946864303,-3.7576178399420903,-9.54630378676775
1292,-8.136021099928396,-3.9440398209127814,-9.487680554105262
1293,-8.164401765838532,-3.9152594821499553,-9.463453834201566
1294,-8.178611868994363,-3.9391335820056397,-9.515406667727149
1295,-8.22155759358808,-3.894696843995211,-9.486816464816425
1296,-8.132738675990636,-3.968317996336621,-9.534505967828249
1297,-8.175420763707685,-3.9652313452526613,-9.57748003407682
1298,-8.221375217135694,-3.931100227389276,-9.555234270884498
1299,-8.26627811436563,-3.887195136820328,-9.537849844711378
1300,-8.306057182760352,-3.835593767676501,-9.52607111491162
1301,-8.32800609802437,-3.827078425773501,-9.561949609680754
1302,-8.353797263799397,-3.792865590378768,-9.577798793539833
1303,-8.25671833494028,-3.9194602009222916,-9.599950911320692
1304,-8.30013343032209,-3.8740513555271403,-9.587074416102363
1305,-8.330533278276318,-3.8410536263246366,-9.601213384834349
1306,-8.347418291174721,-3.8251824756350317,-9.632925124208255
1307,-8.122174706224639,-3.992429998275836,-9.601849104839205
1308,-8.167781396743935,-3.98185760210547,-9.645923970025502
1309,-8.213387781071386,-3.9547232488998376,-9.621319514852411
1310,-8.08324112053466,-4.010163503207659,-9.695370927878
1311,-8.123418319764015,-4.000056032960718,-9.673196411107227
1312,-8.156370371949988,-3.98685994582888,-9.71444713150456
1313,-8.202295852248563,-3.966246000923282,-9.688135767974025
1314,-8.245012331178286,-3.938322569322363,-9.661617941173356
1315,-8.279687809299613,-3.907443774105805,-9.638588051776043
1316,-8.313816637730582,-3.8737794899540337,-9.652076823488638
1317,-8.337600691495751,-3.845147768454728,-9.686226947485295
1318,-8.23291162193032,-3.944482740317421,-9.725919232465916
1319,-8.275143828728567,-3.9143650503788225,-9.694365738571062
1320,-8.303907525549787,-3.8825182073834212,-9.728748819358362
1321,-8.331737330073725,-3.847383512794185,-9.735033168873127
1322,-8.38141656211628,-3.6736313226261177,-9.539404428220603
1323,-8.39523952578002,-3.6238341893823347,-9.564577136932673
1324,-8.378758740424859,-3.618196267256594,-9.520009582846702
1325,-8.406700726422784,-3.6362842399055806,-9.614634983155378
1326,-8.411724925221963,-3.5963812657500367,-9.64591752033801
1327,-8.377288128814827,-3.733025910935913,-9.570834460082061
1328,-8.41184672779244,-3.6449160217536285,-9.66775049131834
1329,-8.395730848938378,-3.6810917207964993,-9.589296841626183
1330,-8.402887796314364,-3.6936708602251067,-9.646392570997241
1331,-8.390413047908272,-3.7253878405157126,-9.615364336080154
1332,-8.413901883028334,-3.6088997085349566,-9.691105507079403
1333,-8.410519926166577,-3.591949675726104,-9.736784629799818
1334,-8.360132091528339,-3.809222802920339,-9.665873115545521
1335,-8.374118674233973,-3.773858568549812,-9.626840185106566
1336,-8.389768171406313,-3.742367643317559,-9.65370408567179
1337,-8.393376555135431,-3.7334385582333907,-9.704323682361895
1338,-8.40652295634106,-3.6836949358548727,-9.697540532422154
1339,-8.376516601262395,-3.77800637138346,-9.68308435835099
1340,-8.342987074473191,-3.821487140178877,-9.766029473873653
1341,-8.355602917514464,-3.815470146321996,-9.712637358763253
1342,-8.370362807115667,-3.781056966963066,-9.741472396208989
1343,-8.381315563536875,-3.7384741317510075,-9.773991172549497
1344,-8.399827441300996,-3.692534323029356,-9.747347705772318
1345,-8.40699572797901,-3.624342166608557,-9.75829755840917
1346,-8.410363256064292,-3.6432532331242564,-9.725584564861135
1347,-8.40070631377093,-3.65021028046938,-9.777792272989794
1348,-8.109072613372907,-4.000521378302248,-9.735211504690028
1349,-8.136998270498346,-3.9825873133311958,-9.780342116562815
1350,-8.187457905179267,-3.9665585403212065,-9.755276830269256
1351,-8.076177769041044,-3.9945337379530264,-9.797083865041019
1352,-8.112670720951545,-3.9676487768075566,-9.844291422959625
1353,-8.167741540070264,-3.9563313522827266,-9.82084223665894
1354,-8.216790312984617,-3.9401497409709862,-9.790699161857729
1355,-8.260758836865497,-3.9173206729712997,-9.758431861367002
1356,-8.3094260189632,-3.8585368315117488,-9.788589902334639
1357,-8.279380121599768,-3.891745754855786,-9.787049765063818
1358,-8.197661825958606,-3.924319080274109,-9.854211393436929
1359,-8.24393591178423,-3.909788325267247,-9.81857798788625
1360,-8.270480285191226,-3.87687428941067,-9.836713642378255
1361,-8.295242226916095,-3.8410547298759554,-9.849630089182305
1362,-8.034202076641995,-3.949494558714415,-9.905446903750804
1363,-8.05392800655886,-3.9725905755290207,-9.861509282824631
1364,-8.084888555179129,-3.943374678703942,-9.901686293390984
1365,-8.143205532050528,-3.934894796386703,-9.884377581175807
1366,-8.045868016536504,-3.9189382552346754,-9.944106621225774
1367,-8.10980365143143,-3.897474119671881,-9.9501160786686
1368,-8.175986270100895,-3.895555184618985,-9.915835362713162
1369,-8.227790927059191,-3.8886328974326227,-9.87756388678695
1370,-8.2563392596249,-3.85042989971272,-9.893103679551357
1371,-8.280769815450634,-3.81375530284202,-9.90124575313472
1372,-8.156474444682022,-3.849813307699614,-9.97331583457566
1373,-8.210402778747234,-3.8530873964483745,-9.935210706762417
1374,-8.241660747931125,-3.8089949484523205,-9.946241424610974
1375,-8.269268921924823,-3.789981506189264,-9.933642545474235
1376,-8.043321237805387,-3.814612017019506,-10.031393446469465
1377,-8.09889719498148,-3.835683336687038,-10.006922275442182
1378,-7.972310764555848,-3.762819307810499,-10.057714943532927
1379,-7.995188413584496,-3.7974382949501897,-10.043028240986613
1380,-8.023040642413507,-3.7496582934292153,-10.063393801974204
1381,-8.084286663509278,-3.772720300724162,-10.045884216089833
1382,-8.140425402156119,-3.7915124888208345,-10.019474199511906
1383,-8.192568989316808,-3.8054907640026068,-9.985096976311935
1384,-8.218160850698771,-3.7717691916208342,-9.988079125026806
1385,-8.255183971041987,-3.758483147540176,-9.966281092923113
1386,-8.124019073397324,-3.728967996738079,-10.051760918889649
1387,-8.178911926420799,-3.7450586865913778,-10.023538275459323
1388,-8.219362471241148,-3.733582575873605,-10.004533773736124
1389,-8.243124906661473,-3.7036938620168627,-9.99801695014136
1390,-7.969626245215359,-3.711599923207137,-10.074260853848111
1391,-8.017460819788182,-3.673694625669528,-10.083129694268075
1392,-8.071057616902863,-3.7050518729611963,-10.071410766461641
1393,-7.961246771098907,-3.638360249220646,-10.085212020287079
1394,-8.013344122400358,-3.6019456664045264,-10.08801066885701
1395,-8.062375310587978,-3.634891843127558,-10.083247862993064
1396,-8.111189246893383,-3.66622035572734,-10.069927326395176
1397,-8.152525823164588,-3.6926047243159372,-10.051341845920588
1398,-8.196288057189628,-3.6833616835882363,-10.032898416588525
1399,-8.230166328690462,-3.6498683144254858,-10.018071608753951
1400,-8.104184406097712,-3.601208111571905,-10.075576133877135
1401,-8.150493415537952,-3.6388581677002136,-10.060042513945048
1402,-8.188826608857493,-3.6157094082627705,-10.044179365536124
1403,-8.222820682127756,-3.5917219783830414,-10.02458591329485
1404,-8.316592603180355,-3.800885541576474,-9.861855439651382
1405,-8.351778827127756,-3.7813359601240433,-9.8107341091489
1406,-8.325675533325024,-3.822145698908753,-9.81646428452582
1407,-8.36446139929517,-3.7267386569019636,-9.835765546737383
1408,-8.386613010168086,-3.68945635366044,-9.804434562660742
1409,-8.296814975811643,-3.768148854645681,-9.91773986739818
1410,-8.37052763774749,-3.678693495175479,-9.850611773465973
1411,-8.335015208329368,-3.752569050869153,-9.873988590625045
1412,-8.3446081087869,-3.693670652138906,-9.891742315984914
1413,-8.317356042784835,-3.724982903059677,-9.916872953779768
1414,-8.385025072211857,-3.637786012451834,-9.830466888287207
1415,-8.399378030729432,-3.600884051015711,-9.792595839735434
1416,-8.26332958810456,-3.6712156701449246,-9.990206084379086
1417,-8.285730439847075,-3.7119304513086306,-9.95851625452786
1418,-8.314961361823132,-3.6857278293417055,-9.935286479514211
1419,-8.326617646166884,-3.6326540820542847,-9.931438730892841
1420,-8.361891374438168,-3.631615488161411,-9.879324549116774
1421,-8.292164671587141,-3.6544773993429103,-9.967114863322927
1422,-8.2535727303524,-3.5659389400633694,-10.000778668679711
1423,-8.260754984301897,-3.6221765474250347,-9.998032863892703
1424,-8.291150664775973,-3.5948797273165156,-9.971168549980918
1425,-8.318853861588837,-3.563979843520131,-9.937888855742088
1426,-8.345478755068719,-3.5877012536724853,-9.905877575437273
1427,-8.384181194553369,-3.593914562625645,-9.83506745907019
1428,-8.375675453578925,-3.6094532476143946,-9.854514254385442
1429,-8.367828868617144,-3.573237072399907,-9.866595711393769
1430,-7.936363199695968,-3.542566136751094,-10.076953208503392
1431,-7.971036042960908,-3.5710263987628488,-10.085025048407202
1432,-8.009424821607963,-3.539272416985603,-10.081824426389222
1433,-8.05637131108942,-3.567662974232808,-10.082466032156677
1434,-7.971036274904708,-3.52474449182418,-10.077724438829037
1435,-7.9944072194656055,-3.4862867036300997,-10.068576775059862
1436,-8.046398929428406,-3.5028036795379496,-10.07125852998066
1437,-8.097335495345465,-3.5359945265202484,-10.070226814081224
1438,-8.144643566798184,-3.5754274769580845,-10.061639208834738
1439,-8.18246682790422,-3.553158043897688,-10.042807806228033
1440,-8.21652206267104,-3.5336075961134186,-10.020351794748644
1441,-8.089554756770907,-3.4701490840349813,-10.053394948709164
1442,-8.138836618770778,-3.5115983634349104,-10.052322078438046
1443,-8.177988198055342,-3.4928634042537348,-10.030113631205065
1444,-8.213545294579564,-3.480037456161006,-10.005438674727817
1445,-7.933331361052511,-3.4002413795032385,-10.022510829412736
1446,-7.963147565833923,-3.442102256587114,-10.049431881818016
1447,-7.983557120332732,-3.3977113746769305,-10.02737577342785
1448,-8.02748835557839,-3.4355568184544434,-10.047724543820458
1449,-7.940985309715772,-3.3286005644757655,-9.967890639313563
1450,-7.961629694130649,-3.359655670046889,-9.998771485321134
1451,-8.024843139014887,-3.3661726694298455,-10.005726663556391
1452,-8.083187545358365,-3.4062396949732654,-10.023978134810704
1453,-8.134476795688325,-3.4491851443309454,-10.03133233881805
1454,-8.176422776156098,-3.4355227648202176,-10.005943005142495
1455,-8.21463283679919,-3.4279973170574434,-9.978445653680755
1456,-8.083440793271835,-3.3470435047794815,-9.980734915255136
1457,-8.133414336297815,-3.3899375320341325,-9.997730335185476
1458,-8.178042262637133,-3.3821234007901957,-9.969842077619575
1459,-8.217326787335907,-3.3788647385859276,-9.939700605017519
1460,-7.952222918262918,-3.2974425603498303,-9.93594286861118
1461,-8.007445062723958,-3.2892245490585816,-9.93059148378539
1462,-7.966695757128291,-3.2315525289589493,-9.824575700724191
1463,-7.977693002170945,-3.2448288592435435,-9.857527100483335
1464,-8.01904154740143,-3.232485140593089,-9.830448973805021
1465,-8.061603783302367,-3.2498354716424176,-9.859963279991874
1466,-8.077733206181502,-3.2877772830441074,-9.917416261890182
1467,-8.136713370921287,-3.3355365970612283,-9.950130213707578
1468,-8.18411353104472,-3.3385568729839323,-9.924792655645648
1469,-8.217313038393474,-3.343782604604433,-9.903195749451267
1470,-8.110388193710019,-3.2554190367722593,-9.848479505692918
1471,-8.153620387925502,-3.292369101527638,-9.885993340677798
1472,-8.197915134336546,-3.314753371938927,-9.882905072673948
1473,-8.230679265250098,-3.3242041438912007,-9.861773667942037
1474,-7.988105058164523,-3.21928041016297,-9.791581830012547
1475,-8.038080921063845,-3.215654438978622,-9.772351550798026
1476,-8.075279028812364,-3.2312151213481455,-9.809271952689617
1477,-7.9887928283871465,-3.2077376982619135,-9.73663227187414
1478,-8.130806754106793,-3.2374313564102786,-9.781810310810926
1479,-8.156141324045928,-3.2624156577549095,-9.82671340256334
1480,-8.200645749475965,-3.2859397154818453,-9.828451012700059
1481,-8.2457020294967,-3.306943185347254,-9.805325855121529
1482,-8.248815302602319,-3.4724305096365424,-9.976738172198356
1483,-8.281520615902581,-3.5251589957226774,-9.968252075033565
1484,-8.244474165265949,-3.5147478102121044,-9.996356526487505
1485,-8.31414045335579,-3.5026539426304826,-9.924742467013298
1486,-8.342826147574952,-3.5367108879560067,-9.898864716798744
1487,-8.251482027142792,-3.4209007045646285,-9.944103905709952
1488,-8.336560878888426,-3.4877275070438136,-9.885689247387223
1489,-8.283341490859653,-3.4629695938934892,-9.93983991898165
1490,-8.31250804939504,-3.443683662220983,-9.891025283679422
1491,-8.28070153868028,-3.4179609235059303,-9.911332145388577
1492,-8.385750858075179,-3.5452843596004127,-9.818077259831702
1493,-8.361265960393052,-3.5101633171048574,-9.855286474244993
1494,-8.260723578569296,-3.3370517996365474,-9.840916979321449
1495,-8.257334986088722,-3.370167084143053,-9.891747556356924
1496,-8.293166064662932,-3.3965257067583465,-9.874261205449098
1497,-8.319022859330028,-3.3971901524174637,-9.830214658945886
1498,-8.344609956264721,-3.4498420067297175,-9.841477519566308
1499,-8.288522310097933,-3.3611369941885965,-9.834046013189889
1500,-8.276651401115958,-3.331016552213314,-9.798714719865336
1501,-8.369965232730939,-3.474535581615643,-9.80618319166105
1502,-8.199419574840112,-3.2536734705746824,-9.682958032501851
1503,-8.179032860073614,-3.2572466478615314,-9.781715998598875
1504,-8.380828014221477,-3.4519822662046495,-9.666584292925437
1505,-8.056751268063097,-3.263895711154584,-9.474631493115663
1506,-7.993829495408274,-3.849864477570077,-10.01081070636825
1507,-8.087088516801733,-3.219720828626329,-9.756839733489983
1508,-8.008110131607092,-3.8970133202659065,-9.970991154287233
1509,-7.942177064520479,-3.493648112762413,-10.066246656708657
1510,-8.144635288100186,-3.8944839992928104,-9.424940621998468
1511,-8.120446531830874,-3.480394651043545,-9.313386306600087
1512,-8.050635969249928,-3.8722757172846682,-9.989761327870687
1513,-8.111463515283429,-3.2188730725247683,-9.660780143530763
1514,-8.125699256891988,-3.5802980078028175,-9.293672644313537
1515,-8.091568089914817,-4.0070708178549115,-9.64530542906951
1516,-8.06821610768445,-4.008267066277911,-9.743468956593686
1517,-7.93492856100296,-3.5911776823336403,-10.082110239900267
1518,-7.963316778624448,-3.265671993283351,-9.893282723290953
1519,-7.98756143511901,-3.324069669257742,-9.969590189115833
1520,-8.189460039350998,-3.8761842962514454,-9.434319964674263
1521,-8.232945420484755,-3.843653436227277,-9.438164750437156
1522,-8.017818682453115,-3.2580783528839836,-9.883701005363191
1523,-8.036521451792229,-3.319755270518926,-9.963720068525417
1524,-8.228047663701767,-3.8089196578405824,-9.405057436561181
1525,-8.195228954721188,-3.8083869419951757,-9.380946433917506
1526,-8.153383186972425,-3.805906606598575,-9.356365568225435
