element,side,n1,n2,n3
55,1,1040,998,999
66,1,998,1039,997
77,1,1490,1488,1498
88,2,971,930,972
134,1,419,377,378
145,1,958,1000,999
199,1,447,446,405
215,1,694,693,652
237,1,31,32,146
237,4,275,32,31
238,1,200,197,186
268,1,379,378,337
291,1,722,680,681
334,1,1262,1264,1263
353,2,1099,1100,1141
407,1,110,1250,111
522,1,54,55,681
546,1,958,959,1000
586,1,1108,1150,1149
600,1,483,441,442
627,4,1183,1141,1142
679,1,553,552,511
704,1,488,487,446
718,1,465,423,424
720,1,1478,1503,116
855,1,953,954,995
951,1,993,952,994
1028,1,954,913,955
1045,3,956,915,957
1106,1,463,462,421
1165,1,1038,997,1039
1172,1,277,318,276
1185,1,214,248,200
1186,3,996,955,997
1195,4,860,902,901
1225,1,229,206,245
1250,3,996,997,1038
1279,1,1369,1360,1370
1291,1,127,6,136
1420,1,996,995,954
1496,1,867,909,908
1497,1,155,130,150
1507,1,1419,1418,1412
1598,1,36,126,148
1606,1,953,995,994
1619,1,418,459,417
1624,1,480,521,479
1626,1,174,29,30
1626,2,277,30,29
1627,1,181,188,192
1634,1,372,373,414
1637,1,528,569,527
1639,1,338,296,297
1642,1,17,120,141
1645,1,246,258,253
1646,1,330,372,371
1648,1,182,205,189
1649,1,582,541,583
1652,3,142,120,18
1663,1,319,360,318
1665,1,329,328,287
1666,1,275,317,316
1667,1,189,202,193
1671,1,524,525,566
1674,1,269,270,311
1677,1,249,259,251
1678,1,1217,1511,1216
1680,1,479,520,478
1684,3,268,267,39
1685,1,149,38,130
1690,1,228,236,246
1691,1,823,822,781
1692,1,224,210,219
1693,1,567,526,568
1694,1,518,559,517
1695,1,167,235,159
1697,1,609,567,568
1699,1,153,1,134
1706,1,526,484,485
1709,1,499,540,498
1713,1,907,865,866
1715,1,293,14,13
1721,1,13,294,293
1728,1,406,447,405
1732,1,953,994,952
1734,1,1055,1054,1013
1735,1,755,713,714
1737,1,496,497,538
1741,1,686,685,644
1748,1,807,849,848
1751,1,456,497,455
1756,1,601,642,600
1758,2,1122,1081,1123
1759,1,852,810,811
1760,1,820,819,778
1764,1,1051,1009,1010
1765,1,931,973,972
1769,1,603,644,602
1778,1,680,638,639
1779,1,592,633,591
1780,1,1309,1314,1313
1782,3,955,914,956
1785,1,1036,995,1037
1787,1,634,592,593
1790,1,967,1008,966
1791,2,162,160,123
1793,1,713,754,712
1794,1,577,619,618
1797,3,956,997,955
1799,1,845,886,844
1801,1,663,664,705
1803,1,1282,1283,1520
1804,1,627,669,668
1805,1,771,730,772
1811,1,743,744,785
1812,2,744,703,745
1815,1,622,663,621
1816,1,741,783,782
1819,1,67,1185,66
1820,1,958,999,957
1822,1,682,57,56
1823,1,913,912,871
1829,1,1140,1141,1182
1832,1,926,927,968
1834,1,1148,105,106
1835,1,827,785,786
1842,1,825,867,866
1847,1,1475,1476,1507
1849,1,947,989,988
1856,1,776,735,777
1857,1,64,63,976
1858,1,948,990,989
1859,2,816,775,817
1863,1,1217,1229,1228
1867,1,1441,1452,1448
1870,3,1287,1322,1327
1875,1,1365,1358,1368
1878,1,71,1182,1183
1881,1,1148,1149,105
1882,3,116,1192,117
1890,1,1040,999,1041
1891,1,1334,1317,1306
1900,1,1263,1250,1262
1904,1,1266,1265,1232
1913,1,1375,1385,1374
1918,1,1226,1252,1251
1920,1,1488,1490,1485
1921,1,115,1502,116
1923,2,957,916,958
1924,1,1465,1522,1466
1927,1,1159,1117,1118
1930,1,90,1163,1164
1931,4,914,915,956
1933,1,1460,1461,1518
1934,1,867,908,866
1937,1,1165,88,89
1940,1,293,334,292
1947,1,129,9,10
1948,1,808,60,59
1949,1,10,138,129
1951,1,207,167,161
1954,3,293,292,14
1961,1,210,225,196
1962,1,533,532,491
1964,1,187,172,139
1965,4,17,289,18
1967,3,18,120,17
1973,1,161,157,183
1977,1,372,330,331
1985,1,163,177,141
1987,1,329,288,330
1988,1,331,330,289
1993,1,123,144,23
2000,1,20,143,121
2014,1,21,122,143
2018,1,368,326,327
2021,1,124,145,154
2022,1,285,326,284
2027,1,137,129,161
2030,3,208,193,206
2032,1,244,257,250
2034,1,128,167,136
2039,1,189,183,157
2040,1,367,408,366
2053,1,145,26,125
2059,1,186,197,185
2061,1,25,145,124
2065,1,175,171,28
2072,1,180,190,179
2073,1,317,276,318
2075,1,174,176,180
2079,1,33,170,32
2079,3,274,33,32
2098,1,170,181,146
2099,1,274,315,273
2102,1,126,149,158
2106,1,180,176,146
2112,1,181,170,188
2117,1,311,353,352
2122,1,126,37,149
2127,1,233,227,218
2128,1,211,156,158
2129,1,37,126,36
2129,3,270,37,36
2147,1,298,339,297
2150,3,300,299,7
2153,1,153,134,169
2154,1,161,128,137
2155,1,128,8,137
2156,1,8,128,7
2156,3,299,8,7
2160,1,9,137,8
2168,1,9,298,297
2171,1,256,254,155
2177,1,39,150,130
2178,1,230,218,211
2183,1,133,44,45
2183,2,262,45,44
2189,1,155,150,131
2191,1,159,235,243
2194,1,245,206,202
2195,1,428,469,427
2196,1,1458,1457,1454
2199,1,339,298,340
2200,1,386,427,385
2204,1,490,448,449
2211,1,227,233,241
2213,1,401,443,442
2214,1,400,399,358
2222,1,357,315,316
2223,1,159,134,135
2224,1,529,487,488
2228,1,165,151,132
2229,1,243,235,228
2231,1,136,167,127
2235,1,226,236,217
2239,1,299,340,298
2240,1,164,260,165
2243,1,1,4,134
2243,4,303,4,1
2244,1,169,164,133
2254,1,253,260,164
2256,1,5,135,4
2256,3,302,5,4
2257,1,127,135,5
2262,1,135,127,159
2263,1,6,127,5
2263,3,301,6,5
2266,1,301,302,343
2268,1,7,128,136
2270,1,302,344,343
2280,1,294,13,12
2280,2,139,12,13
2290,1,191,139,140
2294,1,138,11,172
2297,1,172,187,182
2307,1,173,140,15
2314,1,163,168,196
2321,1,204,215,245
2322,1,166,203,168
2326,1,231,261,229
2330,1,142,168,120
2341,1,22,144,122
2348,1,123,24,124
2352,1,154,162,124
2356,1,28,29,175
2356,4,278,29,28
2357,1,125,171,185
2364,1,27,171,125
2370,1,179,186,178
2378,1,126,156,148
2379,1,147,33,34
2382,1,147,170,33
2383,1,147,148,156
2384,1,35,36,148
2384,4,271,36,35
2392,1,361,402,360
2395,1,181,180,146
2397,1,309,350,308
2403,1,130,158,149
2404,1,254,230,158
2406,1,131,150,40
2407,1,165,256,155
2409,1,152,44,133
2411,1,169,159,243
2430,1,243,246,253
2433,1,216,167,207
2434,1,169,134,159
2439,1,19,121,142
2442,1,377,376,335
2445,1,11,12,172
2445,4,295,12,11
2451,1,22,23,144
2451,4,284,23,22
2456,1,123,160,144
2465,1,196,209,163
2468,1,413,412,371
2470,1,458,457,416
2477,1,27,28,171
2477,4,279,28,27
2480,1,322,281,323
2481,1,408,407,366
2482,1,171,175,178
2485,1,319,277,278
2487,1,249,230,254
2493,3,43,152,132
2494,1,164,152,133
2497,1,304,47,262
2498,1,152,164,132
2499,1,164,169,253
2504,1,370,328,329
2505,1,210,196,203
2510,1,502,543,501
2512,1,128,161,167
2513,1,157,161,129
2516,1,165,155,131
2517,1,37,38,149
2517,4,269,38,37
2523,1,306,264,265
2529,3,151,131,41
2535,1,306,305,264
2540,1,151,42,132
2546,1,164,165,132
2549,1,253,258,260
2550,1,169,133,153
2551,1,45,1,153
2551,4,46,1,45
2559,1,427,426,385
2560,1,183,201,207
2565,1,205,202,189
2567,1,172,182,138
2571,1,15,140,14
2571,3,292,15,14
2577,2,292,291,15
2580,1,290,331,289
2590,1,185,154,125
2593,1,198,192,194
2594,1,313,271,272
2598,1,444,402,403
2600,1,178,175,179
2601,1,200,186,214
2606,1,236,252,246
2607,1,258,252,259
2608,1,158,130,155
2611,1,391,432,390
2614,1,355,313,314
2617,1,182,187,205
2622,1,162,184,160
2629,1,215,231,229
2630,1,332,373,331
2633,1,496,454,455
2634,1,418,376,377
2635,1,418,417,376
2636,1,215,229,245
2637,1,367,409,408
2639,1,203,219,210
2640,1,184,222,160
2644,1,201,216,207
2648,1,334,293,335
2649,1,296,337,295
2650,1,336,377,335
2652,1,205,191,204
2657,1,404,445,403
2660,1,321,362,320
2662,1,362,361,320
2663,1,1376,1377,1381
2665,1,316,317,358
2666,1,436,394,395
2667,1,190,180,195
2674,1,194,147,156
2675,1,192,198,213
2676,3,30,176,174
2677,1,193,208,201
2680,1,293,294,335
2682,1,184,154,197
2687,1,205,245,202
2696,1,194,156,198
2703,1,198,156,211
2707,1,200,184,197
2711,1,528,487,529
2712,1,333,291,292
2715,1,212,160,222
2718,1,219,203,212
2720,1,410,409,368
2723,3,223,200,239
2727,1,234,223,239
2729,1,240,255,248
2731,1,524,482,483
2734,1,437,395,396
2737,1,177,209,204
2738,1,221,206,229
2742,1,160,166,122
2743,1,409,450,408
2746,1,249,256,260
2747,1,312,270,271
2757,1,240,248,214
2761,1,216,235,167
2763,1,1404,1411,1409
2765,1,241,233,251
2769,1,1465,1464,1522
2770,1,53,597,52
2775,1,465,464,423
2776,1,1501,1493,1492
2778,1,493,492,451
2787,1,242,261,224
2795,1,234,239,242
2797,1,248,239,200
2799,1,252,236,247
2800,1,394,352,353
2801,1,395,437,436
2803,3,261,242,237
2807,1,458,416,417
2810,1,446,487,445
2811,1,232,241,250
2814,1,249,233,230
2823,1,347,388,346
2830,1,233,249,251
2832,1,1300,1289,1290
2835,1,513,50,51
2838,1,251,250,241
2843,3,232,250,257
2844,1,486,444,445
2845,1,474,432,433
2853,1,431,430,389
2859,1,383,341,342
2860,1,44,152,43
2860,3,263,44,43
2862,1,243,253,169
2864,1,470,469,428
2868,4,262,46,45
2870,1,42,151,41
2870,3,265,42,41
2871,1,42,43,132
2871,4,264,43,42
2875,3,263,262,44
2881,3,264,263,43
2882,3,41,131,40
2887,1,264,305,263
2891,1,39,40,150
2891,4,267,40,39
2896,3,266,265,41
2898,1,130,38,39
2898,2,268,39,38
2899,1,306,348,347
2900,3,268,269,310
2905,4,40,266,41
2910,1,349,307,308
2911,1,392,433,391
2916,3,269,268,38
2920,1,1300,1290,1301
2924,3,270,269,37
2925,1,273,314,272
2928,1,147,34,35
2928,2,272,35,34
2932,2,188,147,194
2933,1,170,146,32
2937,3,272,271,35
2938,1,359,358,317
2944,4,273,272,34
2947,1,443,484,442
2948,1,315,314,273
2949,1,213,199,192
2950,1,33,274,273
2951,1,316,274,275
2952,1,176,31,146
2953,1,179,175,174
2955,1,192,195,181
2961,1,31,176,30
2961,3,276,31,30
2966,3,276,275,31
2967,1,320,278,279
2968,1,29,174,175
2971,1,185,178,186
2972,1,185,171,178
2973,3,277,276,30
2980,1,320,319,278
2988,1,321,279,280
2989,1,26,27,125
2990,1,280,27,26
2996,1,361,319,320
2998,1,324,282,283
2999,1,26,145,25
2999,3,281,26,25
3000,1,145,125,154
3006,1,281,280,26
3007,1,25,124,24
3007,3,282,25,24
3008,1,154,184,162
3011,3,282,281,25
3013,1,23,24,123
3013,4,283,24,23
3014,1,162,123,124
3018,1,160,212,166
3022,1,21,22,122
3022,4,285,22,21
3023,1,122,144,160
3024,4,284,283,23
3025,1,326,325,284
3026,1,327,326,285
3030,3,285,284,22
3031,1,21,143,20
3031,3,286,21,20
3033,1,122,166,143
3037,3,286,285,21
3038,1,121,143,166
3039,1,121,19,20
3039,2,287,20,19
3040,1,142,121,168
3045,1,537,495,496
3046,1,19,142,18
3046,3,288,19,18
3052,1,499,500,541
3053,1,225,215,209
3054,1,456,414,415
3056,1,120,163,141
3058,1,16,17,141
3058,4,290,17,16
3059,3,289,288,18
3060,1,376,375,334
3064,1,203,196,168
3068,1,332,290,291
3070,1,229,261,237
3072,1,15,16,173
3072,4,291,16,15
3073,3,291,290,16
3074,1,177,173,141
3076,1,334,333,292
3077,1,173,177,140
3079,1,139,14,140
3081,1,13,14,139
3087,1,191,187,139
3088,1,193,183,189
3093,2,295,294,12
3094,2,10,11,138
3096,1,414,456,455
3099,3,296,295,11
3102,1,182,157,138
3106,1,206,193,202
3110,1,9,129,137
3111,1,7,136,6
3111,3,300,7,6
3112,1,343,384,342
3117,1,299,298,8
3119,1,226,217,208
3120,1,340,381,339
3121,1,183,207,161
3124,1,217,201,208
3127,1,470,428,429
3129,3,301,300,6
3133,4,303,302,4
3134,4,302,301,5
3140,2,303,1,46
3144,1,342,341,300
3148,1,48,47,304
3149,1,303,344,302
3151,1,216,228,235
3161,1,305,304,263
3162,1,259,249,260
3163,1,304,262,263
3164,1,563,562,521
3165,1,260,258,259
3166,1,560,559,518
3168,1,388,49,346
3174,1,307,306,265
3175,1,256,249,254
3176,1,256,165,260
3179,1,266,307,265
3183,1,1296,86,85
3188,1,309,308,267
3191,1,310,309,268
3194,1,312,311,270
3195,1,353,395,394
3198,1,233,218,230
3201,1,213,198,218
3204,1,269,311,310
3207,1,355,354,313
3209,1,440,441,482
3210,1,218,227,213
3214,1,352,310,311
3215,2,35,148,147
3217,1,312,353,311
3218,1,1296,85,1292
3221,1,314,313,272
3225,1,227,220,213
3230,1,317,275,276
3231,1,192,188,194
3238,1,1238,1234,1239
3240,1,195,199,190
3241,1,190,186,179
3248,1,154,185,197
3251,1,319,318,277
3255,1,186,190,214
3259,1,321,320,279
3260,1,322,280,281
3265,1,322,363,321
3266,1,365,364,323
3268,1,322,321,280
3270,1,323,281,282
3277,1,364,322,323
3281,1,324,323,282
3286,1,453,452,411
3291,1,411,410,369
3293,1,184,223,222
3296,1,223,234,222
3297,1,325,283,284
3301,1,287,328,286
3302,1,328,327,286
3304,1,166,212,203
3307,1,329,330,371
3310,1,371,370,329
3317,1,225,231,215
3318,1,457,456,415
3323,1,413,414,455
3327,1,331,290,332
3328,1,177,163,209
3339,1,332,291,333
3346,1,419,418,377
3349,1,338,337,296
3351,1,183,193,201
3353,1,464,463,422
3357,1,337,336,295
3358,1,343,342,301
3359,1,205,204,245
3365,1,296,10,297
3366,1,422,380,381
3367,1,216,201,217
3369,1,421,379,380
3372,1,339,338,297
3376,1,238,226,221
3379,1,341,340,299
3383,1,159,127,167
3384,1,300,301,342
3389,1,345,344,303
3393,1,386,385,344
3397,1,387,429,428
3401,1,467,425,426
3403,1,542,541,500
3404,1,387,345,47
3406,1,247,250,251
3407,1,425,424,383
3409,1,511,510,469
3412,1,345,46,47
3415,1,345,386,344
3425,1,346,48,304
3426,1,347,305,306
3429,1,49,388,50
3432,1,347,346,305
3433,1,390,431,389
3434,1,427,469,468
3437,1,390,348,349
3439,1,1374,1371,1375
3445,1,349,348,307
3446,1,393,351,352
3452,1,350,349,308
3453,1,351,309,310
3455,1,479,437,438
3456,1,348,389,347
3459,1,351,350,309
3464,1,352,351,310
3466,1,354,396,395
3471,1,357,358,399
3472,1,396,354,355
3474,1,353,312,354
3482,1,314,315,356
3483,1,211,158,230
3488,1,360,401,359
3490,1,356,355,314
3491,1,218,198,211
3492,1,356,315,357
3493,1,359,317,318
3495,1,438,396,397
3496,1,399,400,441
3499,1,441,440,399
3502,1,190,199,214
3505,1,440,481,439
3507,1,359,400,358
3508,1,318,360,359
3510,1,485,443,444
3512,1,195,192,199
3513,1,402,401,360
3516,1,445,444,403
3521,1,361,360,319
3525,1,274,316,315
3526,1,363,405,404
3530,1,410,451,409
3533,1,363,362,321
3537,1,404,362,363
3538,1,322,364,363
3542,1,522,521,480
3545,1,407,365,366
3547,1,200,223,184
3549,1,366,365,324
3556,1,222,234,219
3557,1,367,366,325
3558,1,370,411,369
3559,1,234,242,224
3565,1,368,367,326
3567,1,864,906,905
3570,1,369,327,328
3571,1,369,368,327
3577,1,370,369,328
3579,1,222,219,212
3582,1,219,234,224
3583,1,239,255,242
3586,1,453,494,452
3587,1,647,605,606
3590,1,373,372,331
3591,1,209,196,225
3595,1,374,332,333
3596,1,375,333,334
3597,1,373,332,374
3598,1,453,411,412
3599,1,416,415,374
3600,1,917,918,959
3603,1,224,231,210
3605,1,375,374,333
3606,1,209,215,204
3608,1,337,378,336
3609,1,338,379,337
3610,1,416,374,375
3611,1,206,221,208
3615,1,466,424,425
3620,1,237,242,244
3623,1,378,377,336
3635,1,380,379,338
3640,1,381,380,339
3643,1,221,226,208
3644,1,341,299,300
3645,1,425,467,466
3647,1,385,384,343
3648,1,382,381,340
3650,1,344,385,343
3651,1,340,341,382
3654,1,341,383,382
3657,1,385,426,384
3660,1,384,383,342
3667,1,387,47,48
3668,1,246,252,258
3670,1,246,243,228
3672,1,428,427,386
3675,1,471,49,50
3676,1,387,386,345
3679,1,387,428,386
3680,1,429,387,48
3682,1,471,429,49
3688,1,391,349,350
3693,1,389,388,347
3694,1,51,50,430
3696,1,351,392,350
3700,1,433,432,391
3702,1,480,438,439
3703,1,390,389,348
3707,1,473,472,431
3709,1,398,439,397
3714,1,392,391,350
3716,1,394,393,352
3718,1,438,437,396
3719,1,393,392,351
3739,1,397,396,355
3742,1,398,356,357
3747,1,398,397,356
3749,1,214,220,240
3750,1,399,398,357
3754,1,442,441,400
3757,1,199,213,220
3758,1,220,227,232
3760,1,573,615,614
3761,3,400,401,442
3762,1,401,400,359
3763,1,397,355,356
3765,1,441,483,482
3769,1,491,490,449
3777,1,403,402,361
3778,1,220,214,199
3779,1,364,405,363
3783,1,404,403,362
3784,1,446,445,404
3788,1,531,530,489
3790,1,406,405,364
3795,1,365,406,364
3797,1,240,257,255
3800,1,574,573,532
3801,1,407,406,365
3805,1,255,239,248
3809,1,409,367,368
3814,1,369,410,368
3815,1,367,325,326
3816,1,371,412,370
3817,1,452,493,451
3821,1,324,365,323
3824,1,412,411,370
3828,1,419,460,418
3829,1,372,413,371
3831,1,446,404,405
3832,1,499,457,458
3835,1,238,237,244
3837,1,325,366,324
3838,1,533,491,492
3840,1,420,462,461
3842,1,414,413,372
3843,1,498,456,457
3845,1,491,532,490
3849,1,374,415,373
3850,1,225,210,231
3851,1,415,414,373
3855,1,503,502,461
3856,1,376,417,375
3858,1,544,586,585
3861,1,503,544,502
3863,1,417,416,375
3864,1,510,509,468
3866,2,1317,1334,1341
3873,1,378,420,419
3880,1,421,420,379
3881,1,182,189,157
3882,1,1072,1073,1114
3886,1,376,334,335
3887,1,1313,1314,1318
3889,1,465,507,506
3891,1,382,423,381
3892,1,422,421,380
3895,1,420,378,379
3899,1,423,422,381
3900,1,383,424,382
3901,1,468,426,427
3905,1,221,237,238
3906,1,424,423,382
3910,1,384,425,383
3916,1,467,509,508
3922,1,468,467,426
3926,1,217,228,216
3931,3,430,431,472
3933,1,250,238,244
3935,1,429,48,49
3940,1,389,430,388
3941,1,430,50,388
3942,1,511,469,470
3946,1,1008,1049,1007
3950,1,481,480,439
3951,1,394,435,393
3954,1,516,515,474
3955,1,432,431,390
3956,1,393,434,392
3957,1,475,434,476
3961,1,1139,1181,1180
3963,1,77,1514,78
3964,1,247,251,252
3966,1,259,252,251
3967,1,118,119,1477
3971,1,434,433,392
3974,1,436,477,435
3975,1,477,478,519
3977,1,477,518,476
3980,1,435,434,393
3981,1,489,530,488
3984,1,520,519,478
3985,1,594,552,553
3986,1,436,437,478
3992,1,478,477,436
3995,1,180,181,195
3996,1,399,440,398
4000,1,439,438,397
4002,1,440,439,398
4005,1,484,483,442
4007,1,227,241,232
4010,1,232,240,220
4018,1,402,443,401
4020,1,232,257,240
4021,1,525,483,484
4022,1,447,488,446
4024,1,444,443,402
4035,1,448,406,407
4042,1,448,447,406
4043,1,449,407,408
4044,1,498,497,456
4046,1,459,500,458
4049,1,449,448,407
4055,1,450,449,408
4056,1,505,546,504
4060,1,451,450,409
4065,1,411,452,410
4066,1,452,451,410
4067,4,279,27,280
4068,1,534,533,492
4071,1,489,447,448
4074,1,454,412,413
4082,1,454,453,412
4086,1,455,454,413
4091,1,461,502,460
4092,1,461,419,420
4095,1,1276,1277,1285
4096,1,261,231,224
4100,1,416,457,415
4113,1,459,458,417
4114,1,1260,1325,1323
4116,1,460,459,418
4123,1,461,460,419
4127,1,544,543,502
4131,1,421,462,420
4132,1,237,221,229
4137,1,422,463,421
4139,1,548,506,507
4140,1,675,633,634
4143,1,205,187,191
4144,1,380,338,339
4146,1,542,500,501
4153,1,466,465,424
4155,1,466,508,507
4157,1,513,471,50
4162,1,551,550,509
4170,1,489,490,531
4173,1,236,228,217
4176,1,471,470,429
4178,1,1137,1136,1095
4179,1,473,431,432
4180,1,236,226,247
4181,1,512,470,471
4186,1,478,437,479
4187,1,1176,1135,1177
4188,1,49,48,346
4189,1,962,963,1004
4192,1,472,51,430
4194,1,238,250,247
4195,1,472,52,51
4199,3,572,530,531
4201,1,551,510,552
4202,1,486,487,528
4206,1,474,473,432
4207,1,435,476,434
4212,2,24,283,282
4213,1,517,516,475
4214,1,433,434,475
4220,1,474,433,475
4221,1,537,538,579
4227,1,477,476,435
4238,1,480,479,438
4242,1,523,522,481
4243,1,1518,1522,1463
4244,1,481,440,482
4253,1,484,443,485
4255,2,36,271,270
4263,1,486,485,444
4269,1,487,486,445
4277,1,489,488,447
4280,1,563,604,562
4284,1,490,489,448
4285,1,450,491,449
4286,1,257,244,255
4292,1,451,492,450
4298,1,492,491,450
4303,1,658,700,699
4307,1,494,493,452
4310,1,535,493,494
4311,1,454,495,453
4312,1,242,255,244
4318,1,495,494,453
4322,1,619,660,618
4326,1,496,495,454
4328,1,564,522,523
4330,1,497,496,455
4333,1,460,501,459
4341,1,499,498,457
4347,1,500,499,458
4348,1,462,503,461
4351,1,542,501,543
4354,1,501,500,459
4356,1,547,588,546
4358,1,506,464,465
4361,1,504,545,503
4363,1,502,501,460
4365,1,462,504,503
4373,1,506,547,505
4374,1,463,504,462
4381,1,505,504,463
4382,1,545,586,544
4385,1,506,505,464
4387,1,547,546,505
4388,1,585,543,544
4394,1,507,465,466
4399,1,508,466,467
4405,1,993,1034,992
4408,1,542,584,583
4413,1,469,510,468
4417,1,888,889,930
4418,1,247,226,238
4423,1,512,511,470
4424,1,551,509,510
4426,1,554,595,553
4428,1,512,471,513
4431,1,474,515,473
4432,1,513,554,512
4433,1,46,345,303
4436,1,514,52,472
4437,1,594,553,595
4438,1,473,514,472
4441,1,514,53,52
4446,1,475,476,517
4449,1,571,529,530
4455,1,519,560,518
4461,1,519,518,477
4462,1,596,595,554
4466,1,436,435,394
4467,1,607,606,565
4468,1,521,520,479
4469,1,481,522,480
4476,2,32,275,274
4477,1,395,353,354
4481,1,1480,1472,1473
4482,1,1440,1443,1439
4483,1,523,482,524
4484,1,1422,1484,1440
4488,1,525,524,483
4491,1,515,557,556
4494,1,526,485,527
4502,1,486,528,527
4513,1,529,488,530
4514,1,573,531,532
4515,1,1182,1141,1183
4521,2,563,521,522
4526,1,532,531,490
4537,1,535,576,534
4538,1,492,493,534
4541,1,575,574,533
4543,1,570,611,569
4551,3,535,536,577
4557,1,495,536,494
4559,1,585,584,543
4562,1,496,538,537
4568,1,536,495,537
4570,1,497,539,538
4572,1,654,653,612
4576,1,498,540,539
4582,1,578,619,577
4585,1,996,954,955
4588,1,543,584,542
4592,1,995,1036,994
4598,1,545,544,503
4601,1,546,545,504
4613,1,548,547,506
4619,1,589,631,630
4620,1,549,590,548
4621,1,548,589,547
4623,1,526,525,484
4624,1,555,554,513
4626,1,536,535,494
4627,1,509,550,508
4631,1,549,507,508
4639,1,511,552,510
4643,1,512,553,511
4646,1,552,593,551
4649,1,517,559,558
4650,1,52,555,51
4651,1,919,960,918
4653,1,641,682,640
4657,1,51,555,513
4659,1,514,556,53
4661,1,569,568,527
4662,1,829,828,787
4669,1,637,679,678
4675,1,984,983,942
4678,1,640,598,599
4681,1,636,594,595
4682,1,562,520,521
4684,1,565,523,524
4687,1,1463,1522,1464
4692,1,1037,996,1038
4694,1,564,563,522
4700,1,1436,1433,1437
4702,1,1448,1452,1451
4709,1,520,561,519
4711,4,997,956,998
4713,1,561,602,560
4723,1,562,561,520
4724,1,616,574,575
4733,1,989,947,948
4736,1,118,1475,1507
4741,4,1225,1221,1222
4743,3,998,957,999
4746,2,564,523,565
4749,1,565,606,564
4751,1,574,532,533
4752,1,525,567,566
4753,1,524,566,565
4758,2,1030,1031,1072
4771,1,941,982,940
4772,1,1466,1522,1461
4775,1,525,526,567
4779,1,610,568,569
4780,1,158,155,254
4783,1,872,871,830
4785,2,1073,1032,1074
4786,2,1076,1034,1035
4787,1,991,1033,1032
4791,1,608,567,609
4796,1,719,678,720
4813,1,656,614,615
4823,1,614,572,573
4825,2,570,529,571
4830,1,572,571,530
4831,1,574,615,573
4835,1,1496,1495,1491
4840,1,1522,1518,1461
4841,1,85,86,1168
4855,1,1069,1027,1028
4861,1,601,600,559
4869,1,536,578,577
4880,2,957,998,956
4881,1,556,54,53
4882,1,580,538,539
4883,1,540,581,539
4884,1,622,623,664
4886,1,541,582,540
4889,1,625,583,584
4890,1,582,581,540
4892,1,619,578,620
4897,1,646,645,604
4904,1,575,533,534
4907,1,626,584,585
4913,1,593,592,551
4915,1,1031,990,1032
4919,1,667,625,626
4922,1,718,676,677
4924,1,1031,1073,1072
4925,1,545,587,586
4934,1,672,630,631
4937,1,551,592,550
4942,1,920,962,961
4943,1,632,631,590
4945,1,881,922,880
4949,1,767,809,808
4950,1,962,921,963
4951,1,552,594,593
4955,1,799,757,758
4957,1,1034,993,1035
4962,1,555,597,596
4963,1,596,554,555
4964,1,1020,1019,978
4969,1,597,638,596
4974,1,54,639,53
4975,1,991,990,949
4978,1,598,54,556
4982,1,1441,1442,1453
4987,2,1125,1126,1167
4999,1,558,600,599
5002,1,1519,1461,1460
5003,1,650,608,609
5006,1,672,671,630
5008,1,600,641,599
5009,1,1470,1466,1471
5010,1,601,559,560
5014,1,562,603,561
5017,1,604,645,603
5020,1,575,534,576
5021,1,1194,1205,1193
5028,1,602,601,560
5032,1,561,603,602
5033,1,603,562,604
5040,1,1425,1419,1426
5047,1,605,563,564
5052,1,1425,1426,1486
5062,1,606,605,564
5068,1,566,608,607
5070,1,607,565,566
5071,1,1130,1088,1089
5073,1,617,575,576
5074,1,737,695,696
5082,1,690,648,649
5084,1,608,566,567
5085,1,577,618,576
5092,1,603,645,644
5094,1,358,357,316
5108,1,611,610,569
5109,4,962,920,921
5110,1,920,961,919
5112,1,689,688,647
5117,1,571,612,570
5121,1,535,577,576
5123,1,557,598,556
5126,1,613,612,571
5127,1,1075,1074,1033
5129,1,1033,1034,1075
5131,1,58,59,849
5132,1,1102,66,1060
5136,1,1028,1029,1070
5137,1,614,613,572
5138,1,657,615,616
5146,1,574,616,615
5147,1,1028,1070,1069
5150,1,1422,1424,1483
5155,1,617,616,575
5161,1,662,703,661
5165,1,618,617,576
5166,1,620,578,579
5172,1,599,641,640
5174,1,634,676,675
5180,1,914,873,915
5182,1,622,580,581
5183,1,624,582,583
5188,1,624,583,625
5190,1,622,581,623
5198,1,672,714,713
5206,1,627,668,626
5210,1,710,668,669
5212,1,1069,1068,1027
5219,1,587,629,628
5222,1,626,668,667
5225,1,670,711,669
5228,1,652,651,610
5229,1,710,709,668
5235,1,1418,1421,1417
5236,1,636,678,677
5237,1,751,750,709
5242,1,683,641,642
5249,1,635,634,593
5251,1,646,604,605
5263,2,635,676,634
5268,3,596,637,595
5271,1,648,606,607
5274,1,1134,1093,1135
5277,2,1168,1167,1126
5279,1,1283,1521,1520
5280,1,1172,1173,81
5285,1,54,598,55
5289,1,794,795,836
5290,1,640,55,598
5297,1,56,55,640
5300,3,960,959,918
5302,1,1483,1424,1425
5304,1,642,641,600
5310,1,689,647,648
5312,1,1425,1485,1483
5313,1,641,683,682
5317,1,643,601,602
5330,1,644,685,643
5333,1,1136,1178,1177
5336,1,646,687,645
5339,1,987,986,945
5342,1,651,609,610
5344,1,609,651,650
5347,1,853,895,894
5348,1,728,686,687
5350,1,767,726,768
5354,1,1247,112,111
5361,1,692,650,651
5362,1,705,746,704
5364,3,1515,87,1307
5365,1,606,648,647
5370,1,658,617,659
5374,1,607,649,648
5378,1,1172,1171,1130
5382,1,1218,1219,1223
5386,1,684,725,683
5387,1,696,654,655
5388,1,691,649,650
5391,1,690,649,691
5393,1,650,649,608
5399,1,652,610,611
5401,1,572,613,571
5405,1,653,611,612
5415,1,654,612,613
5418,2,656,697,655
5422,1,1078,1037,1079
5425,1,748,747,706
5429,3,957,915,916
5430,1,654,696,695
5435,1,656,655,614
5441,1,658,657,616
5444,1,656,657,698
5447,1,657,658,699
5450,1,599,598,557
5459,1,620,662,661
5461,1,605,604,563
5465,3,703,702,661
5467,1,541,542,583
5469,1,634,633,592
5471,1,590,549,591
5478,1,664,623,665
5480,1,706,665,707
5485,1,624,666,665
5489,1,748,706,707
5490,1,704,663,705
5491,1,672,713,671
5495,1,669,711,710
5496,1,629,670,628
5498,1,82,1171,1172
5499,1,633,674,632
5502,1,752,710,711
5503,1,673,632,674
5511,1,688,646,647
5514,1,630,671,629
5519,1,618,660,659
5520,1,626,625,584
5521,1,673,714,672
5523,1,631,673,672
5524,1,643,642,601
5531,1,633,675,674
5532,1,715,673,674
5534,1,631,632,673
5536,1,716,674,675
5537,1,687,729,728
5538,1,550,591,549
5542,1,717,675,676
5544,4,731,730,689
5546,1,1416,1421,1423
5552,1,592,591,550
5553,1,1422,1440,1403
5559,1,635,677,676
5560,1,1423,1424,1422
5566,1,681,55,723
5567,1,580,579,538
5570,1,581,580,539
5573,1,720,678,679
5576,1,555,52,597
5577,1,680,721,679
5578,1,709,708,667
5582,1,724,58,57
5583,1,639,54,681
5588,1,55,56,723
5589,1,591,632,590
5590,1,719,677,678
5594,1,682,56,640
5596,2,643,684,642
5597,1,725,766,724
5604,1,1074,1115,1073
5605,1,642,684,683
5609,1,726,767,725
5610,1,720,762,761
5613,1,770,728,729
5614,1,1455,1444,1482
5615,1,549,548,507
5618,1,746,788,787
5623,1,688,729,687
5624,1,686,727,685
5634,1,727,769,768
5639,1,730,729,688
5640,1,648,690,689
5646,1,653,695,694
5653,1,653,694,652
5655,1,768,726,727
5659,1,691,733,732
5663,1,693,651,652
5664,1,731,690,732
5685,1,810,852,851
5689,1,656,698,697
5691,1,741,699,700
5695,1,889,888,847
5701,1,700,659,701
5703,1,908,949,907
5704,3,661,702,660
5705,1,933,974,932
5706,1,933,932,891
5713,3,947,946,905
5714,1,874,873,832
5716,1,705,706,747
5717,1,706,705,664
5718,1,664,665,706
5725,1,667,708,666
5731,1,708,707,666
5733,1,645,686,644
5736,1,708,749,707
5737,4,741,740,699
5742,1,792,750,751
5743,1,782,740,741
5750,1,752,711,753
5752,1,742,743,784
5753,1,871,870,829
5760,1,711,670,712
5764,1,795,753,754
5767,1,798,840,839
5769,1,761,760,719
5770,1,757,798,756
5771,1,713,712,671
5772,1,57,765,56
5780,1,790,789,748
5781,1,808,850,60
5782,1,802,844,843
5785,1,759,801,800
5786,1,837,795,796
5791,1,715,714,673
5797,1,716,715,674
5798,1,675,717,716
5804,1,676,718,717
5810,1,718,759,717
5817,1,719,718,677
5822,1,719,760,718
5823,1,1489,1482,1483
5829,1,721,680,722
5838,1,720,679,721
5841,1,889,847,848
5846,1,832,831,790
5847,1,775,774,733
5850,1,764,763,722
5851,1,1076,1075,1034
5857,1,724,57,682
5859,1,1071,1113,1112
5860,1,839,881,880
5863,1,691,732,690
5865,1,726,725,684
5867,1,724,766,58
5874,1,879,880,921
5875,1,639,597,53
5877,1,730,771,729
5878,1,728,769,727
5881,1,728,727,686
5890,1,769,728,770
5896,1,771,813,812
5897,1,737,696,738
5899,1,737,736,695
5902,1,694,695,736
5910,1,735,734,693
5913,1,738,697,739
5919,2,733,774,732
5920,1,734,692,693
5927,1,784,783,742
5928,1,693,692,651
5932,1,762,763,804
5934,1,824,782,783
5937,1,698,739,697
5943,1,952,911,953
5946,1,1001,959,960
5947,1,862,904,903
5949,1,753,711,712
5954,4,1508,1366,1512
5959,1,965,964,923
5960,1,701,742,700
5964,1,762,804,803
5967,1,702,744,743
5968,1,704,746,745
5969,1,802,801,760
5970,1,836,877,835
5972,1,703,704,745
5973,1,762,803,761
5978,1,948,906,907
5981,1,739,740,781
5982,1,701,702,743
5985,1,790,748,749
5986,1,705,747,746
5992,1,708,750,749
5994,1,789,747,748
5995,1,836,837,878
5997,1,786,785,744
6000,1,749,748,707
6001,1,861,860,819
6003,1,756,714,715
6004,1,750,791,749
6005,1,740,739,698
6018,1,799,840,798
6019,1,806,805,764
6020,1,974,933,975
6021,1,794,836,835
6022,1,753,794,752
6024,1,683,724,682
6026,1,57,807,765
6037,1,751,709,710
6039,1,714,756,755
6040,1,904,945,903
6044,1,755,754,713
6045,1,838,797,839
6046,1,715,757,756
6050,4,179,174,180
6051,1,831,789,790
6052,1,797,755,756
6057,1,758,800,799
6059,1,838,880,879
6062,1,758,757,716
6063,1,890,931,889
6071,1,779,780,821
6073,1,760,801,759
6076,1,718,760,759
6078,1,796,838,837
6079,1,800,758,759
6084,1,741,700,742
6085,1,842,800,801
6091,1,815,857,856
6093,1,841,799,800
6094,1,822,821,780
6098,1,763,762,721
6099,1,805,804,763
6100,2,638,679,637
6104,1,765,807,806
6114,1,930,889,931
6115,1,862,821,863
6117,1,719,720,761
6121,1,764,765,806
6136,1,809,768,810
6141,1,809,851,850
6142,1,1071,1030,1072
6143,1,809,767,768
6145,1,771,772,813
6151,1,735,694,736
6157,1,775,733,734
6159,1,737,779,778
6160,1,776,775,734
6162,1,816,774,775
6164,1,720,721,762
6167,1,738,696,697
6168,1,816,817,858
6170,2,819,818,777
6173,1,820,778,779
6175,1,736,737,778
6182,1,739,780,738
6189,1,779,738,780
6190,1,702,703,744
6200,1,742,783,741
6207,1,779,821,820
6213,1,949,948,907
6214,1,784,743,785
6216,1,989,1031,1030
6217,1,788,746,747
6219,1,786,744,745
6223,1,863,904,862
6224,1,788,830,829
6230,1,787,745,746
6233,3,786,787,828
6234,1,991,1032,990
6236,1,796,795,754
6237,1,870,828,829
6241,1,788,747,789
6242,1,832,790,791
6247,3,895,937,936
6248,1,792,791,750
6249,2,895,936,894
6252,1,865,823,824
6257,1,791,790,749
6259,3,971,970,929
6266,1,873,872,831
6271,1,793,792,751
6272,1,881,839,840
6275,1,794,753,795
6276,1,841,882,840
6278,3,895,896,937
6279,1,717,759,758
6284,1,803,844,802
6285,1,796,754,755
6288,1,826,825,784
6291,1,793,794,835
6294,1,797,838,796
6297,1,797,796,755
6300,1,709,750,708
6301,1,712,754,753
6304,1,757,799,798
6307,1,839,797,798
6312,1,876,834,835
6315,1,837,838,879
6322,1,803,802,761
6324,1,802,843,801
6327,1,802,760,761
6328,1,60,850,61
6329,1,875,874,833
6331,1,758,716,717
6340,1,805,763,764
6343,1,845,844,803
6347,1,845,804,846
6350,1,806,807,848
6351,1,476,518,517
6352,1,509,467,468
6353,1,807,57,58
6356,2,596,638,637
6358,1,845,803,804
6360,1,523,481,482
6363,1,889,848,890
6370,1,58,849,807
6371,1,846,804,805
6381,2,852,853,894
6382,1,725,767,766
6383,1,1100,1101,1142
6384,1,963,922,964
6391,1,771,812,770
6392,1,1098,1140,1139
6404,1,1107,1065,1066
6412,2,774,815,773
6414,1,884,885,926
6416,1,683,725,724
6419,1,817,775,776
6425,1,819,777,778
6429,1,685,726,684
6430,1,1404,1405,1411
6438,1,813,854,812
6439,1,766,59,58
6441,1,869,827,828
6442,1,834,792,793
6444,1,989,1030,988
6446,1,730,688,689
6451,1,703,662,704
6460,1,864,822,823
6463,1,822,780,781
6465,1,700,658,659
6466,1,756,798,797
6467,1,947,988,946
6470,1,912,954,953
6478,1,931,890,932
6482,1,824,823,782
6483,1,785,826,784
6484,1,826,867,825
6486,1,866,824,825
6487,1,801,843,842
6489,1,784,825,783
6492,1,929,928,887
6496,1,660,701,659
6497,1,1405,1407,1411
6505,1,827,826,785
6506,1,878,877,836
6510,1,1418,1413,1412
6513,1,828,827,786
6514,1,789,830,788
6517,1,789,831,830
6520,1,916,915,874
6523,1,829,787,788
6526,1,874,832,833
6527,1,73,1212,74
6530,1,911,869,870
6535,1,792,833,791
6536,1,1150,1109,1151
6537,1,834,833,792
6542,1,986,1028,1027
6545,1,833,832,791
6549,1,475,516,474
6552,1,752,751,710
6555,1,919,877,878
6557,1,906,865,907
6560,1,580,621,579
6561,1,836,795,837
6569,1,927,885,886
6576,1,839,880,838
6585,1,799,841,840
6591,1,842,841,800
6593,2,842,883,841
6598,1,885,843,844
6607,1,1067,1108,1066
6614,1,928,970,969
6616,1,806,848,847
6621,1,519,561,560
6624,1,423,464,422
6626,1,588,547,589
6629,1,72,73,1181
6636,1,851,809,810
6639,1,842,884,883
6652,1,854,896,895
6653,2,70,1183,1184
6654,1,654,613,655
6660,1,863,821,822
6667,1,774,773,732
6671,1,855,813,814
6674,1,900,941,899
6681,1,856,814,815
6684,1,1426,1419,1420
6687,1,859,901,900
6691,1,816,857,815
6694,1,857,816,858
6697,1,952,951,910
6698,1,917,916,875
6699,1,943,942,901
6700,1,782,823,781
6701,1,873,831,832
6704,1,927,926,885
6706,1,1141,1100,1142
6710,1,818,859,817
6712,1,902,860,861
6713,1,860,859,818
6715,3,941,940,899
6717,1,856,857,898
6718,1,1412,1410,1420
6721,1,903,945,944
6724,1,860,818,819
6725,1,821,862,820
6726,1,859,860,901
6730,1,861,819,820
6731,1,858,859,900
6738,1,820,862,861
6741,3,621,620,579
6744,1,865,906,864
6750,1,623,581,582
6751,1,864,823,865
6752,1,943,901,902
6755,1,939,897,898
6761,1,827,868,826
6762,1,866,865,824
6765,1,913,871,872
6767,1,868,909,867
6775,1,826,868,867
6788,1,869,868,827
6790,2,869,910,868
6794,1,870,869,828
6795,1,831,872,830
6796,1,870,912,911
6797,1,943,984,942
6801,1,871,912,870
6804,1,871,829,830
6806,1,1345,1346,1333
6813,1,916,874,875
6817,1,834,875,833
6819,1,1005,1004,963
6822,1,655,697,696
6823,1,919,918,877
6831,1,876,875,834
6836,1,699,740,698
6837,1,835,877,876
6840,2,878,837,879
6842,1,903,902,861
6845,1,1113,1072,1114
6847,1,1030,1029,988
6850,1,845,887,886
6851,1,921,880,922
6857,1,809,850,808
6859,1,925,967,966
6865,2,1003,962,1004
6871,1,843,884,842
6875,1,885,844,886
6877,1,783,825,824
6879,1,890,848,849
6884,1,846,888,887
6888,1,929,887,888
6890,4,914,955,913
6892,1,59,766,808
6893,1,65,66,1143
6897,1,639,638,597
6898,1,593,594,635
6903,1,636,637,678
6905,2,557,558,599
6906,1,1101,65,1143
6908,1,591,633,632
6909,1,595,637,636
6910,1,1414,1428,1420
6911,1,851,893,892
6912,1,677,635,636
6913,1,893,852,894
6916,1,885,884,843
6917,1,892,893,934
6919,3,1429,1427,1492
6920,1,892,62,61
6924,1,893,935,934
6927,1,854,895,853
6929,1,923,882,924
6931,2,17,290,289
6941,1,897,855,856
6945,1,855,897,896
6952,1,898,897,856
6955,1,941,983,982
6960,1,858,900,899
6961,1,1055,1013,1014
6963,1,1009,967,968
6964,1,938,979,937
6966,1,1425,1424,1419
6969,1,863,864,905
6986,1,944,902,903
6989,1,1099,1057,1058
6992,1,65,1101,64
6995,1,772,731,773
7001,1,935,893,894
7005,1,585,586,627
7010,1,947,906,948
7011,1,863,905,904
7013,4,960,1002,1001
7017,1,915,873,874
7025,1,668,709,667
7028,1,908,907,866
7034,1,910,951,909
7037,1,868,910,909
7043,1,950,908,909
7049,1,952,910,911
7050,1,911,910,869
7055,1,914,872,873
7060,3,1068,1069,1110
7061,1,913,954,912
7065,1,914,913,872
7068,3,1068,1109,1067
7069,4,1068,1110,1109
7073,2,1184,1143,1185
7079,1,918,876,877
7081,1,925,926,967
7086,3,1101,1143,1142
7089,1,917,958,916
7101,1,921,920,879
7107,1,919,878,920
7113,1,923,881,882
7119,1,926,925,884
7120,1,1101,1059,64
7121,1,923,964,922
7129,1,1050,1049,1008
7140,1,887,928,886
7149,1,886,928,927
7153,1,669,627,628
7154,1,649,607,608
7166,1,61,62,975
7167,1,931,932,973
7170,1,891,932,890
7175,1,570,612,611
7178,1,973,932,974
7180,1,618,659,617
7184,1,892,934,62
7185,2,982,983,1024
7191,1,777,735,736
7192,1,894,936,935
7195,1,61,850,892
7199,2,1318,1354,1350
7200,1,730,731,772
7201,1,1353,1350,1354
7202,1,1318,1319,1355
7206,1,897,938,896
7217,1,938,937,896
7218,1,940,939,898
7221,1,1382,1381,1377
7222,1,942,983,941
7225,1,940,981,939
7226,1,1103,1062,1104
7229,1,1021,1063,1062
7233,1,1082,1040,1041
7236,1,905,906,947
7243,1,900,942,941
7244,1,943,985,984
7248,1,978,936,937
7253,1,900,901,942
7257,1,943,902,944
7260,3,65,1060,66
7262,1,943,944,985
7265,1,904,946,945
7266,1,1061,1019,1020
7270,1,773,731,732
7271,1,929,888,930
7277,1,953,911,912
7278,1,904,905,946
7279,3,776,818,817
7280,1,629,671,670
7282,1,723,722,681
7287,1,1024,1023,982
7293,1,891,890,849
7294,3,588,630,629
7295,1,590,631,589
7296,1,950,949,908
7299,1,992,951,993
7315,1,846,805,847
7321,1,625,667,666
7322,1,627,586,628
7323,1,847,805,806
7326,1,623,582,624
7328,1,1081,1039,1040
7329,1,661,619,620
7341,1,622,664,663
7359,1,1350,1312,1313
7366,2,621,662,620
7382,1,909,951,950
7385,4,172,12,139
7389,1,845,846,887
7390,1,1354,1358,1353
7393,1,965,966,1007
7399,1,1184,1142,1143
7400,1,927,969,968
7401,1,967,926,968
7403,3,970,1011,969
7409,1,984,1025,983
7411,1,1010,968,969
7413,1,1009,1008,967
7414,1,1047,1046,1005
7424,1,1053,1011,1012
7426,3,1012,1011,970
7430,1,61,975,933
7432,1,1013,1012,971
7437,1,931,972,930
7439,1,977,1018,976
7446,1,1151,1110,1152
7449,1,1136,1177,1135
7458,1,974,975,1016
7463,1,971,972,1013
7464,1,935,977,976
7465,3,1184,1183,1142
7468,1,976,63,934
7475,1,936,978,977
7479,1,1023,1064,1022
7480,1,1125,1083,1084
7485,1,938,980,979
7488,1,963,921,922
7489,1,63,62,934
7495,1,980,1021,979
7497,1,586,587,628
7500,1,891,849,59
7502,1,982,1023,981
7505,1,940,982,981
7507,1,1056,1097,1055
7509,1,629,587,588
7515,1,1050,1092,1091
7522,1,1027,985,986
7527,1,585,627,626
7530,1,986,944,945
7532,1,1108,1109,1150
7533,1,993,951,952
7537,1,985,944,986
7539,1,987,1028,986
7541,1,987,945,946
7546,1,924,883,925
7550,1,987,946,988
7555,1,1113,1071,1072
7562,1,991,949,950
7564,1,992,991,950
7567,1,882,883,924
7569,1,812,853,811
7572,1,770,812,811
7573,1,992,950,951
7576,1,770,811,769
7581,1,992,1034,1033
7596,1,810,768,769
7601,1,966,1008,1007
7610,1,60,891,59
7613,1,852,893,851
7618,1,851,892,850
7623,1,847,888,846
7625,1,701,743,742
7627,1,961,962,1003
7628,1,1044,1085,1043
7633,1,1005,963,964
7636,1,1004,1046,1045
7637,1,1047,1005,1006
7641,1,1006,964,965
7642,1,1000,1042,1041
7643,1,1099,1098,1057
7645,1,1039,998,1040
7646,1,1066,1065,1024
7651,1,1051,1092,1050
7654,1,965,1007,1006
7658,1,1348,1349,1351
7662,1,1117,1116,1075
7668,1,1011,1052,1010
7670,1,1010,1009,968
7671,1,969,1011,1010
7675,1,1091,1090,1049
7678,2,961,1003,1002
7680,1,1010,1052,1051
7685,1,1070,1029,1071
7687,1,1022,1021,980
7691,1,1095,1053,1054
7695,1,1127,1085,1086
7700,1,1014,972,973
7702,2,974,1015,973
7703,1,1016,1015,974
7706,1,1040,1082,1081
7710,1,1015,1014,973
7712,1,1112,1111,1070
7713,1,1026,984,985
7715,1,975,1017,1016
7717,1,1067,1025,1026
7718,4,66,1185,1143
7719,1,978,979,1020
7721,3,1100,1059,1101
7724,1,937,979,978
7725,1,1071,1029,1030
7730,1,1018,64,976
7734,1,1019,977,978
7738,1,1056,1098,1097
7741,1,65,64,1018
7742,1,1141,1140,1099
7743,1,1037,995,996
7744,1,1060,1018,1019
7750,1,981,1022,980
7753,1,976,934,935
7754,1,1021,1062,1020
7755,1,1023,1065,1064
7756,1,1022,1063,1021
7761,1,1024,1065,1023
7764,1,1066,1024,1025
7765,1,1002,960,961
7772,1,983,1025,1024
7773,1,1029,1028,987
7774,1,994,1036,1035
7780,1,1026,1025,984
7781,1,107,1463,1462
7782,1,1025,1067,1066
7783,1,1032,1033,1074
7787,1,1014,1013,972
7788,1,617,658,616
7789,2,990,1031,989
7792,1,622,621,580
7793,1,1073,1115,1114
7798,3,1073,1031,1032
7799,1,1029,987,988
7800,1,559,600,558
7809,1,735,693,694
7813,1,777,736,778
7817,1,653,654,695
7819,1,647,646,605
7823,1,646,688,687
7824,1,1197,1188,1190
7825,1,1035,993,994
7829,1,731,689,690
7834,1,1077,1076,1035
7836,1,979,1021,1020
7838,1,1076,1077,1118
7841,1,857,899,898
7842,1,757,715,716
7846,1,733,691,692
7851,1,1043,1001,1002
7852,1,1083,1041,1042
7853,1,1044,1002,1003
7857,1,1039,1080,1038
7859,1,692,691,650
7865,1,1042,1084,1083
7866,1,1079,1037,1038
7868,1,1063,1105,1104
7871,1,1001,1042,1000
7872,1,1044,1043,1002
7875,1,1097,1139,1138
7876,1,864,863,822
7877,1,1427,1429,1428
7879,1,1043,1042,1001
7883,1,1097,1096,1055
7884,1,765,723,56
7885,2,45,153,133
7889,1,1045,1044,1003
7895,1,1005,1046,1004
7898,1,698,657,699
7902,1,1088,1129,1087
7905,1,1046,1088,1087
7906,1,779,737,738
7908,1,1131,1089,1090
7911,1,1048,1006,1007
7921,1,1049,1048,1007
7924,1,1050,1008,1009
7925,1,1009,1051,1050
7927,1,1121,1079,1080
7928,1,1382,1372,1383
7930,1,1091,1049,1050
7933,1,1090,1048,1049
7936,1,1012,1013,1054
7938,1,621,663,662
7939,1,1094,1052,1053
7942,1,1093,1051,1052
7948,1,1086,1044,1045
7956,1,1054,1053,1012
7958,1,1137,1095,1096
7961,1,1096,1054,1055
7964,1,1128,1086,1087
7966,1,1056,1014,1015
7968,1,1057,1016,1058
7969,1,1057,1015,1016
7971,3,818,776,777
7977,1,1057,1056,1015
7986,1,645,687,686
7989,3,1100,1058,1059
7992,1,1060,65,1018
7993,1,1019,1061,1060
8000,1,1061,1020,1062
8001,1,588,589,630
8002,1,1070,1111,1069
8005,1,1061,1103,1102
8010,1,1106,1148,1147
8013,1,1022,1064,1063
8017,1,1056,1055,1014
8023,1,1064,1105,1063
8028,1,1106,1064,1065
8029,1,1107,1148,1106
8030,1,653,652,611
8036,1,1068,1026,1027
8041,1,958,917,959
8044,1,712,670,671
8050,1,1000,959,1001
8055,1,1149,104,105
8056,1,1117,1075,1076
8062,1,1107,1106,1065
8066,1,8,298,9
8069,1,1157,1115,1116
8071,1,1053,1052,1011
8072,1,1075,1116,1074
8075,1,1134,1176,1175
8078,1,1038,1080,1079
8085,1,1122,1163,1121
8086,1,1048,1047,1006
8090,1,1087,1086,1045
8092,1,1123,1164,1122
8094,1,1077,1035,1036
8099,1,1380,1391,1390
8101,1,1153,1152,1111
8104,1,1112,1154,1153
8105,1,1168,1126,1127
8109,1,1095,1094,1053
8110,1,1003,1004,1045
8112,1,517,558,516
8116,4,662,663,704
8119,1,1081,1122,1080
8122,1,1081,1080,1039
8128,1,1082,1041,1083
8133,1,1044,1086,1085
8135,1,1512,1376,1506
8139,1,1120,1078,1079
8143,1,1135,1176,1134
8144,2,1043,1085,1084
8145,1,981,1023,1022
8150,1,1120,1119,1078
8152,1,554,553,512
8160,1,1119,1160,1118
8163,1,1089,1088,1047
8166,1,1096,1095,1054
8168,1,1511,1228,1227
8172,1,1170,1169,1128
8175,1,1012,970,971
8184,1,1093,1134,1092
8187,1,1051,1093,1092
8188,1,1169,1127,1128
8192,1,1092,1133,1091
8196,2,1176,78,1175
8197,1,1094,1093,1052
8200,1,1133,1134,1175
8201,1,1126,1125,1084
8207,1,1175,79,1174
8208,1,79,80,1174
8213,1,1137,1178,1136
8219,1,1174,80,1173
8221,1,1057,1098,1056
8226,1,1179,1137,1138
8232,1,1058,1100,1099
8238,1,82,1172,81
8244,1,1463,1464,1462
8245,1,1367,1372,1377
8246,1,81,1173,80
8248,1,1367,1377,1512
8250,1,1097,1098,1139
8252,1,1104,1062,1063
8255,1,76,1178,75
8257,1,1104,1145,1103
8259,1,1060,1061,1102
8262,1,1103,1144,1102
8263,1,1150,103,104
8264,1,1061,1062,1103
8267,1,1106,1147,1105
8270,1,1105,1064,1106
8273,1,1146,1104,1105
8285,1,1108,1107,1066
8287,1,1121,1162,1120
8288,2,1110,1069,1111
8290,1,1067,1109,1108
8292,1,1180,1181,73
8295,1,1179,75,1178
8297,1,1180,74,1179
8298,1,73,74,1180
8299,1,1494,1499,1500
8307,1,980,938,939
8313,1,1070,1071,1112
8329,1,624,665,623
8338,1,625,666,624
8342,1,1116,1158,1157
8343,1,961,960,919
8346,1,1076,1118,1117
8353,1,1130,1171,1129
8354,1,1119,1077,1078
8357,1,90,89,1516
8362,1,1080,1122,1121
8366,1,1120,1162,1161
8367,1,1154,99,100
8370,1,1121,1120,1079
8376,1,1124,1082,1083
8381,1,1125,1124,1083
8384,1,1082,1123,1081
8385,1,1124,1123,1082
8398,1,1352,1363,1351
8400,1,614,655,613
8401,1,349,391,390
8405,1,1085,1127,1126
8408,1,1129,1088,1130
8409,1,515,556,514
8412,1,1086,1128,1127
8414,1,1344,1338,1346
8420,1,1173,1131,1132
8421,1,1017,62,63
8424,2,1130,1089,1131
8427,1,1090,1132,1131
8428,1,975,62,1017
8431,1,1135,1093,1094
8432,1,1092,1134,1133
8437,1,610,609,568
8438,1,602,644,643
8441,1,1133,1132,1091
8448,1,1138,1096,1097
8453,1,1136,1135,1094
8465,1,1395,1396,1400
8466,1,1207,1206,1196
8468,1,1138,1137,1096
8470,1,1180,1138,1139
8471,1,1259,1324,1257
8480,1,1099,1140,1098
8489,1,579,578,537
8496,1,66,1102,67
8498,1,1148,106,1147
8504,1,1415,1333,3
8508,1,1220,1224,1219
8510,4,515,516,557
8513,1,1104,1146,1145
8515,1,1515,1307,1311
8520,1,884,925,883
8521,1,1146,108,1145
8535,1,1107,1149,1148
8539,1,1307,1296,1297
8541,1,1441,1448,1436
8547,1,94,1159,1160
8548,1,1456,1451,1452
8549,1,882,841,883
8552,1,1068,1067,1026
8554,1,1308,1312,1311
8555,1,1438,1437,1400
8561,1,1112,1113,1154
8566,1,1480,1471,1472
8570,1,1383,1372,1373
8576,1,1385,1384,1374
8579,1,1114,1155,1113
8581,1,98,99,1155
8585,1,1115,1157,1156
8589,1,1115,1156,1114
8594,1,920,878,879
8601,1,1200,1213,73
8605,1,1151,1109,1110
8607,1,1366,1367,1512
8613,1,1159,95,1158
8615,1,1158,1116,1117
8617,1,1159,1158,1117
8618,1,1442,1437,1438
8619,1,1318,1350,1313
8621,1,1160,1159,1118
8627,1,1136,1094,1095
8628,1,1161,1119,1120
8637,2,100,1430,101
8638,1,1162,91,92
8639,1,92,1362,93
8642,1,1163,1162,1121
8646,1,1156,97,98
8650,1,1125,1166,1124
8651,1,1164,1163,1122
8653,1,1167,1166,1125
8657,1,1124,1165,1123
8658,4,1253,1249,1504
8665,1,1166,1165,1124
8670,1,923,922,881
8671,1,85,1168,1169
8675,1,1169,1168,1127
8676,1,1170,1129,1171
8680,1,1170,84,1169
8681,2,99,1517,100
8689,1,1172,1130,1131
8690,1,1132,1174,1173
8692,1,84,85,1169
8697,1,1173,1172,1131
8699,1,1325,1328,1330
8701,1,1450,104,1445
8702,1,1255,1254,1256
8713,1,1133,1175,1174
8729,1,1132,1090,1091
8733,1,739,781,780
8734,2,786,745,787
8745,1,1174,1132,1133
8750,1,1140,1182,1181
8752,1,1510,84,83
8757,1,1111,1152,1110
8758,1,782,781,740
8759,1,1181,1182,72
8763,1,763,721,722
8765,1,71,1183,70
8768,1,1267,1232,1233
8769,1,67,68,1185
8772,1,1523,1461,1519
8775,1,109,2,1144
8780,1,107,108,1146
8783,2,1442,1439,1443
8786,1,764,722,723
8789,3,109,1474,1477
8790,1,1216,1214,1217
8793,1,1262,1333,1264
8794,1,1474,1475,1477
8802,1,1439,1438,1402
8806,1,1186,2,119
8811,1,764,723,765
8813,1,100,101,1153
8814,1,1192,1513,117
8816,1,336,294,295
8818,1,1293,1520,1295
8820,1,1498,1488,1493
8821,1,1509,1446,102
8822,1,1432,1434,1431
8828,4,1509,1434,1435
8830,1,1396,1392,1386
8836,1,102,1151,1152
8837,1,1152,101,102
8838,1,1247,1246,1244
8843,1,1318,1355,1354
8844,1,1196,1195,115
8849,1,100,1153,1154
8851,1,1466,1456,1467
8857,1,98,1155,1156
8861,1,1451,1519,1450
8862,1,1393,99,98
8865,1,1430,1517,1431
8866,1,1155,99,1154
8873,1,1523,1456,1466
8874,1,1468,1467,1458
8882,1,1435,1448,1446
8883,1,1464,1465,1476
8890,1,1157,97,1156
8892,1,1468,1459,1469
8893,1,1198,1505,1197
8895,1,94,95,1159
8897,1,96,97,1157
8903,1,1168,86,1167
8904,1,1510,1293,84
8905,1,1378,96,1379
8911,1,1246,1504,1249
8912,1,1467,1457,1458
8913,2,1265,1514,1231
8918,1,93,94,1160
8919,1,1163,91,1162
8924,1,1487,1455,1482
8928,1,92,1161,1162
8929,1,1392,1380,1381
8932,1,1310,1311,1348
8938,1,1368,1373,1372
8941,1,90,91,1163
8942,1,87,1166,1167
8943,1,1165,89,1164
8949,1,86,87,1167
8950,1,1232,1231,1229
8952,1,87,88,1166
8954,1,1166,88,1165
8956,1,76,1511,1227
8957,1,1495,1496,1499
8958,1,1271,1272,1276
8959,1,86,1307,87
8963,1,1295,1298,1294
8971,1,1171,83,1170
8974,1,83,84,1170
8978,2,83,1171,82
8980,1,84,1293,1292
8981,1,1526,1268,1280
8985,1,1309,1303,1314
8986,1,1194,1192,1502
8988,1,1459,1495,1469
8993,1,1027,1026,985
9003,1,1490,1491,1489
9010,1,71,72,1182
9011,1,992,1033,991
9013,1,1177,77,1176
9018,1,1459,1487,1495
9022,1,76,77,1177
9024,1,1389,1416,1399
9025,1,1158,95,96
9035,1,91,1351,1363
9038,1,1443,1444,1454
9045,2,891,60,933
9048,1,1200,1202,1213
9051,1,1471,1466,1467
9053,1,1416,1417,1421
9061,1,72,71,1201
9062,1,767,808,766
9065,1,67,2,68
9071,1,1185,68,69
9072,1,1350,1349,1312
9073,1,1473,1494,1481
9077,1,1246,1249,1248
9086,1,1247,111,1250
9087,1,1459,1458,1455
9101,1,1472,1471,1468
9105,1,1455,1454,1444
9107,1,1500,1481,1494
9114,1,1456,1452,1457
9117,1,87,1515,88
9118,1,117,1507,1478
9119,1,772,814,813
9120,1,106,105,1460
9121,1,283,325,324
9122,1,1357,1356,1360
9125,1,1440,1484,1444
9127,1,1310,1348,1516
9128,1,1158,96,1157
9131,1,1233,1232,1229
9136,1,1207,1211,1210
9143,1,1519,1451,1523
9162,1,1439,1403,1440
9163,1,1470,1465,1466
9169,1,109,1144,1145
9170,1,1323,1329,1322
9173,3,1256,1251,1252
9176,1,1365,1367,1364
9182,1,1274,1275,1278
9184,1,119,2,1477
9193,1,1518,106,1460
9194,1,1326,1325,1260
9198,1,1303,1299,1304
9199,1,81,80,1268
9201,2,95,94,1506
9202,1,107,1462,108
9204,1,1268,1270,1280
9207,1,1518,1463,107
9209,1,1462,1464,1474
9213,1,1352,1351,1349
9215,1,1470,1478,1476
9217,1,1450,1447,1451
9221,1,1307,1297,1308
9222,1,1441,1453,1452
9224,1,1408,1414,1410
9226,1,89,1310,1516
9227,1,1250,1263,1504
9228,1,1434,1430,1431
9229,2,102,101,1509
9237,1,1518,107,106
9238,1,1382,1386,1381
9239,1,1476,1475,1464
9240,1,1244,113,112
9241,1,1164,89,90
9245,1,92,93,1161
9249,2,1416,1423,1399
9253,1,1145,108,109
9256,1,1457,1452,1453
9267,1,1456,1457,1467
9272,1,1191,1192,1193
9277,1,1422,1403,1423
9284,1,1370,1371,1374
9288,1,1423,1403,1399
9290,1,1332,1328,1326
9293,1,1264,1333,1332
9306,2,1429,1493,1486
9317,1,1221,1211,1222
9324,1,1194,1195,1205
9325,1,1474,108,1462
9326,1,1290,1289,1286
9330,1,1465,1470,1476
9338,1,1398,1402,1401
9339,1,1397,1398,1401
9340,1,96,95,1506
9345,1,1507,1476,1478
9346,1,1230,1229,1217
9350,1,1203,1199,1204
9355,1,116,117,1478
9358,1,1472,1468,1469
9360,1,1189,68,1186
9361,1,1387,1398,1397
9362,1,1336,1339,1335
9363,1,1217,1214,1218
9364,1,1206,1210,1209
9365,1,814,772,773
9366,1,1290,1302,1301
9368,1,2,67,1144
9370,1,118,1477,1475
9371,1,1464,1475,1474
9373,1,102,1446,1445
9375,1,1526,1525,1282
9379,1,692,734,733
9381,1,1210,1211,1221
9382,1,1278,1286,1285
9384,1,1359,1354,1355
9385,1,103,1445,104
9387,1,1236,1237,1240
9392,2,1161,93,1160
9398,1,99,1393,1517
9402,1,1431,1394,1432
9406,1,1186,1187,1189
9407,1,1339,1337,1342
9409,1,1447,1446,1448
9410,1,1215,1218,1214
9412,1,1285,1289,1284
9413,1,83,1282,1510
9415,1,1451,1447,1448
9422,1,1396,1401,1400
9424,1,1461,1523,1466
9426,1,1451,1456,1523
9429,1,1470,1471,1479
9435,1,1395,1433,1394
9437,1,1480,1479,1471
9438,1,1490,1498,1497
9444,1,97,1378,1390
9445,1,1436,1432,1433
9446,1,1400,1433,1395
9448,1,1381,1386,1392
9450,1,1433,1400,1437
9452,1,1450,1519,1449
9453,1,1503,1480,115
9455,1,1396,1386,1397
9457,1,1437,1441,1436
9462,1,1401,1438,1400
9479,1,1402,1398,1399
9485,1,1416,1389,1417
9486,1,1429,1426,1420
9490,1,1447,1445,1446
9495,1,1479,1478,1470
9498,1,1389,1399,1398
9499,1,1417,1385,1409
9509,1,1386,1387,1397
9517,3,1449,104,1450
9518,1,1406,1405,1404
9526,1,1371,1409,1375
9530,1,1308,1309,1313
9532,1,1359,1360,1369
9541,1,84,1292,85
9548,1,81,1268,1526
9552,1,814,773,815
9554,1,103,102,1445
9555,1,1459,1455,1487
9556,1,1315,1304,1316
9562,1,1429,1492,1493
9565,1,1394,1391,1395
9566,1,1218,1215,1219
9567,1,1316,1320,1319
9569,1,1349,1350,1353
9572,1,80,1269,1268
9574,1,1363,92,91
9575,1,111,1501,110
9576,1,1187,1191,1190
9577,1,1431,1393,1394
9579,1,1340,1342,1405
9580,1,1258,1241,1237
9582,1,1412,1413,1411
9583,1,815,774,816
9588,1,1265,1269,79
9589,1,1415,1345,1333
9592,1,90,1351,91
9602,1,1404,1409,1371
9608,1,1335,1334,1306
9609,1,1321,1320,1317
9610,1,1373,1374,1383
9613,1,1502,115,1195
9615,1,1291,1327,1302
9625,1,1335,1331,1336
9626,1,1342,1337,1343
9627,1,1407,1405,1343
9631,1,1342,1343,1405
9635,1,1506,1376,1379
9636,3,1321,1317,1341
9639,1,1330,1338,1337
9658,1,1337,1339,1336
9659,1,1323,1259,1260
9663,1,1435,1434,1432
9667,1,1245,1242,1248
9668,1,1362,1363,1364
9669,1,1279,1287,1286
9672,1,1373,1368,1369
9673,1,1358,1369,1368
9681,1,1388,1385,1389
9682,1,1388,1398,1387
9684,1,1399,1403,1402
9685,1,1347,1345,1415
9690,1,1277,1273,1274
9698,1,1376,1381,1380
9704,1,1411,1413,1409
9706,1,1414,1415,1427
9712,1,1390,1393,98
9713,1,1243,1242,1196
9714,1,1199,1193,1204
9718,1,1377,1372,1382
9720,1,1436,1435,1432
9721,1,1390,98,97
9722,1,1364,1352,1365
9724,1,1393,1390,1391
9725,1,1204,1209,1208
9733,1,1387,1382,1383
9739,1,1384,1387,1383
9740,1,1373,1369,1370
9748,1,1370,1374,1373
9756,1,1388,1384,1385
9771,1,1449,1460,105
9774,1,1362,92,1363
9776,1,1380,1390,1378
9777,1,1279,1275,1324
9778,1,1266,1269,1265
9780,1,1367,1368,1372
9790,1,1221,1220,1209
9791,1,1315,1319,1314
9792,1,94,93,1508
9793,1,1382,1387,1386
9794,1,1444,1443,1440
9797,1,1084,1042,1043
9799,1,1348,1311,1312
9800,1,1365,1368,1367
9802,1,1376,1380,1379
9804,1,1278,1277,1274
9807,1,1347,1408,1344
9809,1,1514,1265,78
9815,1,1334,1339,1341
9816,1,1506,1508,1512
9818,1,1356,1361,1360
9819,1,1506,94,1508
9820,1,1366,1508,93
9821,1,1179,74,75
9823,1,1367,1366,1364
9824,1,1396,1395,1392
9826,1,1347,1344,1346
9828,1,1513,1191,1187
9833,1,1366,93,1362
9835,1,1310,88,1515
9839,1,1343,1344,1408
9840,1,1408,1410,1407
9841,1,1170,1128,1129
9844,1,1363,1352,1364
9850,1,1318,1314,1319
9851,1,1442,1443,1453
9853,1,1310,89,88
9854,1,1378,1379,1380
9859,1,114,1196,115
9860,1,1288,1521,1284
9861,1,1307,86,1296
9864,1,1339,1342,1341
9869,1,1313,1312,1308
9878,1,1352,1353,1365
9883,1,1358,1359,1369
9895,1,1453,1443,1454
9903,1,115,116,1503
9908,1,1355,1319,1320
9922,1,1255,1263,1261
9931,3,1306,1305,1302
9937,1,1316,1305,1306
9944,1,1327,1335,1302
9958,1,1258,1256,1259
9960,1,1201,71,1505
9964,1,1281,1524,1525
9967,1,114,1481,1500
9968,1,1327,1291,1287
9974,1,1233,1230,1234
9976,1,1295,1520,1521
9980,1,1525,1283,1282
9990,1,1288,1284,1289
9996,1,1240,1274,1239
9997,1,70,1197,1505
10005,1,1353,1352,1349
10009,1,80,79,1269
10012,1,1312,1349,1348
10018,1,1356,1320,1321
10021,1,1525,1524,1283
10023,1,1228,1229,1231
10026,1,1353,1358,1365
10028,1,1213,1214,1212
10031,1,1392,1395,1391
10032,1,101,1152,1153
10038,1,1288,1289,1300
10041,1,79,78,1265
10042,1,1406,1404,1361
10044,1,1266,1267,1271
10045,1,1186,68,2
10046,1,1438,1401,1402
10049,1,75,1511,76
10052,3,1506,1379,96
10055,1,1147,107,1146
10057,1,1393,1431,1517
10061,1,1474,109,108
10067,1,1436,1448,1435
10070,1,1227,1231,1514
10071,1,1340,1406,1356
10072,1,1280,1281,1525
10073,2,42,265,264
10089,1,1227,1228,1231
10090,1,1203,1208,1215
10093,1,1188,70,69
10102,1,1509,1435,1446
10104,1,1521,1288,1295
10105,1,1405,1406,1340
10107,1,1344,1343,1337
10115,1,1394,1433,1432
10116,1,1270,1281,1280
10117,1,1298,1303,1309
10119,1,1524,1281,1284
10132,1,1217,1218,1230
10134,3,1257,1275,1241
10135,1,1298,1295,1299
10136,1,1224,1221,1225
10139,1,1298,1299,1303
10150,1,1223,1230,1218
10153,1,1219,1224,1223
10165,1,1220,1221,1224
10169,1,1219,1208,1220
10172,1,1235,1223,1224
10174,1,118,117,1513
10175,1,69,68,1189
10180,1,111,112,1498
10188,2,4,135,134
10189,1,1427,1415,1492
10198,1,1327,1322,1329
10200,1,113,114,1500
10202,1,1251,1237,1226
10216,1,1258,1237,1251
10226,1,1235,1234,1223
10237,1,1279,1278,1275
10238,1,1279,1322,1287
10265,1,1325,1330,1329
10269,1,1358,1354,1359
10274,1,1229,1230,1233
10291,1,1316,1319,1315
10297,1,1516,1348,1351
10299,1,69,1184,1185
10300,1,1198,1203,1202
10301,1,1271,1281,1270
10303,1,1304,1301,1305
10304,1,1397,1401,1396
10315,1,1322,1324,1323
10322,1,1272,1267,1238
10332,1,1317,1320,1316
10335,1,1305,1316,1304
10341,1,1299,1295,1288
10342,2,1335,1327,1331
10345,1,1322,1279,1324
10347,1,1234,1230,1223
10352,1,1331,1327,1329
10357,1,1304,1315,1303
10359,2,113,1243,114
10368,1,1276,1285,1284
10371,1,1300,1301,1304
10380,1,1408,1407,1343
10381,1,1391,1394,1393
10383,1,1376,1512,1377
10384,1,1239,1235,1236
10397,1,1289,1285,1286
10406,1,1301,1302,1305
10409,1,1286,1287,1290
10418,1,1288,1300,1299
10424,2,16,141,173
10430,1,1299,1300,1304
10434,1,1364,1366,1362
10436,1,1430,1509,101
10438,1,1294,1296,1292
10439,1,1294,1298,1297
10441,1,1308,1297,1309
10447,1,1307,1308,1311
10457,1,1294,1297,1296
10458,1,1515,1311,1310
10459,1,1468,1458,1459
10464,1,1467,1468,1471
10465,1,1526,1282,82
10467,3,1294,1293,1295
10468,1,1283,1524,1521
10469,1,1202,1200,1201
10482,1,1277,1272,1273
10485,1,1284,1521,1524
10495,1,1449,1519,1460
10501,1,82,1282,83
10504,1,1520,1510,1282
10505,1,1525,1526,1280
10506,2,1292,1293,1294
10511,1,1264,1326,1261
10512,1,81,1526,82
10513,1,1309,1297,1298
10520,1,1205,1209,1204
10531,1,1225,1236,1224
10536,1,110,1262,1250
10537,1,1492,110,1501
10542,2,1221,1209,1210
10543,1,115,1481,114
10554,1,1245,1252,1211
10555,1,1504,1255,1253
10556,1,1499,1497,113
10570,1,1246,1248,1244
10573,1,1291,1290,1287
10574,1,1243,1196,114
10577,1,1500,1499,113
10584,1,1290,1291,1302
10587,1,1249,1252,1245
10593,1,1410,1412,1407
10599,1,1204,1208,1203
10603,1,1209,1205,1206
10604,1,1210,1206,1207
10606,1,1513,1187,118
10608,1,1263,1255,1504
10621,1,1495,1499,1494
10622,1,1504,1246,1247
10625,1,118,1507,117
10628,1,118,1186,119
10635,1,1190,1188,1189
10638,1,1147,106,107
10642,1,1420,1419,1412
10657,1,1516,1351,90
10661,1,1417,1389,1385
10662,1,1316,1306,1317
10663,1,1439,1402,1403
10665,1,1489,1483,1485
10674,1,1202,1203,1215
10675,1,3,110,1492
10685,1,1206,1195,1196
10692,1,1228,1511,1217
10695,1,1511,75,1216
10697,1,1426,1429,1486
10698,1,1380,1392,1391
10699,1,1496,1497,1499
10700,1,1306,1302,1335
10701,1,1503,1478,1479
10702,1,1195,1206,1205
10703,1,1421,1424,1423
10707,1,73,1213,1212
10708,1,1211,1207,1245
10715,1,1212,1214,1216
10716,1,1267,1233,1238
10719,1,1361,1371,1370
10720,1,1213,1215,1214
10721,1,1261,1263,1264
10722,2,1215,1208,1219
10738,1,1208,1209,1220
10739,1,1190,1199,1198
10745,1,1194,1193,1192
10749,1,1204,1193,1205
10751,1,1502,1192,116
10755,1,1195,1194,1502
10768,1,1198,1197,1190
10769,1,70,1505,71
10773,1,1387,1384,1388
10774,1,1150,1151,103
10775,1,1422,1483,1484
10776,1,1398,1388,1389
10779,1,1188,1197,70
10780,1,1505,1198,1202
10782,1,1202,1215,1213
10784,1,102,103,1151
10790,1,1193,1199,1191
10797,1,1331,1330,1336
10798,1,1330,1331,1329
10799,1,72,1201,1200
10800,1,1239,1234,1235
10801,1,1480,1473,1481
10805,1,1489,1487,1482
10809,1,1200,73,72
10811,1,1201,1505,1202
10813,1,1425,1486,1485
10815,1,1242,1243,113
10818,1,1207,1196,1242
10824,1,1260,1259,1254
10829,1,1497,112,113
10832,1,1244,1248,113
10835,1,1326,1328,1325
10844,1,1325,1329,1323
10849,1,1407,1412,1411
10852,1,1488,1486,1493
10853,1,1244,112,1247
10854,1,1261,1260,1254
10857,1,1332,1346,1328
10868,1,1335,1339,1334
10880,1,1254,1259,1256
10884,1,1337,1338,1344
10910,1,100,1517,1430
10912,3,1480,1503,1479
10917,1,1222,1226,1225
10934,1,1480,1481,115
10938,1,1360,1361,1370
10940,1,1419,1421,1418
10947,1,1472,1469,1473
10948,1,1266,1232,1267
10952,1,1489,1485,1490
10956,1,1494,1473,1495
10959,1,1482,1444,1484
10961,1,1495,1487,1491
10965,1,1491,1487,1489
10969,1,1345,1347,1346
10970,1,1417,1413,1418
10976,1,1498,1493,1501
10978,1,1488,1485,1486
10979,1,111,1498,1501
10987,1,1491,1490,1496
10988,1,1497,1498,112
10996,1,1415,3,1492
11000,1,3,1262,110
11012,1,1346,1338,1328
11027,1,1340,1321,1341
11040,1,1198,1199,1203
11042,1,1190,1189,1187
11043,1,1199,1190,1191
11044,1,118,1187,1186
11045,1,1333,1346,1332
11047,1,1371,1361,1404
11059,1,1414,1408,1347
11060,1,1420,1410,1414
11072,1,1330,1328,1338
11075,2,20,287,286
11082,1,1357,1359,1355
11089,1,1356,1406,1361
11091,1,1384,1383,1374
11092,1,1320,1357,1355
11107,2,1320,1356,1357
11110,1,1359,1357,1360
11117,1,1340,1356,1321
11129,1,113,1248,1242
11133,1,1336,1330,1337
11134,1,1341,1342,1340
11141,1,1257,1258,1259
11146,1,1225,1226,1236
11150,1,1237,1236,1226
11158,1,1257,1241,1258
11162,1,1249,1245,1248
11169,1,1252,1222,1211
11174,1,1256,1252,1253
11178,1,1496,1490,1497
11181,1,1326,1264,1332
11182,2,1504,1247,1250
11190,1,1240,1239,1236
11191,1,1240,1241,1274
11193,1,1324,1275,1257
11202,1,1286,1278,1279
11205,1,1238,1239,1273
11206,1,1315,1314,1303
11209,3,1241,1275,1274
11218,1,1274,1273,1239
11220,1,1277,1278,1285
11227,1,1276,1272,1277
11231,1,1238,1273,1272
11233,1,1272,1271,1267
11235,1,1276,1281,1271
11236,1,1276,1284,1281
11238,1,1271,1270,1266
11239,1,1269,1270,1268
11242,1,1269,1266,1270
11245,1,1232,1265,1231
11247,1,1222,1252,1226
11251,1,1251,1256,1258
11254,1,1242,1245,1207
11258,1,426,425,384
11263,1,505,463,464
11272,1,1140,1181,1139
11302,1,1161,1160,1119
11314,1,1347,1415,1414
11324,1,1262,3,1333
11332,1,1146,1105,1147
11337,1,67,1102,1144
11343,1,1113,1155,1154
11353,1,1123,1165,1164
11364,1,939,981,980
11371,1,1103,1145,1144
11374,1,1149,1107,1108
11385,1,1019,1018,977
11387,1,977,935,936
11444,4,1428,1429,1420
11451,1,1179,1178,1137
11466,1,75,1212,1216
11498,1,354,312,313
11503,1,330,288,289
11507,1,168,163,120
11546,1,1180,1179,1138
11549,1,76,1177,1178
11569,1,313,312,271
11578,1,541,540,499
11579,1,498,539,497
11586,1,285,286,327
11592,2,1149,1150,104
11604,1,1175,78,79
11640,2,1156,1155,1114
11646,1,1078,1036,1037
11648,1,1074,1116,1115
11652,1,1077,1036,1078
11653,1,1119,1118,1077
11681,1,308,266,267
11684,1,308,307,266
11685,1,268,309,267
11687,2,40,267,266
11707,1,573,572,531
11708,1,657,656,615
11709,1,570,569,528
11715,2,28,279,278
11778,2,1153,1111,1112
11789,1,685,727,726
11802,1,681,680,639
11834,2,29,278,277
11872,1,817,859,858
11874,1,969,927,928
11879,1,1006,1005,964
11884,1,966,924,925
11936,1,855,854,813
11961,2,1188,69,1189
12079,4,661,660,619
12085,1,188,170,147
12093,1,273,34,33
12110,1,1059,63,64
12119,4,938,897,939
12141,4,1059,1058,1017
12163,2,1449,105,104
12196,1,638,680,679
12197,1,810,769,811
12199,1,729,771,770
12209,1,636,635,594
12271,4,1454,1457,1453
12290,1,534,493,535
12307,4,1514,77,1227
12316,4,1447,1450,1445
12326,1,335,294,336
12342,1,549,508,550
12343,1,348,306,307
12344,1,346,304,305
12366,1,166,168,121
12367,1,288,329,287
12383,1,899,940,898
12414,1,1176,77,78
12420,4,1430,1434,1509
12446,4,684,643,685
12530,1,856,855,814
12541,1,1046,1087,1045
12556,1,191,177,204
12626,1,1088,1046,1047
12653,4,74,1212,75
12776,1,812,854,853
12780,2,854,855,896
12794,1,177,191,140
12801,1,1041,999,1000
12850,1,852,811,853
12968,4,126,158,156
13035,1,262,47,46
13068,4,61,933,60
13150,2,1129,1128,1087
13233,1,287,19,288
13361,1,157,129,138
13368,2,835,834,793
13369,1,840,882,881
13436,1,666,707,665
13443,4,751,752,793
13448,4,403,361,362
13628,2,526,527,568
13792,1,151,165,131
13895,1,1253,1252,1249
14080,1,570,528,529
14089,1,537,578,536
14153,4,875,876,917
14324,2,660,702,701
14362,1,1240,1237,1241
14437,2,97,96,1378
14557,4,1017,63,1059
14559,4,929,930,971
14671,2,857,858,899
14683,1,1233,1234,1238
14728,4,734,735,776
14783,4,990,948,949
15059,1,1455,1458,1454
15106,1,917,876,918
15402,2,1084,1085,1126
15457,2,670,669,628
16289,4,1477,2,109
16325,1,1235,1224,1236
16576,2,1469,1495,1473
16733,2,928,929,970
16870,1,557,516,558
16874,2,515,514,473
17110,2,861,862,903
17233,2,1409,1413,1417
17235,2,1375,1409,1385
17641,2,485,486,527
17816,4,69,70,1184
17899,1,1227,77,76
17989,1,296,11,10
17990,1,10,9,297
18183,1,793,752,794
18296,4,1442,1441,1437
18298,2,1438,1439,1442
18484,1,1421,1419,1424
18801,1,546,587,545
18802,4,588,587,546
18898,2,1510,1520,1293
19356,1,965,924,966
19359,4,923,924,965
19455,2,1513,1192,1191
19617,4,589,548,590
20299,2,1254,1255,1261
20561,2,1017,1058,1016
20578,4,1047,1048,1089
20579,1,1089,1048,1090
20656,2,1484,1483,1482
20729,2,1255,1256,1253
20780,2,1428,1414,1427
21223,1,1261,1326,1260
21226,2,1323,1324,1259
