time_s,CF_vs_telemetry_plus_hydro_error_N,CF_x_N,Fmag_plus_hydro_x_N,CF_y_N,Fmag_plus_hydro_y_N,CF_z_N,Fmag_plus_hydro_z_N
0.0,0.0,0.0,0.0,0.0,0.0,0.0,0.0
5.0099999498343095e-05,1.10164992198718e-10,-3.6152243865217315e-08,-3.6221764944338454e-08,-3.9549522767856615e-08,-3.962557695835995e-08,2.026642142993751e-08,2.0305394563900007e-08
0.00010009999823523685,1.9620000639801992e-10,-1.3933986053871195e-07,-1.3946367416110484e-07,-1.5243224993355398e-07,-1.5256770196123845e-07,7.811085822595487e-08,7.818026555710007e-08
0.0001500999933341518,2.5743086101326375e-10,-3.020361134531413e-07,-3.021985641872308e-07,-3.3041197866623406e-07,-3.305897027459351e-07,1.6931248580931424e-07,1.694035602771427e-07
0.00020009999570902437,2.922602714510693e-10,-5.164965841686353e-07,-5.16681027975721e-07,-5.650146590596705e-07,-5.652164166969306e-07,2.895286570492317e-07,2.8963205145963963e-07
0.0002500000118743628,3.5651006247333073e-10,-7.740190994809382e-07,-7.742441031362308e-07,-8.467187626592931e-07,-8.469648628049738e-07,4.3387998971411434e-07,4.3400611464442425e-07
0.00030009998590685427,2.242985755758408e-10,-1.067519178832299e-06,-1.0676607698598389e-06,-1.1677726661218912e-06,-1.167927477513247e-06,5.983940809528576e-07,5.984734236590886e-07
0.0003499999875202775,1.738577585183196e-10,-1.3851649782736786e-06,-1.3852746603676723e-06,-1.515231815574225e-06,-1.5153518829074322e-06,7.76437616423209e-07,7.764990997050886e-07
0.0004000999906565994,7.024344887101649e-11,-1.719071747174894e-06,-1.719116019975322e-06,-1.880470222204167e-06,-1.8805187399168881e-06,9.635899687054916e-07,9.636148703681643e-07
0.00045009999303147197,4.2426052508826374e-11,-2.055929599009687e-06,-2.0559028707064883e-06,-2.248927785331034e-06,-2.2488984249224587e-06,1.1523901548571303e-06,1.1523752037987103e-06
0.0005000000237487257,2.1612305996524286e-10,-2.3835036699892953e-06,-2.3833672357716692e-06,-2.6072202672366984e-06,-2.607071107020565e-06,1.335979732175474e-06,1.3359032723086645e-06
0.0005500999977812171,3.8476900386963693e-10,-2.6906848233920755e-06,-2.690441922017975e-06,-2.9431964776449604e-06,-2.9429309079693727e-06,1.5081316178111592e-06,1.50799553380693e-06
0.0006000999710522592,5.559896485982641e-10,-2.961990276162396e-06,-2.9616393455911338e-06,-3.239921625208808e-06,-3.2395378422962175e-06,1.6601682091277326e-06,1.6599715294401557e-06
0.0006501000025309622,8.168243745377794e-10,-3.1843092074268498e-06,-3.183793735289458e-06,-3.4830561617127387e-06,-3.4824922681340485e-06,1.7847415847427328e-06,1.784452595873875e-06
0.000699999975040555,1.1051665363053748e-09,-3.3439341677876655e-06,-3.3432367577122504e-06,-3.657608885987429e-06,-3.6568458923601596e-06,1.8741701524049859e-06,1.8737791882321707e-06
0.000750000006519258,1.4137001370635156e-09,-3.4289660106878728e-06,-3.4280738947011436e-06,-3.7505672025872627e-06,-3.7495912354238732e-06,1.92178663382947e-06,1.921286468617024e-06
0.0008000999805517495,1.4304982026268483e-09,-3.4280046747880988e-06,-3.427101949072072e-06,-3.7494655771297403e-06,-3.748478000477806e-06,1.9212041024729842e-06,1.9206980355348266e-06
0.0008501000120304525,1.6792995045718523e-09,-3.332646656417637e-06,-3.331586900966851e-06,-3.6451167488849023e-06,-3.643957409691927e-06,1.8677163780012052e-06,1.8671223259443819e-06
0.0009000999853014946,1.7079963108228356e-09,-3.138113470413373e-06,-3.1370356364367207e-06,-3.4322986266488442e-06,-3.431119477763117e-06,1.7586494323040824e-06,1.7580451697602767e-06
0.0009500000160187483,1.9447329895899637e-09,-2.844846903826692e-06,-2.8436197062423068e-06,-3.1114989269553917e-06,-3.1101563138315036e-06,1.594255309100845e-06,1.5935672956640272e-06
0.0010000000474974513,1.851773524595713e-09,-2.457167965985718e-06,-2.4559994698561834e-06,-2.68744770437479e-06,-2.686169201421013e-06,1.3769603128821473e-06,1.376305246336796e-06
0.0010500999633222818,5.740662915274831e-10,-5.6788107940519694e-06,-5.679172981354745e-06,-7.40569475965458e-06,-7.406091138595333e-06,6.3281850088969804e-06,6.328388125120123e-06
0.0011000999948009849,8.880552700943303e-10,-5.715267434425186e-06,-5.714707101787009e-06,-7.47053672967013e-06,-7.469923654245945e-06,6.353898243105505e-06,6.353583905672805e-06
0.0011500000255182385,1.0150177861765991e-09,-5.725372830056585e-06,-5.7247322966235525e-06,-7.483677563868696e-06,-7.4829768568260325e-06,6.34360003459733e-06,6.343240886065683e-06
0.001200100057758391,1.0188593919220754e-09,-5.708654498448595e-06,-5.708011589520102e-06,-7.445365554303862e-06,-7.444662074934885e-06,6.296585524978582e-06,6.2962251649536144e-06
0.0012499999720603228,1.146547957314446e-09,-5.664326636178885e-06,-5.6636030296209515e-06,-7.356004516623216e-06,-7.355212933866848e-06,6.212391781446058e-06,6.211986364984183e-06
0.0013001000043004751,1.090863594557729e-08,-3.7109432469151216e-06,-3.7178272349850905e-06,-2.9509508294722764e-06,-2.958481867887837e-06,1.388558871440182e-06,1.3924179525262714e-06
0.0013501000357791781,1.2879548028407681e-09,-4.04193633585237e-06,-4.041123571742971e-06,-3.289288770247367e-06,-3.2883995853636793e-06,1.5764323961775517e-06,1.5759767731763162e-06
0.00139999995008111,1.3508816962975447e-09,-4.3368727347115055e-06,-4.336020158976353e-06,-3.5803348055196693e-06,-3.5794022739514874e-06,1.7425866190023953e-06,1.7421087269146127e-06
0.0014500999823212624,1.3498651996176473e-09,-4.596703092829557e-06,-4.595851272731307e-06,-3.826379270321922e-06,-3.825447357785914e-06,1.8886615862356848e-06,1.8881840115267794e-06
0.001500000013038516,1.4732735831857143e-09,-4.818802608497208e-06,-4.8178730533820504e-06,-4.026091573905433e-06,-4.02507429778899e-06,2.01407101485529e-06,2.0135498511173792e-06
0.0015501000452786684,6.617994743271025e-09,-5.081521976535441e-06,-5.0773456734116415e-06,-4.265844836481847e-06,-4.2612759597879455e-06,2.1634150471072644e-06,2.1610737414040236e-06
0.0016000999603420496,1.561284990741333e-09,-5.232011517364299e-06,-5.231026382974852e-06,-4.379469828563742e-06,-4.378391824105191e-06,2.251443447676138e-06,2.2508911547788585e-06
0.0016499999910593033,1.6932105035157078e-09,-5.343618795450311e-06,-5.3425501084941795e-06,-4.447768787940731e-06,-4.446600053331433e-06,2.3194811547000427e-06,2.3188820475209517e-06
0.0017001000232994556,1.633933793962241e-09,-5.416615294961957e-06,-5.415584169165694e-06,-4.47104230261175e-06,-4.4699142260981515e-06,2.3677066565142013e-06,2.3671287615282388e-06
0.0017501000547781587,1.7164274071023589e-09,-5.450164280773606e-06,-5.4490812029163925e-06,-4.448848812899087e-06,-4.447663802314105e-06,2.3953716663527302e-06,2.394764364687537e-06
0.0018000999698415399,1.8016600024052282e-09,-5.444156158773694e-06,-5.443019167365963e-06,-4.3809391172544565e-06,-4.379695367708239e-06,2.4019550437515136e-06,2.4013176142500805e-06
0.0018501000013202429,1.8925839293590653e-09,-5.39828261025832e-06,-5.397088084677625e-06,-4.266824362275656e-06,-4.265517959445526e-06,2.3865823095547967e-06,2.3859127617878973e-06
0.0019000000320374966,2.0538453236815685e-09,-5.312440407578833e-06,-5.311144361316739e-06,-4.106278993276646e-06,-4.104861033148069e-06,2.348247335248743e-06,2.3475207447355353e-06
0.001950099947862327,9.266280022994915e-09,-5.260378202365246e-06,-5.254530414971805e-06,-3.979259872721741e-06,-3.97286292256305e-06,2.3271950340131298e-06,2.3239168703910847e-06
0.0020000000949949026,5.965084228271375e-09,-2.7211451651965035e-06,-2.724909455998518e-06,-5.603800673270598e-06,-5.607918851089351e-06,-2.3114414489100454e-06,-2.309331246061651e-06
0.0020500998944044113,1.9055084966639846e-09,-2.6345103378844215e-06,-2.6333078491771424e-06,-5.530695034394739e-06,-5.52937959842965e-06,-2.3428738131769933e-06,-2.3435480622121976e-06
0.002100100042298436,1.908954157001208e-09,-2.50737775786547e-06,-2.506173118237223e-06,-5.418131422629813e-06,-5.416813504292974e-06,-2.382281991231139e-06,-2.3829572990106088e-06
0.00215000007301569,8.356904034082363e-09,-4.7416942834388465e-06,-4.746967980371663e-06,-3.8194016269699205e-06,-3.825171019240511e-06,1.7456233081247774e-06,1.748579670505088e-06
0.002200100105255842,2.047121093873971e-09,-4.67119070890476e-06,-4.669898783380926e-06,-3.834213657682994e-06,-3.832800534343748e-06,1.6963512052825536e-06,1.6956268326975332e-06
0.0022501000203192234,2.0848511255977698e-09,-4.566501047520433e-06,-4.565185207506752e-06,-3.806019549301709e-06,-3.804580389727475e-06,1.625710069674824e-06,1.6249725135791988e-06
0.002300000051036477,2.1791568399204254e-09,-4.42828968516551e-06,-4.42691449707931e-06,-3.735173095265054e-06,-3.7336687199340813e-06,1.5344594430644065e-06,1.5336884455779604e-06
0.0023499999660998583,9.25150316054604e-09,-4.315143087296747e-06,-4.309304970877651e-06,-3.6855926737189293e-06,-3.6792055774025046e-06,1.4555749885403202e-06,1.4523021139549756e-06
0.0024000999983400106,2.1675241640059194e-09,-4.1063826756726485e-06,-4.105014701395889e-06,-3.5246141578682e-06,-3.5231178628201587e-06,1.3214034879638348e-06,1.3206367360424929e-06
0.0024500000290572643,2.2584981294427054e-09,-3.8656630749756005e-06,-3.864237677092015e-06,-3.3207684282388072e-06,-3.3192093729704952e-06,1.16757064461126e-06,1.1667716443956682e-06
0.0024999999441206455,2.279994231361608e-09,-3.592410848796135e-06,-3.5909720636644296e-06,-3.0729552236152813e-06,-3.0713811470197433e-06,9.933149840435362e-07,9.92508414820713e-07
0.002550099976360798,2.2385408752199307e-09,-3.287345407443354e-06,-3.2859328022114155e-06,-2.7809280709334416e-06,-2.7793825992747628e-06,7.985425440892868e-07,7.977506292826623e-07
0.002600099891424179,2.23817362143176e-09,-2.952752311102813e-06,-2.9513398914486327e-06,-2.4459291125822347e-06,-2.4443839198468585e-06,5.840133781020995e-07,5.832216260634545e-07
0.0026499999221414328,2.113211004088264e-08,-5.135427727509523e-06,-5.1487633441256105e-06,-5.662588591803797e-06,-5.677177555494001e-06,3.5155410387233132e-06,3.5230169696148206e-06
0.002700099954381585,5.8387294307834495e-09,-5.16511317982804e-06,-5.161428471017719e-06,-5.725722985516768e-06,-5.721692238485875e-06,3.53411473952292e-06,3.532049125637901e-06
0.00275010010227561,2.168854666117498e-09,-5.1416250244074035e-06,-5.14025623956827e-06,-5.714434792025713e-06,-5.7129376047187596e-06,3.5113951071252814e-06,3.5106277813829823e-06
0.00279999990016222,2.250904674840302e-09,-5.094547759654233e-06,-5.093127179883994e-06,-5.6607423175591975e-06,-5.6591884302387105e-06,3.464625024207635e-06,3.4638288086797563e-06
0.0028500999324023724,2.2360639692391327e-09,-5.023606263421243e-06,-5.0221952275189175e-06,-5.563941613218049e-06,-5.562397844669414e-06,3.3939188597287284e-06,3.393127823430494e-06
0.002900100080296397,2.267463441160509e-09,-4.9291070354229305e-06,-4.9276761215106105e-06,-5.424186838354217e-06,-5.422621491867263e-06,3.29985005009803e-06,3.2990478243141573e-06
0.002950000111013651,2.3411906859651526e-09,-4.811023700312944e-06,-4.8095464250106985e-06,-5.2414097808650695e-06,-5.239793357329217e-06,3.1825438782107085e-06,3.1817156231399925e-06
0.003000000026077032,3.968742628652686e-09,-2.7832375053549185e-06,-2.785741983664975e-06,-1.8160869785788236e-06,-1.8188269138423852e-06,-3.2221984724856156e-07,-3.2081583115234544e-07
0.0030501000583171844,2.3739063380561346e-09,-2.926306478912011e-06,-2.924808474259859e-06,-1.9926148979720892e-06,-1.990975971525975e-06,-2.67153325239633e-07,-2.679931665747807e-07
0.0031000999733805656,2.4298048511470637e-09,-3.0410392355406657e-06,-3.039505779462272e-06,-2.1309961084625684e-06,-2.1293187360669443e-06,-2.2238593544443575e-07,-2.2324552017946362e-07
0.0031500000040978193,2.5282657558565722e-09,-3.126707724732114e-06,-3.125112168222768e-06,-2.2317062757792883e-06,-2.2299608976206564e-06,-1.8736544404873712e-07,-1.8825986131215021e-07
0.0032001000363379717,2.5332658596389452e-09,-3.183095031999983e-06,-3.1814963946080246e-06,-2.2954193354962626e-06,-2.293670462761624e-06,-1.6158273297151027e-07,-1.6247896874555784e-07
0.003250099951401353,7.654440044888643e-09,-3.241608737880597e-06,-3.2367783333167032e-06,-2.356985987717053e-06,-2.3517015906728863e-06,-1.2698649243247928e-07,-1.296944052873387e-07
0.0032999999821186066,2.678060208756689e-09,-3.2377276966144564e-06,-3.236037658578273e-06,-2.3459879230358638e-06,-2.3441390988498814e-06,-1.1970027458119148e-07,-1.206477063978967e-07
0.003350100014358759,2.6920749613725606e-09,-3.2031132377596805e-06,-3.2014144314103992e-06,-2.29676970775472e-06,-2.2949111417444135e-06,-1.220983421035271e-07,-1.2305073748918594e-07
0.00340009992942214,2.7468730669663985e-09,-3.138210558972787e-06,-3.1364771912545795e-06,-2.2092606286605587e-06,-2.207364232732227e-06,-1.345146642961481e-07,-1.354864824285721e-07
0.003450100077316165,2.800595456954089e-09,-3.0435528515226906e-06,-3.041785479857612e-06,-2.083058461721521e-06,-2.0811249924924026e-06,-1.5743705716886325e-07,-1.5842772817936191e-07
0.003500099992379546,3.25768851757779e-08,-2.9199554774095304e-06,-2.9405135247869025e-06,-1.9177589365426684e-06,-1.9402489923242077e-06,-1.9154252584030473e-07,-1.8001787718063647e-07
0.0035500999074429274,2.9384166573269157e-09,-2.7905789465876296e-06,-2.7887246633021454e-06,-1.7371113472108846e-06,-1.7350827644819629e-06,-2.2531523313773505e-07,-2.2635483789972436e-07
0.003600100055336952,2.914065643470247e-09,-2.608613385746139e-06,-2.6067744740286167e-06,-1.48808305766579e-06,-1.486071218033779e-06,-2.868045783088746e-07,-2.8783544375338366e-07
0.003650000086054206,2.9763648161709154e-09,-2.401426854703459e-06,-2.3995485917113927e-06,-1.1987650623268564e-06,-1.1967102203088802e-06,-3.628965714597143e-07,-3.6394942469389945e-07
0.0037000998854637146,3.6814242062710738e-09,-5.550763944484061e-06,-5.553087246149411e-06,-2.204755674029002e-06,-2.2072971280852185e-06,5.02814464198309e-06,5.029447010916396e-06
0.0037501000333577394,2.744290308754014e-09,-5.622174739983166e-06,-5.620442836417428e-06,-2.3486777536163572e-06,-2.346783223262095e-06,5.111508016852895e-06,5.1105372470168955e-06
0.003800000064074993,6.118390520287629e-09,-5.6937701629067305e-06,-5.689909071083764e-06,-2.470570734658395e-06,-2.4663468856214652e-06,5.180653715797234e-06,5.1784890514337375e-06
0.0038501000963151455,2.904626608668266e-09,-5.730357770517003e-06,-5.728524762167639e-06,-2.531924792492646e-06,-2.5299195761942793e-06,5.216466433921596e-06,5.2154387940412335e-06
0.0039001000113785267,2.9079944084641444e-09,-5.7485231081955135e-06,-5.746687998314427e-06,-2.5506267320452025e-06,-2.5486191145428216e-06,5.228334885032382e-06,5.2273061600117215e-06
0.003950099926441908,2.9642956163180984e-09,-5.748284365836298e-06,-5.7464136042745754e-06,-2.5268204808526207e-06,-2.524773999214032e-06,5.216261797613697e-06,5.215213364219045e-06
0.004000000189989805,3.0527296623644972e-09,-5.729491476813564e-06,-5.727565122453093e-06,-2.4606358692835784e-06,-2.458528358728147e-06,5.179902927920921e-06,5.178822781390066e-06
0.004050000105053186,4.0916330594196266e-08,-4.126818112126784e-06,-4.152638857966002e-06,6.450994760598405e-08,3.626265553432631e-08,2.5658439426479163e-06,2.5803189446934623e-06
0.004100100137293339,3.2099663202965657e-09,-4.367350356915267e-06,-4.365324558394145e-06,-1.730481073991541e-07,-1.7083207019303944e-07,2.7117773697682424e-06,2.7106419389115314e-06
0.004149999935179949,3.3505475965875163e-09,-4.587077455653343e-06,-4.584963032099978e-06,-3.6767139022231277e-07,-3.653583477299439e-07,2.840785555235925e-06,2.8396001368867897e-06
0.004200099967420101,3.398733283463108e-09,-4.787057605426526e-06,-4.7849127421989015e-06,-5.211574602981273e-07,-5.188111366360446e-07,2.953800276372931e-06,2.952597897505994e-06
0.004250099882483482,1.0073917252861417e-08,-4.998490567231784e-06,-4.992133208571202e-06,-6.688534881504893e-07,-6.618988710287227e-07,3.0682292617711937e-06,3.0646654014529634e-06
0.00430000014603138,3.680270788066594e-09,-5.156808128958801e-06,-5.154485841090637e-06,-7.409943805214425e-07,-7.384534068210068e-07,3.1474880870518973e-06,3.146186232688088e-06
0.004350100178271532,3.727269897593939e-09,-5.2927657634427305e-06,-5.290413998655875e-06,-7.712386036473617e-07,-7.686650942790196e-07,3.2079763059300603e-06,3.206657672998623e-06
0.004400100093334913,3.820210515492454e-09,-5.4049305617809296e-06,-5.4025198468724945e-06,-7.592996098537697e-07,-7.566622017231164e-07,3.2478665161761455e-06,3.246515020573011e-06
0.004449999891221523,3.9577232921912215e-09,-5.492859145306284e-06,-5.490361544934214e-06,-7.054218258417677e-07,-7.026895749244002e-07,3.2655595987307606e-06,3.264159466250052e-06
0.004500099923461676,1.2540316283286258e-08,-5.5932969189598225e-06,-5.5853829478203014e-06,-6.495663456007605e-07,-6.409090719787886e-07,3.2797765925351996e-06,3.2753403546333294e-06
0.004550000187009573,3.1210349171828316e-09,-3.816279786406085e-06,-3.814310382249163e-06,-1.586284241739122e-07,-1.564735934386821e-07,-1.132844715812098e-07,-1.1438855976767e-07
0.004600000102072954,4.012528773951346e-09,-4.031324351672083e-06,-4.028792297876605e-06,-2.7340084329807723e-07,-2.706306122656165e-07,-1.797221749200162e-08,-1.9391693016758776e-08
0.0046501001343131065,4.070719147607027e-09,-4.2186957216472365e-06,-4.216126986387095e-06,-3.476963854609494e-07,-3.4488593245902587e-07,6.593678136823655e-08,6.449674405414322e-08
0.004699999932199717,1.5212747585199546e-08,-4.423574864631519e-06,-4.4139745659646295e-06,-4.321916264871106e-07,-4.216893332040069e-07,1.63603814939961e-07,1.582220131605201e-07
0.004749999847263098,4.375039880708038e-09,-4.553751296043629e-06,-4.550990235831064e-06,-4.2537851641100133e-07,-4.223583072496778e-07,2.225597626193121e-07,2.2101190697932623e-07
0.00480009987950325,4.425777567751239e-09,-4.653934411180671e-06,-4.651141191133791e-06,-3.7608663205901394e-07,-3.7303148983908254e-07,2.668520835413801e-07,2.6528634573928564e-07
0.0048500001430511475,4.568212404048678e-09,-4.723470283352071e-06,-4.720587819620157e-06,-2.844161599568906e-07,-2.8126205275571194e-07,2.947959103494213e-07,2.9317987347911947e-07
0.004900000058114529,1.1219818470159167e-08,-7.836832992325071e-06,-7.829752286437469e-06,1.520972887192329e-06,1.528718529460454e-06,5.175010301172733e-06,5.171041301740782e-06
0.004950100090354681,4.366804829399749e-09,-7.960203220136464e-06,-7.957447213605187e-06,1.3406031484919367e-06,1.343617722886131e-06,5.278289791021962e-06,5.27674520252029e-06
0.004999999888241291,4.4332303061312344e-09,-8.054948011704255e-06,-8.052150325506827e-06,1.2042970638503903e-06,1.2073576132355945e-06,5.354901986720506e-06,5.353333700921091e-06
0.005050099920481443,1.919894816614468e-09,-7.272942639247049e-06,-7.271731173638668e-06,3.583737111512164e-07,3.596992392100587e-07,3.977912456321064e-06,3.977233249024435e-06
0.005100099835544825,1.964943426737984e-08,-7.381260274996748e-06,-7.3688603192895426e-06,1.5680454623634432e-07,1.7037000772616075e-07,4.0763388824416324e-06,4.069387650892063e-06
0.005150000099092722,4.616027907320664e-09,-7.40315545044723e-06,-7.400242406805849e-06,6.120479412174973e-08,6.439157192080675e-08,4.120609901292482e-06,4.1189770088759366e-06
0.005200100131332874,4.5699533731843685e-09,-7.396331966447178e-06,-7.393448040379e-06,8.330472311968151e-09,1.14854416691999e-08,4.144196282140911e-06,4.142579615007179e-06
0.0052501000463962555,7.446844935703344e-09,-7.361290045082569e-06,-7.356590667656172e-06,-1.6643140199334994e-09,3.4767998214799327e-09,4.147867457504617e-06,4.145233012635141e-06
0.0052999998442828655,2.161481357597157e-08,-6.64224262436619e-06,-6.6286023869506745e-06,-1.7035068822224275e-06,-1.6885845814351167e-06,2.97251358460926e-06,2.964867080284708e-06
0.005350099876523018,4.748260602033371e-09,-6.49215689918492e-06,-6.48916046631254e-06,-1.6413869161624461e-06,-1.6381088514090767e-06,2.918672180385329e-06,2.91699240056081e-06
0.005400099791586399,4.720508831637736e-09,-6.314347047009505e-06,-6.311368404901213e-06,-1.5365613990070415e-06,-1.5333022403891793e-06,2.847674977601855e-06,2.8460050135531725e-06
0.005450000055134296,4.740123266760893e-09,-6.1098871810827404e-06,-6.106895928473592e-06,-1.3894388075641473e-06,-1.3861663376844205e-06,2.7602668524195906e-06,2.758589915539851e-06
0.005500100087374449,5.859103136151698e-08,-5.878424872207688e-06,-5.91539938863762e-06,-1.1990659913863055e-06,-1.2395154288543295e-06,2.656200422279653e-06,2.6769281114730816e-06
0.00555010000243783,4.725078809766488e-09,-5.667799086950254e-06,-5.664817369258328e-06,-1.0162160606341786e-06,-1.0129539290407943e-06,2.5615750018914696e-06,2.5599034077925306e-06
0.00559999980032444,4.732091505232404e-09,-5.38373387826141e-06,-5.380747795367708e-06,-7.365587180174771e-07,-7.332917429638495e-07,2.422645138722146e-06,2.4209709604267397e-06
0.005650099832564592,4.6487044978322955e-09,-5.075138233223697e-06,-5.072204674425298e-06,-4.1232215153286234e-07,-4.0911277103369485e-07,2.265680450364016e-06,2.2640358947717468e-06
0.005700100213289261,1.8787312404943417e-09,-3.688678589242045e-06,-3.6898639812453407e-06,-1.0281554523317027e-06,-1.0294526731714247e-06,9.742633011455837e-08,9.809093147290992e-08
0.005750000011175871,4.8851234232386355e-08,-3.4060562938975636e-06,-3.4368844310701513e-06,-7.910779800113232e-07,-8.248033632118071e-07,-4.9031761761852977e-08,-3.1749760359350055e-08
0.005800100043416023,4.412087279204085e-09,-6.352686341415392e-06,-6.349902071522033e-06,-5.112399776407983e-06,-5.1093537733661855e-06,3.6105946037423564e-06,3.609033763971718e-06
0.005849999841302633,4.476793272176369e-09,-6.461020802817075e-06,-6.458195764564932e-06,-5.298195901559666e-06,-5.2951051709635375e-06,3.7110580706212204e-06,3.709474334134967e-06
0.005900000222027302,4.4971196990033555e-09,-6.548345936607802e-06,-6.545507951986893e-06,-5.442457222670782e-06,-5.439352514021618e-06,3.7906891066086246e-06,3.7890982850968094e-06
0.005950099788606167,1.4817852368973876e-08,-6.648693670285866e-06,-6.639342828928944e-06,-5.582248832070036e-06,-5.572019083653588e-06,3.869385182042606e-06,3.864142781630337e-06
0.006000000052154064,4.60228220453007e-09,-6.695086540275952e-06,-6.69218221233793e-06,-5.64416905035614e-06,-5.640991865477768e-06,3.910055056621786e-06,3.908426751684987e-06
0.0060501000843942165,4.591012322657059e-09,-6.720567398588173e-06,-6.7176701339465916e-06,-5.6644671531103086e-06,-5.661297646461626e-06,3.931580522475997e-06,3.929956490657532e-06
0.006100099999457598,4.61791674298361e-09,-6.725067123625195e-06,-6.722152857016454e-06,-5.643074473482557e-06,-5.63988656201396e-06,3.933757852792041e-06,3.932124015086914e-06
0.006149999797344208,6.565605545936762e-08,-6.393988769559655e-06,-6.435521466732638e-06,-5.848044565937016e-06,-5.893121746465439e-06,3.3141038784378907e-06,3.3376368442439436e-06
0.00620009982958436,4.717685998140183e-09,-5.586922270595096e-06,-5.583945242049657e-06,-6.642515018029371e-06,-6.6392579206254906e-06,1.698343112366274e-06,1.696674226894373e-06
0.006250100210309029,4.705293021901427e-09,-5.578051059274003e-06,-5.575081678416571e-06,-6.637032583967084e-06,-6.633784267940166e-06,1.687716235210246e-06,1.6860516022973384e-06
0.006300000008195639,4.728043339108103e-09,-5.544939085666556e-06,-5.541955505880996e-06,-6.590916655113688e-06,-6.58765249666001e-06,1.6641737374811783e-06,1.6625010405364314e-06
0.006350100040435791,4.688872429858298e-09,-5.487602265930036e-06,-5.48464312166255e-06,-6.503983968286775e-06,-6.500747088436725e-06,1.6275548659905326e-06,1.625896071637989e-06
0.006400099955499172,1.5863457971872585e-08,-5.437949766928796e-06,-5.427938982285655e-06,-6.410985861293739e-06,-6.4000342289044e-06,1.5952845160427387e-06,1.5896724542413314e-06
0.0064500002190470695,4.7681300702836384e-09,-5.332047294359654e-06,-5.329038467917911e-06,-6.2416656874120235e-06,-6.238373727554744e-06,1.5306893601518823e-06,1.5290026390401771e-06
0.006500099785625935,6.541259639072473e-08,-3.422622967264033e-06,-3.463902206678252e-06,-5.480856543726986e-06,-5.526015477320506e-06,-1.2920438621222274e-06,-1.2689029270362043e-06
0.006550100166350603,4.7133525922875695e-09,-3.482067768345587e-06,-3.479093345396137e-06,-5.546136890188791e-06,-5.5428829139505235e-06,-1.2494444945332361e-06,-1.2511118695413857e-06
0.006599999964237213,1.4910541259514152e-08,-3.543992306731525e-06,-3.5345829440446712e-06,-5.603517820418347e-06,-5.59322395413242e-06,-1.195808522425068e-06,-1.2010834111790031e-06
0.0066500999964773655,4.803177400220814e-09,-3.5516670777724357e-06,-3.548635918981418e-06,-5.590494311036309e-06,-5.587178367309271e-06,-1.1628566198851331e-06,-1.1645557687075564e-06
0.006700099911540747,4.816129979496789e-09,-3.5336399832885945e-06,-3.530600782263554e-06,-5.537660854315618e-06,-5.534335924220434e-06,-1.1351913826729287e-06,-1.1368952620615425e-06
0.006750000175088644,4.857073154623199e-09,-3.490961034913198e-06,-3.487895958196997e-06,-5.445143415272469e-06,-5.441790102971605e-06,-1.1131559176646988e-06,-1.1148739866289844e-06
0.006800100207328796,4.792984567202093e-09,-3.424481064939755e-06,-3.4214565066876707e-06,-5.312134817359038e-06,-5.308825615540707e-06,-1.0972827340083313e-06,-1.0989780014700443e-06
0.006850100122392178,6.791935920714837e-09,-3.3604990221647313e-06,-3.3562128591633227e-06,-5.166028131498024e-06,-5.161339111737464e-06,-1.0748793783932342e-06,-1.0772819382700186e-06
0.006900100037455559,5.128112464552473e-09,-6.508309979835758e-06,-6.505073780823918e-06,-2.377737928327406e-06,-2.374197731625253e-06,4.40992471339996e-06,4.408110447511251e-06
0.00695009995251894,5.083133432563602e-09,-6.4792175180627964e-06,-6.476009815130529e-06,-2.459688175804331e-06,-2.45617888492516e-06,4.450637334230123e-06,4.448839067031698e-06
0.007000099867582321,5.0293291795768484e-09,-6.4296514210582245e-06,-6.426477748374262e-06,-2.5014862785610603e-06,-2.49801410612954e-06,4.464520316105336e-06,4.462740998174947e-06
0.007050099782645702,1.4699018213876027e-08,-6.385767392202979e-06,-6.376491421987943e-06,-2.5305103008577134e-06,-2.5203624584041694e-06,4.4674420678347815e-06,4.4622421825899256e-06
0.007100100163370371,4.976956493242724e-09,-6.2973040257929824e-06,-6.294163203511922e-06,-2.490839960955782e-06,-2.487404177008148e-06,4.432258265296696e-06,4.430497379156251e-06
0.007149999961256981,4.943673073935061e-09,-6.190660769789247e-06,-6.18754102787967e-06,-2.4106143428070936e-06,-2.407201438597992e-06,4.374576292320853e-06,4.3728272357925845e-06
0.007200099993497133,4.857134066000559e-09,-6.065654361009365e-06,-6.062589424066442e-06,-2.289305257363594e-06,-2.28595195099463e-06,4.294805876270402e-06,4.293087374228834e-06
0.0072500999085605145,2.391480159537701e-08,-4.3645536607073154e-06,-4.379645487533868e-06,-1.7891493371280376e-06,-1.805659248312114e-06,1.766420723470219e-06,1.7748810621796034e-06
0.007300000172108412,1.3546289380757985e-08,-4.434164566191612e-06,-4.425615912626186e-06,-1.9351718947291374e-06,-1.925820096591211e-06,1.8068917597702239e-06,1.8020994378076421e-06
0.007350100204348564,4.967606980962105e-09,-4.46166495748912e-06,-4.458529995658524e-06,-2.0181953459541546e-06,-2.0147659855835417e-06,1.821369664867234e-06,1.8196122176030232e-06
0.007400100119411945,4.931009665658886e-09,-4.467911367100896e-06,-4.464799694829542e-06,-2.061001396214124e-06,-2.0575970835529403e-06,1.822680928853515e-06,1.820936507085877e-06
0.007449999917298555,4.920966373347724e-09,-4.4531630010169465e-06,-4.450057442462415e-06,-2.0642039544327417e-06,-2.0608067411908747e-06,1.811748575164529e-06,1.8100077827296652e-06
0.007500099949538708,2.1595181248498308e-08,-4.417492164066061e-06,-4.4311200016286245e-06,-2.0280394892324694e-06,-2.042948177545336e-06,1.7889971104523283e-06,1.7966368034640716e-06
0.007550099864602089,4.89605740259112e-09,-4.383140549180098e-06,-4.380050819319453e-06,-1.9766989680647384e-06,-1.9733188947025134e-06,1.7669333374215057e-06,1.7652012717346214e-06
0.007600000128149986,4.891972122635464e-09,-4.30580303145689e-06,-4.302715948826135e-06,-1.8615756971485098e-06,-1.8581983984795684e-06,1.72036629919603e-06,1.7186356444701233e-06
0.007650100160390139,4.837167071776579e-09,-4.208175141684478e-06,-4.205122755919734e-06,-1.7068781517082243e-06,-1.7035385942615967e-06,1.661266196606448e-06,1.659554915658111e-06
0.00770010007545352,3.052855184146895e-08,-2.493672809578129e-06,-2.5129381481395745e-06,-1.228566020472499e-06,-1.249642049695709e-06,-9.456547331865295e-07,-9.34854723935027e-07
0.00774999987334013,1.2752909136475878e-08,-2.5718527467688546e-06,-2.5638048632638485e-06,-1.3064694712738856e-06,-1.2976652910581864e-06,-9.014947295327147e-07,-9.060063449044582e-07
0.007800099905580282,4.952686217562048e-09,-2.6086329398822272e-06,-2.6055074848223067e-06,-1.3266044334159233e-06,-1.323185281299241e-06,-8.71743225161481e-07,-8.73495375337988e-07
0.00785010028630495,4.967179894522806e-09,-2.622001829877263e-06,-2.618867255307705e-06,-1.3083506473776652e-06,-1.3049213498656167e-06,-8.466528242934146e-07,-8.484098777776006e-07
0.007900100201368332,4.982564730774805e-09,-2.6126313059648965e-06,-2.6094870359832175e-06,-1.2516404694906669e-06,-1.2482005479207925e-06,-8.265585051958624e-07,-8.283210196417001e-07
0.00795000046491623,5.019335194278212e-09,-2.5814465516305063e-06,-2.5782792522607257e-06,-1.1564885653569945e-06,-1.1530229409759562e-06,-8.121559176288429e-07,-8.139311325860411e-07
0.00800000037997961,1.3030422739442836e-08,-2.546486712162732e-06,-2.538263899517003e-06,-1.0409443120806827e-06,-1.0319481020562716e-06,-7.947822382448066e-07,-7.993915195508793e-07
0.008050000295042992,5.087588496600754e-09,-2.4734467842790764e-06,-2.470236421063318e-06,-8.659096693008905e-07,-8.623969590122359e-07,-7.957527259350172e-07,-7.975521678378391e-07
0.008100000210106373,1.0027254362683172e-07,-2.382070761086652e-06,-2.445349105726508e-06,-6.511704668810125e-07,-7.203952217812043e-07,-8.064770895543916e-07,-7.710036147592316e-07
0.008150099776685238,5.175948685791991e-09,-6.134786417533178e-06,-6.131520321453886e-06,-1.833191845435067e-06,-1.8296183686001717e-06,4.391592028696323e-06,4.389760820213039e-06
0.008200099691748619,5.336368763246369e-09,-6.4356195252912585e-06,-6.4322521248595925e-06,-2.2092103790782858e-06,-2.2055262330933838e-06,4.620123036147561e-06,4.618235044020433e-06
0.008249999955296516,1.620640745011029e-08,-6.743204721715301e-06,-6.732977455344486e-06,-2.571592403910472e-06,-2.56040410213766e-06,4.8369806791015435e-06,4.831247218675249e-06
0.008299999870359898,5.7162904673524705e-09,-7.010249646555167e-06,-7.006642433390762e-06,-2.8686092718999134e-06,-2.8646629683015516e-06,5.016057912143879e-06,5.014035369733138e-06
0.008333000354468822,1.5256743092347448e-07,-7.175932296377141e-06,-7.07965300240796e-06,-3.041624722754932e-06,-2.936296699152944e-06,5.120045443618437e-06,5.066072061516848e-06
