time_s,increment,min_gap_um,HEAD_gap_um,TAIL_gap_um,nearest_wall_sector_deg
0.0,0,261.37053281403155,487.66692894432686,261.37053281403155,251.4230257791777
1.9999999494757503e-05,200,261.37044390455287,487.66684836068356,261.37044390455287,251.4230257791777
3.9999998989515007e-05,400,261.36912320374415,487.6656493977579,261.36912320374415,251.4230257791777
5.999999848427251e-05,600,261.3634621874623,487.66050098404787,261.3634621874623,251.4230257791777
7.999999797903001e-05,800,261.3483929840102,487.6467709531871,261.3483929840102,251.4230257791777
9.999999747378752e-05,1000,261.3169848352283,487.61810056741507,261.3169848352283,251.4230257791777
0.00011999999696854502,1200,261.26054028315286,487.5664798320676,261.26054028315286,251.4230257791777
0.00014000000373926014,1400,261.1686912195016,487.4823239517562,261.1686912195016,251.4230257791777
0.00015999999595806003,1600,261.02949497062144,487.3545513531335,261.02949497062144,251.4230257791777
0.00018000000272877514,1800,260.8295305988857,487.1706637085058,260.8295305988857,251.4230257791777
0.00019999999494757503,2000,260.55399553287907,486.91682845370167,260.55399553287907,251.4230257791777
0.00022000000171829015,2200,260.18680286279556,486.5779644489181,260.18680286279556,251.4230257791777
0.00023999999393709004,2400,259.7106796495198,486.1378311088277,259.7106796495198,251.4230257791777
0.00026000000070780516,2600,259.1072658085687,485.5791219105054,259.1072658085687,251.4230257791777
0.0002800000074785203,2800,258.3572147254774,484.8835618850878,258.3572147254774,251.4230257791777
0.0003000000142492354,3000,257.4402952215243,484.0320118252857,257.4402952215243,251.4230257791777
0.00031999999191612005,3200,256.33549603768887,483.00457698968916,256.33549603768887,251.4230257791777
0.00033999999868683517,3400,255.02113007877207,481.78072178792655,255.02113007877207,251.4230257791777
0.0003600000054575503,3600,253.4749442971749,480.3393931091945,253.4749442971749,251.4230257791777
0.0003800000122282654,3800,251.67423045763982,478.6591507582243,251.67423045763982,251.4230257791777
0.00039999998989515007,4000,249.59593838395557,476.71830172976274,249.59593838395557,251.4230257791777
0.0004199999966658652,4200,247.21679403093918,474.4950502596248,247.21679403093918,251.4230257791777
0.0004400000034365803,4400,244.51342089843405,471.9676499619963,244.51342089843405,251.4230257791777
0.0004600000102072954,4600,241.4624648491205,469.11456536869696,241.4624648491205,251.4230257791777
0.0004799999878741801,4800,238.04072719993943,465.9146515009663,238.04072719993943,251.4230257791777
0.0005000000237487257,5000,234.22529849007714,462.3473329170677,234.22529849007714,251.4230257791777
0.0005200000014156103,5200,229.9937027440832,458.39279778417017,229.9937027440832,251.4230257791777
0.000539999979082495,5400,225.32404252918593,454.03220000148525,225.32404252918593,251.4230257791777
0.0005600000149570405,5600,220.19516046079696,449.24787971558726,220.19516046079696,251.4230257791777
0.0005799999926239252,5800,214.58680174443126,444.02358318669627,214.58680174443126,251.4230257791777
0.0006000000284984708,6000,208.47978135132823,438.34469623615075,208.47978135132823,251.4230257791777
0.0006200000061653554,6200,201.85617709514574,432.1985028305312,201.85617709514574,251.4230257791777
0.0006399999838322401,6400,194.6995078455496,425.57442545588,194.6995078455496,251.4230257791777
0.0006600000197067857,6600,186.99494366804592,418.46429715298746,186.99494366804592,251.4230257791777
0.0006799999973736703,6800,177.16612753266153,410.86262788102,177.16612753266153,220.593855441266
0.000699999975040555,7000,165.582605331851,402.76688864958135,165.582605331851,220.593855441266
0.0007200000109151006,7200,153.24111380923173,394.1777855420809,153.24111380923173,220.593855441266
0.0007399999885819852,7400,140.13548993547974,385.09956048351285,140.13548993547974,220.593855441266
0.0007600000244565308,7600,126.26353677345328,375.5402309208027,126.26353677345328,220.593855441266
0.0007800000021234155,7800,111.62742415067414,365.5119063698094,111.62742415067414,220.593855441266
0.0007999999797903001,8000,96.30027574679013,355.03103834121976,96.30027574679013,220.593855441266
0.0008200000156648457,8200,80.60537393724167,344.1186441413369,80.60537393724167,220.75850295664523
0.0008399999933317304,8400,64.22333506639598,332.80057687722933,64.22333506639598,220.75850295664523
0.000859999970998615,8600,47.176267898009826,321.1076852078469,47.176267898009826,220.75850295664523
0.0008800000068731606,8800,29.49539304293972,309.07599099249853,29.49539304293972,220.75850295664523
0.0008999999845400453,9000,11.218154102526134,295.72499164519763,11.218154102526134,220.75850295664523
0.0009200000204145908,9200,3.0872672155516465,283.0333819254564,3.0872672155516465,220.75850295664523
0.0009399999980814755,9400,12.671272188468686,272.20924930202875,12.671272188468686,220.75850295664523
0.0009599999757483602,9600,21.422889476121863,260.7671000050276,21.422889476121863,220.75850295664523
0.0009800000116229057,9800,29.342296028047397,248.7143741941832,29.342296028047397,220.75850295664523
0.0010000000474974513,10000,36.433857629810575,236.06253624924386,36.433857629810575,220.75850295664523
0.001019999966956675,10200,42.70614150800354,222.82708344832466,42.70614150800354,220.75850295664523
0.0010400000028312206,10400,48.17102505301429,209.02684838245852,48.17102505301429,220.75850295664523
0.0010600000387057662,10600,52.84281642120988,194.6833856214566,52.84281642120988,220.75850295664523
0.00107999995816499,10800,56.73824342872838,179.820974366355,56.73824342872838,220.75850295664523
0.0010999999940395355,11000,59.87645045182943,164.4666032679434,59.87645045182943,220.75850295664523
0.001120000029914081,11200,62.27908515061187,148.68074078921913,62.27908515061187,220.75850295664523
0.0011399999493733048,11400,63.97024542535755,132.47899012476753,63.97024542535755,220.75850295664523
0.0011599999852478504,11600,64.97669801920918,115.886851739595,64.97669801920918,220.75850295664523
0.001180000021122396,11800,65.32777541992867,98.94267042454872,65.32777541992867,220.75850295664523
0.0012000000569969416,12000,65.05541038465148,81.68756519514095,65.05541038465148,220.75850295664523
0.0012199999764561653,12200,64.16554561273603,64.16554561273603,64.19431301398633,9.790633048572973
0.0012400000123307109,12400,46.42339889431157,46.42339889431157,62.781848427765894,9.790633048572973
0.0012600000482052565,12600,28.510647364291984,28.510647364291984,60.85810417889859,9.790633048572973
0.0012799999676644802,12800,10.479562357614483,10.479562357614483,58.48580800661814,9.790633048572973
0.0013000000035390258,13000,3.670165047239563,3.670165047239563,55.14982520286916,9.790633048572973
0.0013200000394135714,13200,13.742140542225853,13.742140542225853,50.40523343422133,9.790633048572973
0.001339999958872795,13400,23.400498697951562,23.400498697951562,45.04500278817603,9.790633048572973
0.0013599999947473407,13600,32.64532519275371,32.64532519275371,39.04410533575281,9.790633048572973
0.0013800000306218863,13800,32.40669742896022,41.47904931793189,32.40669742896022,220.75850295664523
0.00139999995008111,14000,25.139023555861304,49.9063654912741,25.139023555861304,220.75850295664523
0.0014199999859556556,14200,17.249513884696213,55.33699862156686,17.249513884696213,220.75850295664523
0.0014400000218302011,14400,8.74873429964501,58.93639877658403,8.74873429964501,220.75850295664523
0.0014600000577047467,14600,10.856725916725747,61.60046969729156,10.856725916725747,220.75850295664523
0.0014799999771639705,14800,15.293999983765465,63.73425888955625,15.293999983765465,220.75850295664523
0.001500000013038516,15000,15.598365575776452,65.4757897553167,15.598365575776452,190.15532057924108
0.0015200000489130616,15200,13.307763882737948,66.8171821088869,13.307763882737948,190.15532057924108
0.0015399999683722854,15400,10.393141985012566,67.75280511822302,10.393141985012566,190.49040839364247
0.001560000004246831,15600,6.931972795790635,68.27932444855944,6.931972795790635,190.49040839364247
0.0015800000401213765,15800,2.829211192687793,68.39569423539562,2.829211192687793,190.49040839364247
0.0015999999595806003,16000,4.319319485095272,67.74680295390242,4.319319485095272,190.49040839364247
0.0016199999954551458,16200,6.156410293880638,66.63983641524965,6.156410293880638,190.49040839364247
0.0016400000313296914,16400,7.350790369518877,65.12490391955487,7.350790369518877,190.49040839364247
0.0016599999507889152,16600,7.898003776574482,62.70586654866163,7.898003776574482,190.49040839364247
0.0016799999866634607,16800,7.7958859056479355,59.754549032423846,7.7958859056479355,190.49040839364247
0.0017000000225380063,17000,7.044595018913469,56.38504118938537,7.044595018913469,190.49040839364247
0.00171999994199723,17200,5.64656055173253,52.598811816192715,5.64656055173253,190.49040839364247
0.0017399999778717756,17400,3.606589403204192,48.39955222283217,3.606589403204192,190.49040839364247
0.0017600000137463212,17600,0.9317357281739765,43.793068449141956,0.9317357281739765,190.49040839364247
0.0017800000496208668,17800,1.4765291460788796,38.477633443962446,1.4765291460788796,190.49040839364247
0.0017999999690800905,18000,1.8587001940777705,32.72318400778835,1.8587001940777705,190.49040839364247
0.001820000004954636,18200,1.6163644882424493,26.571857688931455,1.6163644882424493,190.49040839364247
0.0018400000408291817,18400,0.7572969887358951,20.03014500315643,0.7572969887358951,190.49040839364247
0.0018599999602884054,18600,-0.35923670632233484,13.084159331848527,-0.35923670632233484,190.49040839364247
0.001879999996162951,18800,0.26736391346303384,5.608102620770373,0.26736391346303384,190.49040839364247
0.0019000000320374966,19000,0.16463604345543809,1.8248305027958511,0.16463604345543809,190.49040839364247
0.0019199999514967203,19200,-0.20144215531097417,6.2103113790993305,-0.20144215531097417,190.49040839364247
0.0019399999873712659,19400,-0.009063693534637192,10.148599497882097,-0.009063693534637192,190.49040839364247
0.0019600000232458115,19600,-0.2515258170926034,13.703972444301078,-0.2515258170926034,190.49040839364247
0.001979999942705035,19800,-0.23059198794939412,16.82313049315151,-0.23059198794939412,190.49040839364247
0.0020000000949949026,20000,-0.2244870206519733,19.52084655274161,-0.2244870206519733,190.49040839364247
0.0020200000144541264,20200,-0.20531914440607638,21.791334959704606,-0.20531914440607638,190.49040839364247
0.00203999993391335,20400,-0.18251718814793086,23.63342854806036,-0.18251718814793086,190.49040839364247
0.0020600000862032175,20600,-0.16124292674562465,25.046818596234438,-0.16124292674562465,190.49040839364247
0.0020800000056624413,20800,-0.1422030620098754,26.03041166749974,-0.1422030620098754,190.49040839364247
0.002099999925121665,21000,-0.12466694778933064,26.58236108886867,-0.12466694778933064,190.49040839364247
0.0021200000774115324,21200,-0.10925190675459016,26.701316712494513,-0.10925190675459016,190.49040839364247
0.002139999996870756,21400,-0.09498831732369355,26.386364421801183,-0.09498831732369355,190.49040839364247
0.00215999991632998,21600,-0.22587847830451446,25.635512632331952,-0.22587847830451446,162.21584025849936
0.0021800000686198473,21800,1.8517511029374478,24.068403395124914,1.8517511029374478,162.21584025849936
0.002199999988079071,22000,3.473669551806106,22.078482625817628,3.473669551806106,162.21584025849936
0.002219999907538295,22200,4.552733082866602,19.668753252943013,4.552733082866602,162.21584025849936
0.002240000059828162,22400,5.0869691966154615,16.838235831707905,5.0869691966154615,162.21584025849936
0.002259999979287386,22600,5.076209369479943,13.588024043124172,5.076209369479943,162.21584025849936
0.0022799998987466097,22800,4.522086363044823,9.921254583426814,4.522086363044823,162.21584025849936
0.002300000051036477,23000,3.428051270117647,5.843143705161666,3.428051270117647,162.21584025849936
0.002319999970495701,23200,1.360935127522682,1.360935127522682,1.799358188962546,41.614385483075594
0.0023399998899549246,23400,0.2444359724339637,1.6381211225350296,0.2444359724339637,162.21584025849936
0.002360000042244792,23600,1.5477164924563858,3.880563076468411,1.5477164924563858,162.15747524048356
0.0023799999617040157,23800,2.3668573670247333,5.718781123999913,2.3668573670247333,162.15747524048356
0.002400000113993883,24000,2.6324669369367086,7.149315831062691,2.6324669369367086,162.15747524048356
0.002420000033453107,24200,2.343120605118401,8.17081388404217,2.343120605118401,162.15747524048356
0.0024399999529123306,24400,1.4991818374941754,8.783916361457964,1.4991818374941754,162.15747524048356
0.002460000105202198,24600,0.10276330967473321,8.991268841221908,0.10276330967473321,162.15747524048356
0.0024800000246614218,24800,0.6156588277097501,8.637981169989532,0.6156588277097501,162.15747524048356
0.0024999999441206455,25000,0.8141483463139328,7.86901880334793,0.8141483463139328,162.15747524048356
0.002520000096410513,25200,0.46459412092308217,6.705566513959878,0.46459412092308217,162.15747524048356
0.0025400000158697367,25400,0.14570597349603856,5.1182569810477005,0.14570597349603856,162.15747524048356
0.0025599999353289604,25600,0.2268295778745433,3.089897170265608,0.2268295778745433,162.15747524048356
0.002580000087618828,25800,0.06338537700575357,0.6710544939689145,0.06338537700575357,162.15747524048356
0.0026000000070780516,26000,0.06642521986823756,0.8949844884087289,0.06642521986823756,162.15747524048356
0.0026199999265372753,26200,0.01745886307291854,2.139756183982342,0.01745886307291854,162.15747524048356
0.0026400000788271427,26400,-0.0005087153754073565,2.9724664617183345,-0.0005087153754073565,162.15747524048356
0.0026599999982863665,26600,-0.0004957536129974889,3.4000804061124867,-0.0004957536129974889,162.15747524048356
0.00267999991774559,26800,-0.0005036245468382782,3.430935938206643,-0.0005036245468382782,162.15747524048356
0.0027000000700354576,27000,-0.0005159379637128637,3.0730451290517933,-0.0005159379637128637,162.15747524048356
0.0027199999894946814,27200,-0.000481740941422933,2.3447471662512265,-0.000481740941422933,162.15747524048356
0.002739999908953905,27400,0.5477670915378586,1.1389832414756882,0.5477670915378586,192.10895547427023
0.0027600000612437725,27600,0.7618584468701153,0.7618584468701153,1.6615075151043395,41.662979464705685
0.0027799999807029963,27800,1.7391680233383429,1.7391680233383429,2.136134555875871,41.662979464705685
0.00279999990016222,28000,2.015714012964217,2.3809592070270416,2.015714012964217,192.10895547427023
0.0028200000524520874,28200,1.307141801154834,2.694101296960464,1.307141801154834,192.10895547427023
0.002839999971911311,28400,0.01959161834207279,2.687338982127007,0.01959161834207279,192.10895547427023
0.002859999891370535,28600,0.6040815298208754,2.163221412279914,0.6040815298208754,192.10895547427023
0.0028800000436604023,28800,0.7261640567806479,1.3177377754514628,0.7261640567806479,192.10895547427023
0.002899999963119626,29000,0.2004295576871182,1.7230874110805094,0.2004295576871182,192.10895547427023
0.0029200001154094934,29200,0.25884222302451254,2.101987511739291,0.25884222302451254,192.10895547427023
0.002940000034868717,29400,0.16342397129793118,2.1431642777515973,0.16342397129793118,192.10895547427023
0.002959999954327941,29600,0.1025051124593925,1.8344150682602332,0.1025051124593925,192.10895547427023
0.0029800001066178083,29800,0.04581759824187367,1.9091413471798095,0.04581759824187367,192.10895547427023
0.003000000026077032,30000,0.009890979818049137,2.082461346860648,0.009890979818049137,192.10895547427023
0.003019999945536256,30200,-0.0019449069483394481,1.8652486103961985,-0.0019449069483394481,192.10895547427023
0.0030400000978261232,30400,-0.0012106799156047982,1.5897483678675617,-0.0012106799156047982,192.10895547427023
0.003060000017285347,30600,-0.002954241932515159,0.9822432336066902,-0.002954241932515159,192.10895547427023
0.0030799999367445707,30800,-0.001250289764176391,0.5521656904805494,-0.001250289764176391,192.10895547427023
0.003100000089034438,31000,-0.0012783569327109627,0.013584726428841279,-0.0012783569327109627,192.10895547427023
0.003120000008493662,31200,0.14977498445444454,0.14977498445444454,0.2611202883252009,41.34914301458244
0.0031399999279528856,31400,0.11275673596764292,0.11275673596764292,0.5608206877256022,41.34914301458244
0.003160000080242753,31600,0.03967804889906341,0.03967804889906341,0.8726963557261956,41.34914301458244
0.0031799999997019768,31800,1.5477654145525803,1.975000166238318,1.5477654145525803,191.56597723603198
0.0031999999191612005,32000,1.96949171710101,4.955082381785936,1.96949171710101,191.56597723603198
0.003220000071451068,32200,2.0694319658101796,7.546933276798699,2.0694319658101796,191.56597723603198
0.0032399999909102917,32400,2.4960095521104235,9.65574896729349,2.4960095521104235,191.56597723603198
0.0032599999103695154,32600,2.8061134281439,11.343108281297143,2.8061134281439,191.56597723603198
0.003280000062659383,32800,3.121121418993086,12.376027142426997,3.121121418993086,191.56597723603198
0.0032999999821186066,33000,3.4622687706514745,12.787090234262948,3.4622687706514745,191.56597723603198
0.0033199999015778303,33200,3.7979761702062462,12.768097408162633,3.7979761702062462,191.56597723603198
0.0033400000538676977,33400,4.125771105219697,12.319947074688342,4.125771105219697,191.56666357275517
0.0033599999733269215,33600,4.446169823301964,11.443765328942787,4.446169823301964,191.56666357275517
0.003379999892786145,33800,4.759593994868832,10.1412264240275,4.759593994868832,191.56666357275517
0.0034000000450760126,34000,5.066595375458623,8.41473369308204,5.066595375458623,191.56666357275517
0.0034199999645352364,34200,5.367732824085027,6.267353060700267,5.367732824085027,191.56666357275517
0.00343999988399446,34400,3.5969568239639083,3.5969568239639083,5.663511685956301,11.066264051512197
0.0034600000362843275,34600,0.2593493488260805,0.2593493488260805,5.954538263233986,11.066264051512197
0.0034799999557435513,34800,1.8500994844302918,1.8500994844302918,6.528922642792547,11.066264051512197
0.0035000001080334187,35000,3.6349142853549132,3.6349142853549132,6.759546948935148,11.066264051512197
0.0035200000274926424,35200,4.96051360439774,4.96051360439774,7.028908069550924,11.066264051512197
0.003539999946951866,35400,5.832375629228939,5.832375629228939,7.274499007946475,11.066264051512197
0.0035600000992417336,35600,6.242474686738894,6.242474686738894,7.568461123848009,11.066264051512197
0.0035800000187009573,35800,6.19496282030697,6.19496282030697,7.875112082904593,11.066264051512197
0.003599999938160181,36000,5.6921119122457045,5.6921119122457045,8.182541921617393,11.066264051512197
0.0036200000904500484,36200,4.735695008970066,4.735695008970066,8.487268478180754,11.066264051512197
0.003640000009909272,36400,3.327712171335778,3.327712171335778,8.78971165382971,11.066264051512197
0.003659999929368496,36600,1.4708178963413598,1.4708178963413598,9.090389711307052,11.066264051512197
0.0036800000816583633,36800,-0.1852415223841995,-0.1852415223841995,9.39134061646649,11.066264051512197
0.003700000001117587,37000,1.2105330958413747,1.2105330958413747,9.559347434305916,11.066264051512197
0.003719999920576811,37200,2.151346727595884,2.151346727595884,9.311496410717849,11.066264051512197
0.0037400000728666782,37400,2.6407656103518797,2.6407656103518797,9.04953803845951,11.066264051512197
0.003759999992325902,37600,2.6781183792906473,2.6781183792906473,8.784786889404481,11.066264051512197
0.0037799999117851257,37800,2.2649503833703895,2.2649503833703895,8.51442671871266,11.066264051512197
0.003800000064074993,38000,4.389094813440727,4.389094813440727,8.488289607713167,342.07314447758796
0.003819999983534217,38200,7.638876531558957,7.638876531558957,8.481798612498594,342.07314447758796
0.0038399999029934406,38400,8.246770312176302,10.478633260861251,8.246770312176302,192.52294578189532
0.003860000055283308,38600,8.111525744642561,12.858586652854408,8.111525744642561,192.52367613436942
0.0038799999747425318,38800,8.021802458396973,14.618715525817333,8.021802458396973,192.52367613436942
0.0038999998942017555,39000,7.913897155482759,15.95353421105216,7.913897155482759,192.52367613436942
0.003920000046491623,39200,7.806975425987873,16.85689036669212,7.806975425987873,192.52367613436942
0.00394000019878149,39400,7.692610408369484,17.326257129085253,7.692610408369484,192.52367613436942
0.00395999988541007,39600,7.570674542136122,17.35876722574483,7.570674542136122,192.52367613436942
0.003980000037699938,39800,7.4409108801456085,16.951978154850362,7.4409108801456085,192.52367613436942
0.004000000189989805,40000,7.303154791737093,16.10406437565187,7.303154791737093,192.52367613436942
0.004019999876618385,40200,7.157172074930169,14.813697125757717,7.157172074930169,192.52367613436942
0.004040000028908253,40400,7.002713048803143,13.080065691301341,7.002713048803143,192.52367613436942
0.00406000018119812,40600,6.839546937359201,10.902862070632205,6.839546937359201,192.52367613436942
0.0040799998678267,40800,6.667388006966896,8.28234008622809,6.667388006966896,192.52367613436942
0.004100000020116568,41000,5.21927124147607,5.21927124147607,6.4859901075881075,342.07314447758796
0.004120000172406435,41200,1.7149951389000504,1.7149951389000504,6.295014184810769,342.07314447758796
0.004139999859035015,41400,3.177386070368772,3.177386070368772,6.2105983782373375,342.07314447758796
0.0041600000113248825,41600,5.04107485809621,5.04107485809621,6.033803465202856,342.07314447758796
0.00418000016361475,41800,5.8911187862760945,6.452915313894935,5.8911187862760945,192.52367613436942
0.00419999985024333,42000,5.7388184940715705,7.414477302339369,5.7388184940715705,192.52368977738055
0.004220000002533197,42200,5.575712220911448,7.923215093652203,5.575712220911448,192.52368977738055
0.004240000154823065,42400,5.401722501911511,7.9770205976564705,5.401722501911511,192.52368977738055
0.004259999841451645,42600,5.216635986765449,7.574330663583302,5.216635986765449,192.52368977738055
0.004279999993741512,42800,5.0203839504995615,6.7141606887403436,5.0203839504995615,192.52368977738055
0.00430000014603138,43000,4.812761149227867,5.396015347529025,4.812761149227867,192.52368977738055
0.00431999983265996,43200,3.620078445643787,3.620078445643787,4.5936741054965315,342.07314447758796
0.004339999984949827,43400,1.3869993834344565,1.3869993834344565,4.362912430800216,342.07314447758796
0.004360000137239695,43600,1.2579516023147985,1.2579516023147985,4.2531020594088025,342.07314447758796
0.004379999823868275,43800,2.5992706965240533,2.5992706965240533,4.134304002873018,342.07314447758796
0.004399999976158142,44000,3.4737899613937837,3.4737899613937837,4.033358230333822,342.07314447758796
0.0044200001284480095,44200,3.8828877826556143,3.8828877826556143,3.9213884494875346,342.07314447758796
0.00443999981507659,44400,3.796117363912178,3.8254674322602122,3.796117363912178,192.9004649523964
0.004459999967366457,44600,3.3236095723090844,3.3236095723090844,3.657458251803463,342.5681010326007
0.004480000119656324,44800,2.363311183900312,2.363311183900312,3.5053793667221034,342.5681010326007
0.0044999998062849045,45000,0.9372583635838238,0.9372583635838238,3.339841152837405,342.5681010326007
0.004519999958574772,45200,1.0388920245449147,1.0388920245449147,3.24082631515011,342.5681010326007
0.004540000110864639,45400,1.8184082675204178,1.8184082675204178,3.145111509092202,342.5681010326007
0.004559999797493219,45600,2.126222592582378,2.126222592582378,3.04632543456044,342.5681010326007
0.004579999949783087,45800,1.9630614517899483,1.9630614517899483,2.9326414233023987,342.5681010326007
0.004600000102072954,46000,1.3288667825508833,1.3288667825508833,2.8044419619256655,342.5681010326007
0.004619999788701534,46200,0.5233493035329557,0.5233493035329557,2.67297817081452,342.5681010326007
0.004639999940991402,46400,1.1501387352125694,1.1501387352125694,2.5874745372621857,342.5681010326007
0.004660000093281269,46600,1.303132669359468,1.303132669359468,2.4875420121442695,342.5681010326007
0.004679999779909849,46800,0.9822826095027821,0.9822826095027821,2.3726272049838646,342.5681010326007
0.004699999932199717,47000,0.6474412819929053,0.6474412819929053,2.2650253760569234,342.5681010326007
0.004720000084489584,47200,0.9303412782938473,0.9303412782938473,2.162068825643788,342.5681010326007
0.004739999771118164,47400,0.7369261414205084,0.7369261414205084,2.051070214509311,342.5681010326007
0.0047599999234080315,47600,0.7231605454172986,0.7231605454172986,1.946094938192698,342.5681010326007
0.004780000075697899,47800,0.6753604096930448,0.6753604096930448,1.8378772132599792,342.5681010326007
0.004800000227987766,48000,0.6866264569649732,0.6866264569649732,1.7316447338198517,342.5681010326007
0.004819999914616346,48200,0.6448044831282771,0.6448044831282771,1.621860174602095,342.5681010326007
0.004840000066906214,48400,0.83466204914104,0.83466204914104,1.5197405291737789,342.6898269430867
0.004860000219196081,48600,0.7805052501705474,0.7805052501705474,1.4150527432546682,342.6898269430867
0.004879999905824661,48800,0.7434369418837115,0.7434369418837115,1.3087080728255265,342.6898269430867
0.004900000058114529,49000,0.7222021480827442,0.7222021480827442,1.200091074519638,342.6898269430867
0.004920000210404396,49200,0.7036705647373881,0.7036705647373881,1.0888200984974348,342.6898269430867
0.004939999897032976,49400,0.6854040200023319,0.6854040200023319,0.9744129607183831,342.6898269430867
0.0049600000493228436,49600,0.667339128887044,0.667339128887044,0.8567018509668684,342.6898269430867
0.004980000201612711,49800,0.6494466693532064,0.6494466693532064,0.7355113632793865,342.6898269430867
0.004999999888241291,50000,0.41189069853891147,0.41189069853891147,0.6106272328761898,12.532238275150382
