time_s,H_x_kgm2_s,H_y_kgm2_s,H_z_kgm2_s,Krot_J
1.0559219828036989e-07,1.029000591187682e-14,-2.4448402382216386e-13,-1.3780894027035082e-13,5.254108975926625e-15
5.015628862084707e-05,7.768216736336677e-14,-1.8611355588993924e-12,-1.0411873977039262e-12,3.033888856418211e-13
0.000100206989992,3.722008916454972e-13,-9.070968355796018e-12,-5.0492661813977325e-12,7.189513931669937e-12
0.0001502577269247,1.0676326774799799e-12,-2.6516145554608435e-11,-1.468653909725167e-11,6.128734174909059e-11
0.000200308580721,2.3186378647998156e-12,-5.858280502798969e-11,-3.2275805645261856e-11,2.9840012040643203e-10
0.0002503596989157,4.265381381841477e-12,-1.0879724715736875e-10,-5.955357901889367e-11,1.026122300382375e-09
0.0003004113136386,7.099582431394517e-12,-1.8012829674151104e-10,-9.788241418052404e-11,2.80366633940728e-09
0.000350477280062,1.0699820811572288e-11,-2.7346605203557674e-10,-1.465334453708333e-10,6.422188800628518e-09
0.0004005361721594,1.467105981810092e-11,-3.9165994447103907e-10,-2.0711991582508592e-10,1.3095868646124441e-08
0.0004505813917176,1.9503843876152114e-11,-5.395534156145021e-10,-2.833663465369614e-10,2.477624397988153e-08
0.0005006356514485,2.588391012748381e-11,-7.172858136710149e-10,-3.750234884781561e-10,4.370530765267949e-08
0.000550710844313,3.3312905717077085e-11,-9.238056768986143e-10,-4.808636099794728e-10,7.236237944817527e-08
0.0006007740519203,4.128194022534249e-11,-1.15881700005778e-09,-6.004038536618349e-10,1.1363876629684672e-07
0.0006508473302589,4.9613495141173137e-11,-1.4211983641366311e-09,-7.333452982823322e-10,1.7062252058348564e-07
0.0007008878413533,5.841573650779838e-11,-1.7089468173037203e-09,-8.787502221652514e-10,2.46333351244454e-07
0.0007509176922431,6.802296661323428e-11,-2.018423421523388e-09,-1.0335599963823348e-09,3.430299872349937e-07
0.0008009449868587,7.853493712225925e-11,-2.3465473535944467e-09,-1.1940763161348549e-09,4.6245758318574987e-07
0.0008509499313928,8.868406675440403e-11,-2.692517831758313e-09,-1.3590831850216753e-09,6.069064954240548e-07
0.0009010537638115,9.66195091000244e-11,-3.0496915649692953e-09,-1.5262687378737003e-09,7.759011613662193e-07
0.0009511388488795,9.99136911047338e-11,-3.410358507660785e-09,-1.6886825231750948e-09,9.660372324002475e-07
0.0010011585405064,9.970846718135618e-11,-3.7760145560695435e-09,-1.8478250774472214e-09,1.1786568639244462e-06
0.0010511974063042,9.875355296002817e-11,-4.145091374060774e-09,-2.009098219136485e-09,1.414904060929945e-06
0.0011012138339298,9.787236421245114e-11,-4.4797250953000345e-09,-2.149268151130071e-09,1.6461753047887298e-06
0.0011512181130042,7.76963898332317e-11,-3.778306680491676e-09,-1.3642989538020422e-09,1.0909452308405614e-06
0.0012012221204231,-1.1457003646163703e-12,-1.8455718012654737e-09,4.97176086270636e-10,3.283070255400299e-07
0.0012512380246417,-7.512724651337856e-11,-1.0009292426345786e-09,1.4276262849190187e-09,3.429874895627668e-07
0.0013012654661161,-7.343057657327917e-11,-1.430629759343118e-09,1.2201707723838066e-09,3.736055319158959e-07
0.0013513004970717,-6.928372847219608e-11,-1.844503641067683e-09,1.0164417066021056e-09,4.297740724837084e-07
0.0014013101422808,-6.345083086675024e-11,-2.2268519387561747e-09,8.267787322520956e-10,5.056937830476044e-07
0.0014513747229041,-1.872691018175413e-10,-1.8651477947307243e-09,1.1363588034725828e-09,4.46406312056832e-07
0.0015014114284795,-6.392903589421885e-10,7.687354454723658e-11,2.5502817520733304e-09,5.889309057276643e-07
0.0015514806097821,-9.62792293747669e-10,1.2093580282284444e-09,3.480984033207146e-09,1.0972676986347809e-06
0.0016015720888769,-9.048700968412208e-10,7.280518715697627e-10,3.2653041374158436e-09,9.338954337480125e-07
0.0016516591593647,-8.439484137211969e-10,2.685053204793142e-10,3.0643594415618592e-09,8.138222928184367e-07
0.001701663181973,-7.78958389157195e-10,-1.7287461169343941e-10,2.873948026257822e-09,7.302308259743134e-07
0.0017516798592414,-7.029170603127118e-10,-6.085444708080946e-10,2.6798458308210978e-09,6.746294999189605e-07
0.0018017822759377,-6.239189541191068e-10,-1.0369996481027954e-09,2.4962168080175776e-09,6.520048581099808e-07
0.0018518858614846,-5.440874660108536e-10,-1.4558878045436507e-09,2.320580294826993e-09,6.583468215452946e-07
0.0019019024339366,-4.5736721487773086e-10,-1.8705215225271667e-09,2.145359050622965e-09,6.909136581694598e-07
0.0019519357834778,-3.709837757559933e-10,-2.275360783065778e-09,1.98268313045933e-09,7.512558438759211e-07
0.0020019408205854,-2.8310467361607454e-10,-2.6729356083167765e-09,1.8284097133920882e-09,8.366762226328076e-07
0.0020519497468002,-1.9172389038344184e-10,-3.0260929995968292e-09,1.6629840114865102e-09,9.232406798109873e-07
0.0021020288544886,-9.390731155597618e-11,-3.3692411690700177e-09,1.4949866589233583e-09,1.0250576262551705e-06
0.0021521081101213,7.704369109947592e-12,-3.705124574652314e-09,1.3547366678551468e-09,1.1531977282135138e-06
0.002202207262338,6.882899840193682e-11,-3.0161741135821373e-09,1.3915443619470737e-09,8.82122434675328e-07
0.0022522344121596,3.129809842463437e-11,-7.307929057171235e-10,1.6802285548818831e-09,4.607577434213909e-07
0.0023022830905896,4.59754186802054e-12,9.672373927967459e-10,1.9290334813493935e-09,6.439442199296191e-07
0.0023523751581949,1.0338381252989659e-10,1.302954592327927e-09,1.958065690445094e-09,7.627671055212968e-07
0.0024023901715803,2.3114216682269862e-10,1.1593884003217416e-09,1.878185022114918e-09,7.436758553186315e-07
0.0024524405157608,3.842463881253127e-10,9.020330957995312e-10,1.658261035290015e-09,6.425338110003581e-07
0.0025024593198307,5.325988243795126e-10,1.014739062936701e-09,1.3185183247675736e-09,5.512345804081632e-07
0.0025525521128203,6.63730691875002e-10,9.224964403434856e-10,1.0778788119181362e-09,4.832449351896627e-07
0.0026026255287607,7.958250735039928e-10,4.68493913467556e-10,9.685964000670054e-10,4.3887601015877003e-07
0.0026526524509149,9.269755725952762e-10,4.462332219082973e-11,8.516334482205643e-10,4.2331668102536306e-07
0.0027026654467385,1.0524393745415177e-09,-3.7147276770083054e-10,7.38220619448482e-10,4.339618074670954e-07
0.0027527557066789,1.1825682065286556e-09,-7.452447781732338e-10,6.183602095242327e-10,4.6882057967938233e-07
0.0028028077764924,1.3894691485908636e-09,-7.349437594734502e-10,3.92241596711411e-10,4.993402176218624e-07
0.0028528532185959,1.5730594666741308e-09,-7.50710010873716e-10,1.9650644591419436e-10,5.40397187081798e-07
0.0029028897776273,1.6772439399585573e-09,-1.08999184388235e-09,1.0089193065239708e-10,6.00452293167137e-07
0.0029529517954999,1.6608419473945978e-09,-9.610669752195984e-10,9.125396834774036e-11,5.734151665536271e-07
0.0030030279739447,1.6478842433895975e-09,-9.104987305886096e-10,9.038149371565449e-11,5.609725689757673e-07
0.0030530943764302,1.759966832898752e-09,-1.3177902620942792e-09,-1.506816998530167e-11,6.440736224848112e-07
0.0031031525626022,1.8583756561501176e-09,-1.6593102436112666e-09,-1.2190720368212096e-10,7.308475820278305e-07
0.0031532333161749,2.0080818157701327e-09,-1.1810925831745277e-09,-3.678974203847193e-10,6.68757044809385e-07
0.0032032955006502,2.247413653326356e-09,2.939284132130776e-10,-8.065021015871046e-10,6.476332141901665e-07
0.0032533132692634,2.415125266281355e-09,9.244982861172354e-10,-1.0851395481948616e-09,7.659842294316205e-07
0.003303409487054,2.4827398698722073e-09,4.843275055657333e-10,-1.165973734312339e-09,7.582118872511135e-07
0.0033534220315218,2.5322851036379133e-09,7.355948245753027e-11,-1.2400417613943146e-09,7.698443924537667e-07
0.0034034460305742,2.516300718147811e-09,-1.55790572863689e-11,-1.255581383005997e-09,7.572902381992162e-07
0.0034534871368025,2.471697927232591e-09,-1.8627703583385066e-11,-1.2430274248368304e-09,7.304439397999062e-07
0.0035035014090871,2.4780013167543195e-09,-3.391277837539268e-10,-1.2952778185924925e-09,7.465805172931434e-07
0.0035535049292792,2.486805243967571e-09,-7.41894201041684e-10,-1.3624085075539145e-09,7.89607617351142e-07
0.0036035275766363,2.490090932914979e-09,-8.995377563364902e-10,-1.3582776063656419e-09,8.156775456830926e-07
0.0036535600523864,2.5312527188726906e-09,-3.3776244509063466e-10,-1.1454157411824018e-09,7.910705959956643e-07
0.0037036158099525,2.562382996649741e-09,7.135345688791614e-11,-9.689001174034287e-10,8.118010855496212e-07
0.0037537146789822,2.5853997849155134e-09,-5.4606282653054174e-11,-9.918588070806612e-10,8.330920636414601e-07
0.0038038075947356,2.5854980466173107e-09,-1.7719069936364675e-10,-1.0141674297940566e-09,8.418409489835424e-07
0.003853811140231,2.5505412750599087e-09,-2.722538348433015e-10,-1.0520500543149363e-09,8.210459260756665e-07
0.0039038366741326,2.4922367137293034e-09,-3.082526513042422e-10,-1.0726333568492909e-09,7.821721894099962e-07
0.0039538837092744,2.4446949645655203e-09,-1.2741298186633548e-10,-1.0282398045316586e-09,7.323823339256229e-07
0.004003923260692,2.3715255801710714e-09,-9.058592462752661e-11,-9.811700137707993e-10,6.892548489324758e-07
0.0040539698108362,2.150198546118984e-09,-8.691733435835658e-11,-7.151591127882807e-10,5.954350716450897e-07
0.004104016326053,1.8437083969915252e-09,8.38415533148846e-11,-2.919037922205228e-10,4.877160265429614e-07
0.0041540452037453,1.5041009244099664e-09,3.9359647187514613e-10,1.9141471193050012e-10,4.0732983994583514e-07
0.0042041153601595,1.2208135068885564e-09,4.959229130111601e-10,5.288429100707073e-10,3.6982545607319445e-07
0.0042541698574601,1.1471770398468442e-09,8.196748121514582e-11,4.321843559788259e-10,3.3726924665949087e-07
0.0043042169803181,1.0817632342814386e-09,-3.408905556990145e-10,3.149880641978353e-10,3.288538898074848e-07
0.0043542763341665,1.0108901335031425e-09,-7.452793896897407e-10,2.0247972846197756e-10,3.420031165576816e-07
0.0044043313726494,9.328047465680245e-10,-1.1284869020385766e-09,9.949297679651258e-11,3.735305667893786e-07
0.0044543786212899,8.433994652165874e-10,-1.450500304683556e-09,3.153585306697328e-11,4.1236611273667394e-07
0.0045044097103207,7.021727074550684e-10,-1.1578900331559039e-09,2.9789702048429407e-10,3.4473484961127134e-07
0.0045544148025253,4.98589504441477e-10,-5.024529364172063e-10,8.244284322692329e-10,2.931514474992494e-07
0.0046045154370079,2.8830097962674043e-10,-3.527758031209715e-10,1.0970475212956165e-09,3.00151024806854e-07
0.0046546145032902,1.247969173403586e-10,-5.970968823972156e-10,1.1106386156703368e-09,2.986582919868419e-07
0.0047046188573892,-1.7245654706306885e-11,-8.293049650198919e-10,1.1205301288012683e-09,3.106309008574878e-07
0.0047546868975756,-1.1521425882472603e-10,-8.309000631356344e-10,1.1862041258591815e-09,3.118788081719727e-07
0.0048047322859521,-1.2953527738798574e-10,-7.422146951013351e-10,1.2230711356458446e-09,3.046822995109082e-07
0.0048548207220998,-1.4826846781439457e-10,-8.266030346263057e-10,1.1988109497890276e-09,3.074845479652438e-07
0.0049048488844219,-9.787623041480379e-11,-5.065992625566795e-10,1.2107027032745049e-09,2.660197506285115e-07
0.0049548688735544,-8.558208398009505e-11,-2.620810305743507e-10,1.2426738310752745e-09,2.464965984577501e-07
0.0050048973879829,-9.727875512132983e-11,-3.6012413236854916e-10,1.2475255639723351e-09,2.5847350785366466e-07
0.0050549968483436,-1.011749085351883e-10,-4.156959007012056e-10,1.2686605710615491e-09,2.7336295335115966e-07
0.0051050080982388,-1.5183728107986125e-10,-7.188130213201743e-10,1.2229877761960162e-09,2.9175424747026036e-07
0.0051550326798883,-1.56319765232624e-10,-6.995599131998978e-10,1.2323388653087887e-09,2.9150907893927434e-07
0.0052050345360708,-1.7056259897246937e-10,-3.3743726060779776e-10,1.2885039774218964e-09,2.5753031915380366e-07
0.0052551360077606,-2.3567271516271105e-10,-3.7213136552121417e-10,1.2741626043631144e-09,2.425470793394219e-07
0.0053052363844893,-2.677787912913231e-10,-6.450501955342813e-10,1.2386708207683548e-09,2.599416800483274e-07
0.0053552371315691,-2.5279248624287994e-10,-3.998945974812043e-10,1.2986758161833265e-09,2.5326080602151574e-07
0.0054052493270959,-2.7159064700277313e-10,-2.9084515642298786e-10,1.3405128693042612e-09,2.53627516022725e-07
0.0054553064712262,-3.2539879790589903e-10,-5.105250479078698e-10,1.300147838803246e-09,2.5328428348461055e-07
0.0055054044512226,-3.510785132473963e-10,-5.179947176617629e-10,1.3108443682927418e-09,2.540145134845545e-07
0.0055554439142104,-3.316509126214478e-10,-4.6450225730747663e-10,1.3614223770936996e-09,2.7084563709870557e-07
0.005605533525738,-3.5342024805283466e-10,-3.4635758338194123e-10,1.4055214273829867e-09,2.721847504845552e-07
0.0056555485542191,-4.2191692168107524e-10,-3.5251651081781693e-10,1.4117799884030174e-09,2.6380299454463125e-07
0.0057056055200039,-4.796504597618618e-10,-3.8181740721958904e-10,1.417988511151464e-09,2.60746171931252e-07
0.0057556378513318,-5.4006742466942e-10,-3.8820260793552057e-10,1.431331422581827e-09,2.5855965240687065e-07
0.0058056683436441,-5.965105453411789e-10,-4.148647416872499e-10,1.4425919499742346e-09,2.59000159661592e-07
0.0058556898896192,-6.538809191085403e-10,-4.1693326676753814e-10,1.4617963319334243e-09,2.6073872250161875e-07
0.0059057648744936,-7.085934713292094e-10,-4.452380980452286e-10,1.4816615766632047e-09,2.6607745468747136e-07
0.0059558191146161,-7.646944704594134e-10,-4.5143692995821344e-10,1.5103147058105105e-09,2.7327566425241853e-07
0.0060059071472784,-8.157656886260651e-10,-4.725433040405183e-10,1.5352446946516607e-09,2.813091859072565e-07
0.0060559246364203,-8.317251761909197e-10,-4.1933345974097557e-10,1.5310414352503479e-09,2.7495219829357573e-07
0.0061059644418163,-6.412124701767762e-10,6.40938391487594e-11,1.3325926769680743e-09,1.979334705988017e-07
0.0061560371921393,-4.663301841832314e-10,3.8893851788107106e-10,1.1404999294465097e-09,1.556154664265199e-07
0.0062061364650504,-4.928684836654669e-10,2.2184954072116504e-10,1.1356392683325758e-09,1.473665357120359e-07
0.0062562107430354,-5.254932089323518e-10,8.939345517830262e-11,1.1413051075415193e-09,1.4540012219701188e-07
0.0063062843811492,-4.542527319964012e-10,1.702637147476837e-10,1.0414693208582352e-09,1.2350631412496195e-07
0.0063563324881912,-3.254455253484287e-10,3.17352950256562e-10,8.800696621335544e-10,9.603876666929048e-08
0.0064063643987452,-2.579458882092366e-10,1.3873330677540627e-10,7.918083569132454e-10,7.640433575581744e-08
0.0064564201743283,-1.505629485611213e-10,7.483143134109732e-11,6.747663621251722e-10,6.027556995457095e-08
0.0065064838485081,4.016039008786307e-12,2.1821467818473703e-10,5.10895166556417e-10,4.709313296218831e-08
0.0065565362437691,7.188206265208942e-11,8.490303597284888e-11,4.3067682943197424e-10,3.863942671752771e-08
0.0066065606354992,1.602766659600194e-10,5.2532914379516967e-11,3.1622137048898826e-10,3.1464410705519015e-08
0.0066566605583583,2.5839691154831796e-10,5.6729553897204445e-11,1.884499631254791e-10,2.7102814568605817e-08
0.0067067495700151,2.833088879139002e-10,-2.4341857670627646e-10,1.5002010317513435e-10,3.0119021997584474e-08
0.006756825624657,3.769218452002472e-10,-2.935840849061853e-10,6.108246253605536e-11,3.517891395701744e-08
0.0068069157518156,5.145643605227171e-10,-1.6411994643626566e-10,-6.820902238237546e-11,3.9852967283803986e-08
0.0068570203722817,6.361291100695434e-10,-7.829210120595197e-11,-1.9273121446873245e-10,4.9320166388329336e-08
0.0069070400719188,6.910625155624528e-10,-2.1509682311498053e-10,-2.608860039357316e-10,5.8108456327253244e-08
0.0069570747824441,6.826955808925854e-10,-5.759336328341632e-10,-2.6595357140596186e-10,7.647756917107457e-08
0.007007103524389,7.871064848667242e-10,-5.423358693677685e-10,-3.542988168016535e-10,8.878798589510626e-08
0.0070571096087416,9.494708130280408e-10,-3.2769232904651524e-10,-4.804615696438205e-10,1.0408872723353859e-07
0.0071072020376141,9.779599361096256e-10,-4.4228048918855614e-10,-5.091069950949084e-10,1.1614655494897904e-07
0.0071573039562878,8.884501003597254e-10,-2.908924428479448e-10,-4.1836753496399645e-10,9.131607298865055e-08
0.0072073402487189,8.093140055459577e-10,9.319567205566544e-11,-3.3934788691804703e-10,7.099079498198785e-08
0.0072573833138883,7.817462267839146e-10,7.4887732584551e-11,-3.794392528834654e-10,6.445616460166744e-08
0.0073074330706762,7.619332549373116e-10,-1.3927936535185244e-10,-4.5445654049341504e-10,6.243430383528593e-08
0.0073575134533803,7.367898311236305e-10,-3.571069330514251e-10,-5.191752596694964e-10,6.773162571086276e-08
0.0074075939023846,7.10803565788037e-10,-5.083485536081043e-10,-5.699594217013954e-10,7.522869409491428e-08
0.0074575994872702,6.688626462698909e-10,-3.534723272331222e-10,-5.169872483835983e-10,5.846852147980272e-08
0.0075076980011471,6.106975763789394e-10,9.99463191998969e-12,-3.416238436163346e-10,3.829404802410344e-08
0.0075577929935895,5.636521144184995e-10,1.921672863581038e-10,-1.6861416740443423e-10,3.755314253419363e-08
0.0076078967870216,5.109695861062623e-10,1.09245541143486e-11,-9.753928089556379e-11,3.361609150862873e-08
0.0076579834297126,4.435492986218214e-10,-2.873129145234844e-10,-5.672036730325422e-11,3.5940373792927877e-08
0.0077080523544498,3.91705790494391e-10,-3.2452476572924053e-10,5.552757764437303e-11,4.090707070778343e-08
0.0077581162036256,3.379812244962014e-10,-1.5794921442151556e-10,2.0088114158496601e-10,4.3047221583677555e-08
0.0078081796716677,2.655003284272868e-10,-9.260292031399394e-11,3.1172127145738657e-10,4.6805459782484105e-08
0.0078582543250911,2.0372628108142261e-10,-1.946945888041997e-10,3.944254724002089e-10,5.57447327088484e-08
0.0079083132318852,1.4634933293066333e-10,-3.0550840565157006e-10,4.860373334787588e-10,7.084988147448858e-08
0.0079583680334879,4.2646582966291415e-11,-3.511673178890816e-10,5.633978469893979e-10,7.51716991091899e-08
0.0080084090703027,-1.0481028977965392e-10,-5.987086234933061e-11,6.607880632680739e-10,6.534753991814894e-08
0.0080584710572954,-1.211631936591052e-10,1.8161793043378294e-10,6.97573660634227e-10,6.950055988208149e-08
0.0081085370741921,-3.632090754894154e-11,7.842766915142322e-11,6.480519956370993e-10,6.771158139410485e-08
0.0081585849999153,-9.812082444655043e-11,2.9350263991697825e-11,6.445947649429253e-10,6.082429689031651e-08
0.0082086186886212,-1.6824401595289126e-10,1.1722939981332719e-10,6.438061493001859e-10,5.446202981768535e-08
0.0082586475953655,-1.1450766333453768e-10,1.533045060603546e-10,5.965735576221827e-10,5.005094699603839e-08
0.0083087070558124,-7.311415216636328e-11,1.1205586060182335e-10,5.634106366953284e-10,4.728180391226365e-08
