time_s,driver_arc_mm,robot_arc_mm,Vt_mm_s
1.0559219828036989e-07,18.899961259553187,13.799960625932426,0.007870498024483816
5.015628862084707e-05,18.900261563731725,13.799960625932426,0.007870930185881914
0.000100206989992,18.900561867939956,13.799960625932426,0.007871021004618292
0.0001502577269247,18.900862172361546,13.799960625932426,0.00786993430960363
0.000200308580721,18.901162477484323,13.799960625932426,0.007866349967890832
0.0002503596989157,18.90146278419349,13.799960625932426,0.007858526197254688
0.0003004113136386,18.90176309388183,13.799960625932426,0.0078444197773248
0.000350477280062,18.902063489680373,13.799960625932426,0.007821691399572119
0.0004005361721594,18.902363843032955,13.799960625932426,0.007788316272159287
0.0004505813917176,18.902664114350305,13.799960625932426,0.007741299275910019
0.0005006356514485,18.90296443990869,13.799960625932426,0.00767733102677257
0.000550710844313,18.90326489106588,13.799960625932426,0.007593257361849208
0.0006007740519203,18.90356527031152,13.799960625932426,0.007486049900706311
0.0006508473302589,18.903865709981552,13.799960625932426,0.00735251942317943
0.0007008878413533,18.90416595304812,13.799960625932426,0.007189567354032836
0.0007509176922431,18.90446613215346,13.799960625932426,0.006994228122591046
0.0008009449868587,18.90476629592115,13.799960625932426,0.0067639579016872155
0.0008509499313928,18.905066325588358,13.799960625932426,0.006496683523382987
0.0009010537638115,18.905366948582863,13.799960625932426,0.006189234251210029
0.0009511388488795,18.90566745909328,13.799960625932426,0.005841146408740175
0.0010011585405064,18.90596757724304,13.799960625932426,0.005452546234657835
0.0010511974063042,18.906267810437825,13.799960625932426,0.00502128481192875
0.0011012138339298,18.906567909003577,13.799960625932426,0.0045466185112841605
0.0011512181130042,18.906867934678026,13.799960625932426,0.004029227743561569
0.0012012221204231,18.90716795872254,13.799960625932426,0.003785738138052277
0.0012512380246417,18.90746805414785,13.799960625932426,0.003863555696294365
0.0013012654661161,18.907768218796697,13.799960625932426,0.0038911443586564422
0.0013513004970717,18.90806842898243,13.799960625932426,0.0038702191203068095
0.0014013101422808,18.90836848685368,13.799960625932426,0.0038012846689017008
0.0014513747229041,18.908668874337422,13.799960625932426,0.003684497596181884
0.0015014114284795,18.908969094570875,13.799960625932426,0.0037280163966127403
0.0015514806097821,18.90926950965869,13.799960625932426,0.0041573198104625005
0.0016015720888769,18.90957005853326,13.799960625932426,0.0045282133433412535
0.0016516591593647,18.909870580956188,13.799960625932426,0.004842496153275712
0.001701663181973,18.910170605091835,13.799960625932426,0.005103658646034693
0.0017516798592414,18.910470705155447,13.799960625932426,0.00531294858051554
0.0018017822759377,18.910771319655627,13.799960625932426,0.005469384777382436
0.0018518858614846,18.911071941168903,13.699960625932428,0.005683916166392477
0.0019019024339366,18.91137204060362,13.699960625932428,0.005741005355559567
0.0019519357834778,18.911672240700867,13.699960625932428,0.00574693534158637
0.0020019408205854,18.91197227092351,13.699960625932428,0.005704028649159722
0.0020519497468002,18.9122723244808,13.699960625932428,0.0056108063441902755
0.0021020288544886,18.91257279912693,13.699960625932428,0.005473200987088568
0.0021521081101213,18.91287327466073,13.699960625932428,0.0052843552823573095
0.002202207262338,18.913173869574027,13.699960625932428,0.005046420338608808
0.0022522344121596,18.913474032472955,13.699960625932428,0.004967220774702952
0.0023022830905896,18.91377432454353,13.699960625932428,0.005137515976430923
0.0023523751581949,18.91407487694917,13.599960625932429,0.005456763923223371
0.0024023901715803,18.91437496702948,13.599960625932429,0.005679306715506946
0.0024524405157608,18.914675269094563,13.599960625932429,0.005845716808766816
0.0025024593198307,18.914975381918985,13.599960625932429,0.005983875621538324
0.0025525521128203,18.91527593867692,13.599960625932429,0.0061127893773051875
0.0026026255287607,18.915576379172563,13.599960625932429,0.006188994620583951
0.0026526524509149,18.91587654070549,13.599960625932429,0.006217093434664348
0.0027026654467385,18.91617661868043,13.599960625932429,0.0061963963051354645
0.0027527557066789,18.916477160240078,13.599960625932429,0.006129060199767287
0.0028028077764924,18.916777472658957,13.499960625932426,0.006129386446028567
0.0028528532185959,18.917077745311573,13.499960625932426,0.006013972238531335
0.0029028897776273,18.91737796466576,13.499960625932426,0.005850249979813667
0.0029529517954999,18.917678336773,13.499960625932426,0.005652058588032799
0.0030030279739447,18.917978793843663,13.499960625932426,0.005512586752295389
0.0030530943764302,18.91827919225858,13.499960625932426,0.005322222177980927
0.0031031525626022,18.91857954137561,13.499960625932426,0.005085811843007294
0.0031532333161749,18.91888002589705,13.499960625932426,0.004804192344064636
0.0032032955006502,18.9191803990039,13.400000000000022,0.0046947798725527345
0.0032533132692634,18.919480505615574,13.400000000000022,0.004588145153168704
0.003303409487054,18.919781082922324,13.400000000000022,0.004432794324664342
0.0033534220315218,18.92008115818913,13.400000000000022,0.0042331691415846565
0.0034034460305742,18.920381302183443,13.400000000000022,0.003988191894485828
0.0034534871368025,18.920681548820813,13.400000000000022,0.0037792206998870535
0.0035035014090871,18.92098163445452,13.400000000000022,0.0035451347938741493
0.0035535049292792,18.92128165557568,13.30000000000002,0.003327015929629124
0.0036035275766363,18.92158179145982,13.30000000000002,0.0030054274717267277
0.0036535600523864,18.92188198631432,13.30000000000002,0.002700466549574568
0.0037036158099525,18.922182320859715,13.30000000000002,0.002508651802015483
0.0037537146789822,18.922482914073893,13.30000000000002,0.002297076309308501
0.0038038075947356,18.92278347156841,13.30000000000002,0.002080689671825833
0.003853811140231,18.923083492841386,13.30000000000002,0.0018426378164687009
0.0039038366741326,18.923383646044798,13.20000000000002,0.0016424290827160818
0.0039538837092744,18.923683928255645,13.20000000000002,0.0014011151170058244
0.004003923260692,18.92398416556415,13.20000000000002,0.0012141038814257776
0.0040539698108362,18.924284444865016,13.20000000000002,0.0009828311763093068
0.004104016326053,18.92458472395632,13.20000000000002,0.0008759889927835206
0.0041540452037453,18.92488489722247,13.20000000000002,0.0007847954723003585
0.0042041153601595,18.92518531816096,13.10000000000002,0.0008584303463814688
0.0042541698574601,18.92548564514476,13.10000000000002,0.0008761235723866853
0.0043042169803181,18.925785927881908,13.10000000000002,0.0008492311990459624
0.0043542763341665,18.926086284005,13.10000000000002,0.0007786495638990466
0.0044043313726494,18.92638661423589,13.10000000000002,0.000667462739199238
0.0044543786212899,18.926686897727738,13.10000000000002,0.0005185768487425081
0.0045044097103207,18.926987084261924,13.10000000000002,0.0003312297920338701
0.0045544148025253,18.92728711481515,13.00000000000002,0.0003147375103853556
0.0046045154370079,18.927587718622046,13.00000000000002,0.0003653729565266522
0.0046546145032902,18.92788831301974,13.00000000000002,0.00042590578233040496
0.0047046188573892,18.92818833914433,13.00000000000002,0.0004502656542063438
0.0047546868975756,18.92848874738545,13.00000000000002,0.00047840563654142997
0.0048047322859521,18.928789019715712,13.00000000000002,0.0005304764087900851
0.0048548207220998,18.9290895503326,12.90000000000002,0.0005902945887297283
0.0049048488844219,18.92938971930653,12.90000000000002,0.0006173835368522398
0.0049548688735544,18.929689839241327,12.90000000000002,0.0007270570374427398
0.0050048973879829,18.92999001032789,12.90000000000002,0.0007945753327826236
0.0050549968483436,18.93029060709006,12.90000000000002,0.0008928267618872831
0.0051050080982388,18.930590674589432,12.80000000000002,0.0009736933002380884
0.0051550326798883,18.93089082207933,12.80000000000002,0.0009982186711244806
0.0052050345360708,18.931190833216423,12.80000000000002,0.0010773651749306063
0.0052551360077606,18.931491442046564,12.80000000000002,0.0011871548060588752
0.0053052363844893,18.93179204430693,12.80000000000002,0.0012525361519690305
0.0053552371315691,18.93209204878941,12.80000000000002,0.0013073115263899015
0.0054052493270959,18.93239212196257,12.70000000000002,0.001453689558860769
0.0054553064712262,18.932692464827355,12.70000000000002,0.0015317191018370056
0.0055054044512226,18.93299305270733,12.70000000000002,0.0016130257240977491
0.0055554439142104,18.933293289485263,12.70000000000002,0.00169941764441858
0.005605533525738,18.93359382715443,12.70000000000002,0.0017919869868992639
0.0056555485542191,18.933893917325317,12.70000000000002,0.0019095939128037163
0.0057056055200039,18.934194259120023,12.60000000000002,0.002038916058826728
0.0057556378513318,18.93449445310799,12.60000000000002,0.0021585991565889525
0.0058056683436441,18.934794636061863,12.60000000000002,0.0022676939688266
0.0058556898896192,18.935094765337716,12.60000000000002,0.0023864782271757327
0.0059057648744936,18.93539521524696,12.60000000000002,0.002503871706837821
0.0059558191146161,18.935695540687696,12.500000000000018,0.0026650262254841613
0.0060059071472784,18.935996068883668,12.500000000000018,0.00279260976404146
0.0060559246364203,18.93629617381852,12.500000000000018,0.0029215271063464414
0.0061059644418163,18.936596412650896,12.500000000000018,0.0030582020677922092
0.0061560371921393,18.936896849152838,12.500000000000018,0.0032308100303426964
0.0062061364650504,18.9371974447903,12.500000000000018,0.0033801651520279055
0.0062562107430354,18.93749789045821,12.400000000000018,0.0035686073816633464
0.0063062843811492,18.937798332286896,12.400000000000018,0.0036940632046373336
0.0063563324881912,18.938098620929143,12.400000000000018,0.0038305192047423885
0.0064063643987452,18.93839881239247,12.400000000000018,0.003944336652835324
0.0064564201743283,18.93869914704597,12.400000000000018,0.004009608023360739
0.0065064838485081,18.93899952909105,12.300000000000018,0.00414365981302689
0.0065565362437691,18.939299843462614,12.300000000000018,0.0041982418172776675
0.0066065606354992,18.939599989812997,12.300000000000018,0.004209408104132711
0.0066566605583583,18.93990058935015,12.300000000000018,0.0042340920485298885
0.0067067495700151,18.94020112342009,12.300000000000018,0.004218458159903
0.006756825624657,18.94050157974794,12.300000000000018,0.004157179048088458
0.0068069157518156,18.94080212051089,12.20000000000002,0.004171110927616995
0.0068570203722817,18.94110274823369,12.20000000000002,0.004101466003140577
0.0069070400719188,18.941402866431517,12.20000000000002,0.00403100455942859
0.0069570747824441,18.941703074694665,12.20000000000002,0.003914013036932573
0.007007103524389,18.94200324714633,12.20000000000002,0.003761170680839533
0.0070571096087416,18.94230328365245,12.20000000000002,0.003627444429371271
0.0071072020376141,18.942603838225683,12.10000000000002,0.003530526048709825
0.0071573039562878,18.942904449737725,12.10000000000002,0.0033355305938325324
0.0072073402487189,18.943204667492317,12.10000000000002,0.003268390280811493
0.0072573833138883,18.943504925883328,12.10000000000002,0.003199159237547703
0.0073074330706762,18.943805224424057,12.10000000000002,0.003105726113519713
0.0073575134533803,18.94410570672028,12.000000000000018,0.003026314288079676
0.0074075939023846,18.944406189414305,12.000000000000018,0.002876176094180632
0.0074575994872702,18.94470622292362,12.000000000000018,0.002701017677859541
0.0075076980011471,18.94500681400688,12.000000000000018,0.0026080819406949216
0.0075577929935895,18.94530738396153,12.000000000000018,0.0025696755301725088
0.0076078967870216,18.94560800672213,12.000000000000018,0.0025444964206284637
0.0076579834297126,18.945908526578275,11.900000000000018,0.002510285341853417
0.0077080523544498,18.9462089401267,11.900000000000018,0.0024402976909657812
0.0077581162036256,18.946509323221758,11.900000000000018,0.0023779920323782093
0.0078081796716677,18.94680970403001,11.900000000000018,0.002388789395100072
0.0078582543250911,18.947110151950547,11.900000000000018,0.002379505544050361
0.0079083132318852,18.94741050539131,11.900000000000018,0.0023827280956799494
0.0079583680334879,18.94771083420093,11.800000000000017,0.0024052102659552566
0.0080084090703027,18.94801108042181,11.800000000000017,0.0024268172254503346
0.0080584710572954,18.94831145234377,11.800000000000017,0.002525207723351921
0.0081085370741921,18.94861184844515,11.800000000000017,0.0026068111694850303
0.0081585849999153,18.94891213599949,11.800000000000017,0.0026529794943147443
0.0082086186886212,18.949212338131726,11.800000000000017,0.0027355879172719197
0.0082586475953655,18.94951251157219,11.800000000000017,0.0028245951520994143
0.0083087070558124,18.949812868334877,11.700000000000015,0.0029310962746112103
