t_s,driver_arc_mm,robot_arc_mm,delta_s_mm,tangent_driver_x,tangent_driver_y,tangent_driver_z,tangent_robot_x,tangent_robot_y,tangent_robot_z,moment_x_Am2,moment_y_Am2,moment_z_Am2,telemetry_ft_N,G6_minus_ft_N,G6_minus_fnorm_N,G6_minus_fx_N,G6_minus_fy_N,G6_minus_fz_N,G6_plus_ft_N,G6_plus_fnorm_N,G6_plus_fx_N,G6_plus_fy_N,G6_plus_fz_N,G3_minus_ft_N,G3_minus_fnorm_N,G3_minus_fx_N,G3_minus_fy_N,G3_minus_fz_N,G3_plus_ft_N,G3_plus_fnorm_N,G3_plus_fx_N,G3_plus_fy_N,G3_plus_fz_N
1.0559219828036989e-07,18.899961259553187,13.799960625932426,-5.100000633620761,-0.6404751879260874,-0.684487486076553,0.3482361484045616,-0.9796095245582824,0.04387010361004848,-0.1960627282375192,0.0011271580256332317,-0.00012866037863976375,0.0002778224112969793,3.935249012241908e-06,-3.093637676877352e-13,5.846860294749703e-13,5.727640033498456e-13,-2.565023669241481e-14,1.1463513810122525e-13,3.093637676877352e-13,5.846860294749703e-13,-5.727640033498456e-13,2.565023669241481e-14,-1.1463513810122525e-13,-1.546818838438676e-13,2.9234301473748515e-13,2.863820016749228e-13,-1.2825118346207405e-14,5.731756905061263e-14,1.546818838438676e-13,2.9234301473748515e-13,-2.863820016749228e-13,1.2825118346207405e-14,-5.731756905061263e-14
0.00010020699266294422,18.900561867955975,13.799960625932426,-5.100601242023549,-0.6403843955711224,-0.684545014889973,0.34829003502583167,-0.9796095245582824,0.04387010361004848,-0.1960627282375192,0.001127149479779817,-0.00012867764174791696,0.0002778490862793739,3.935505675521876e-06,-2.5999848543523873e-07,4.914822536743991e-07,4.814606968508114e-07,-2.156137739119602e-08,9.636135153572719e-08,2.5999848543523873e-07,4.914822536743991e-07,-4.814606968508114e-07,2.156137739119602e-08,-9.636135153572719e-08,-1.2999924271761937e-07,2.4574112683719957e-07,2.407303484254057e-07,-1.078068869559801e-08,4.8180675767863595e-08,1.2999924271761937e-07,2.4574112683719957e-07,-2.407303484254057e-07,1.078068869559801e-08,-4.8180675767863595e-08
0.00020030866516755716,18.901162477991004,13.799960625932426,-5.101201852058578,-0.6402935937609947,-0.6846025339322325,0.3483439167291383,-0.9796095245582824,0.04387010361004848,-0.1960627282375192,0.0011270273007034349,-0.00012892198642648977,0.00027823117166302173,3.933102532317276e-06,-9.64505342061423e-07,1.8235825901729382e-06,1.7863988741520734e-06,-8.000075717236739e-08,3.5753657779574815e-07,9.64505342061423e-07,1.8235825901729382e-06,-1.7863988741520734e-06,8.000075717236739e-08,-3.5753657779574815e-07,-4.822526710307115e-07,9.117912950864691e-07,8.931994370760367e-07,-4.0000378586183694e-08,1.7876828889787408e-07,4.822526710307115e-07,9.117912950864691e-07,-8.931994370760367e-07,4.0000378586183694e-08,-1.7876828889787408e-07
0.0003004117894209187,18.901763096736524,13.799960625932426,-5.101802470804097,-0.6402027814293119,-0.6846600438784647,0.3483977941470234,-0.9796095245582824,0.04387010361004848,-0.1960627282375192,0.0011265244864736485,-0.0001299136403869986,0.0002798017644988691,3.921862842584014e-06,-2.001912546619402e-06,3.7857305691803916e-06,3.7085377229805596e-06,-1.6608039230967157e-07,7.42240663765684e-07,2.001912546619402e-06,3.7857305691803916e-06,-3.7085377229805596e-06,1.6608039230967157e-07,-7.42240663765684e-07,-1.000956273309701e-06,1.8928652845901958e-06,1.8542688614902798e-06,-8.304019615483579e-08,3.71120331882842e-07,1.000956273309701e-06,1.8928652845901958e-06,-1.8542688614902798e-06,8.304019615483579e-08,-3.71120331882842e-07
0.00040041303980458483,18.902363104238827,13.799960625932426,-5.1024024783064,-0.640112052329606,-0.6847174853798438,0.34845161167295974,-0.9796095245582824,0.04387010361004848,-0.1960627282375192,0.001125243725717963,-0.000132385941213872,0.0002837684272453066,3.892888920999528e-06,-3.2587734214699822e-06,6.1637143509909825e-06,6.038033284887339e-06,-2.704027872007171e-07,1.2084746517320419e-06,3.2587734214699822e-06,6.1637143509909825e-06,-6.038033284887339e-06,2.704027872007171e-07,-1.2084746517320419e-06,-1.6293867107349911e-06,3.0818571754954913e-06,3.0190166424436693e-06,-1.3520139360035855e-07,6.042373258660209e-07,1.6293867107349911e-06,3.0818571754954913e-06,-3.0190166424436693e-06,1.3520139360035855e-07,-6.042373258660209e-07
0.000500432467347574,18.902963220804082,13.799960625932426,-5.103002594871656,-0.6400212975575009,-0.6847749274046007,0.3485054339186649,-0.9796095245582824,0.04387010361004848,-0.1960627282375192,0.0011226939728258324,-0.00013710201981153555,0.0002915223482756459,3.836193188040628e-06,-4.623706135199766e-06,8.747064674491729e-06,8.568707867059392e-06,-3.837346335537472e-07,1.7149733641508763e-06,4.623706135199766e-06,8.747064674491729e-06,-8.568707867059392e-06,3.837346335537472e-07,-1.7149733641508763e-06,-2.311853067599883e-06,4.3735323372458645e-06,4.284353933529696e-06,-1.918673167768736e-07,8.574866820754381e-07,2.311853067599883e-06,4.3735323372458645e-06,-4.284353933529696e-06,1.918673167768736e-07,-8.574866820754381e-07
0.0006004567512663176,18.903563366507598,13.799960625932426,-5.103602740575171,-0.6399305292006698,-0.6848323622965999,0.34855925371191765,-0.9796095245582824,0.04387010361004848,-0.1960627282375192,0.0011181754903826075,-0.00014503971219563926,0.0003047475259847424,3.7389017307970534e-06,-5.982521802078844e-06,1.1319837829920633e-05,1.1089020954645412e-05,-4.966024584475645e-07,2.2193982881405185e-06,5.982521802078844e-06,1.1319837829920633e-05,-1.1089020954645412e-05,4.966024584475645e-07,-2.2193982881405185e-06,-2.991260901039422e-06,5.659918914960316e-06,5.544510477322706e-06,-2.4830122922378227e-07,1.1096991440702593e-06,2.991260901039422e-06,5.659918914960316e-06,-5.544510477322706e-06,2.4830122922378227e-07,-1.1096991440702593e-06
0.0007004764433289014,18.90416348465997,13.799960625932426,-5.104202858727545,-0.6398397558369494,-0.6848897846280707,0.3486130659665926,-0.9796095245582824,0.04387010361004848,-0.1960627282375192,0.0011108233287362799,-0.0001570833389772038,0.00032499285676922796,3.5881955110206195e-06,-7.218903881092252e-06,1.3661896618261508e-05,1.3383324050779563e-05,-5.993488201529033e-07,2.6785887238752886e-06,7.218903881092252e-06,1.3661896618261508e-05,-1.3383324050779563e-05,5.993488201529033e-07,-2.6785887238752886e-06,-3.609451940546126e-06,6.830948309130754e-06,6.691662025389781e-06,-2.9967441007645165e-07,1.3392943619376443e-06,3.609451940546126e-06,6.830948309130754e-06,-6.691662025389781e-06,2.9967441007645165e-07,-1.3392943619376443e-06
0.0008005249015240828,18.904763775409144,13.799960625932426,-5.104803149476718,-0.6397489471927572,-0.6849472135441121,0.3486668886256841,-0.9796095245582824,0.04387010361004848,-0.1960627282375192,0.00109954178168819,-0.00017392161903071179,0.00035352954721733963,3.371908366595114e-06,-8.214282659747594e-06,1.5548669962874187e-05,1.523162518984483e-05,-6.821217622697393e-07,3.04851465338588e-06,8.214282659747594e-06,1.5548669962874187e-05,-1.523162518984483e-05,6.821217622697393e-07,-3.04851465338588e-06,-4.107141329873797e-06,7.774334981437094e-06,7.615812594922415e-06,-3.4106088113486965e-07,1.52425732669294e-06,4.107141329873797e-06,7.774334981437094e-06,-7.615812594922415e-06,3.4106088113486965e-07,-1.52425732669294e-06
0.0009005517688860339,18.905363936613316,13.799960625932426,-5.10540331068089,-0.6396581489773888,-0.6850046201357379,0.34872069459599603,-0.9796095245582824,0.04387010361004848,-0.1960627282375192,0.0010830275222558946,-0.00019578249684831412,0.0003910813214206189,3.080729619419715e-06,-8.847423644486455e-06,1.6750365825968145e-05,1.640881790295396e-05,-7.348402842914379e-07,3.2841224228158217e-06,8.847423644486455e-06,1.6750365825968145e-05,-1.640881790295396e-05,7.348402842914379e-07,-3.2841224228158217e-06,-4.423711822243228e-06,8.375182912984072e-06,8.20440895147698e-06,-3.6742014214571897e-07,1.6420612114079109e-06,4.423711822243228e-06,8.375182912984072e-06,-8.20440895147698e-06,3.6742014214571897e-07,-1.6420612114079109e-06
0.0010005583192936314,18.90596397591576,13.799960625932426,-5.106003349983334,-0.6395673600442088,-0.68506200513782,0.34877448456363735,-0.9796095245582824,0.04387010361004848,-0.1960627282375192,0.0010597822434777575,-0.0002224318934945786,0.000437732394466834,2.7085174354461647e-06,-8.999928429302544e-06,1.7042386304646553e-05,1.6694883945233395e-05,-7.476512529473157e-07,3.3413767545667367e-06,8.999928429302544e-06,1.7042386304646553e-05,-1.6694883945233395e-05,7.476512529473157e-07,-3.3413767545667367e-06,-4.499964214651272e-06,8.521193152323276e-06,8.347441972616698e-06,-3.7382562647365783e-07,1.6706883772833683e-06,4.499964214651272e-06,8.521193152323276e-06,-8.347441972616698e-06,3.7382562647365783e-07,-1.6706883772833683e-06
0.0011006166869309839,18.906564326121586,13.799960625932426,-5.10660370018916,-0.6394765149072769,-0.6851194099346953,0.34882829732230497,-0.9796095245582824,0.04387010361004848,-0.1960627282375192,0.001028173354402483,-0.0002532649135084358,0.000492889883120268,2.252215193376434e-06,-8.85002807731866e-06,1.6761772442805514e-05,1.641999193345083e-05,-7.353406937539332e-07,3.2863588352329157e-06,8.85002807731866e-06,1.6761772442805514e-05,-1.641999193345083e-05,7.353406937539332e-07,-3.2863588352329157e-06,-4.42501403865933e-06,8.380886221402757e-06,8.209995966725415e-06,-3.676703468769666e-07,1.6431794176164579e-06,4.42501403865933e-06,8.380886221402757e-06,-8.209995966725415e-06,3.676703468769666e-07,-1.6431794176164579e-06
0.0012006860026084394,18.90716474201565,13.799960625932426,-5.1072041160832224,-0.639385650667944,-0.6851768110673576,0.3488821108848894,-0.9796095245582824,0.04387010361004848,-0.1960627282375192,0.0009979336147617442,-0.0002745338042143152,0.0005412796789758279,1.8699385576170115e-06,-8.696933814284654e-06,1.6475000285077037e-05,1.6139067196361884e-05,-7.227599694819078e-07,3.2301335036061104e-06,8.696933814284654e-06,1.6475000285077037e-05,-1.6139067196361884e-05,7.227599694819078e-07,-3.2301335036061104e-06,-4.348466907142327e-06,8.237500142538518e-06,8.069533598180942e-06,-3.613799847409539e-07,1.6150667518030552e-06,4.348466907142327e-06,8.237500142538518e-06,-8.069533598180942e-06,3.613799847409539e-07,-1.6150667518030552e-06
0.001300746503901379,18.907765105023408,13.799960625932426,-5.107804479090982,-0.6392947852744155,-0.6852341971970298,0.3489359146214117,-0.9796095245582824,0.04387010361004848,-0.1960627282375192,0.0009958883358753869,-0.0002583439992536179,0.0005528913098584562,1.9136008142586e-06,-8.6927911577502e-06,1.647033757984486e-05,1.6134499565906236e-05,-7.225554161202691e-07,3.2292193208973223e-06,8.6927911577502e-06,1.647033757984486e-05,-1.6134499565906236e-05,7.225554161202691e-07,-3.2292193208973223e-06,-4.3463955788751e-06,8.23516878992243e-06,8.067249782953118e-06,-3.6127770806013454e-07,1.6146096604486611e-06,4.3463955788751e-06,8.23516878992243e-06,-8.067249782953118e-06,3.6127770806013454e-07,-1.6146096604486611e-06
0.0014007679868005443,18.9083652339208,13.799960625932426,-5.1084046079883745,-0.6392039461656146,-0.6852915510059515,0.3489896922921413,-0.9796095245582824,0.04387010361004848,-0.1960627282375192,0.000985946103733361,-0.00024795607974773947,0.0005750235326046557,1.8616958168458892e-06,-8.645647492441397e-06,1.638418177083765e-05,1.605010051480675e-05,-7.187757518525154e-07,3.212327377929859e-06,8.645647492441397e-06,1.638418177083765e-05,-1.605010051480675e-05,7.187757518525154e-07,-3.212327377929859e-06,-4.3228237462206986e-06,8.192090885418825e-06,8.025050257403376e-06,-3.593878759262577e-07,1.6061636889649295e-06,4.3228237462206986e-06,8.192090885418825e-06,-8.025050257403376e-06,3.593878759262577e-07,-1.6061636889649295e-06
0.0015007789487008415,18.908965299692202,13.799960625932426,-5.109004673759776,-0.6391131074710744,-0.6853488888398845,0.34904345922048513,-0.9796095245582824,0.04387010361004848,-0.1960627282375192,0.0009748740765173617,-0.00023577606762075054,0.000598543382614591,1.8100294202933589e-06,-8.591263331284561e-06,1.6284268570496607e-05,1.5952224592123564e-05,-7.143925494015422e-07,3.1927381232840515e-06,8.591263331284561e-06,1.6284268570496607e-05,-1.5952224592123564e-05,7.143925494015422e-07,-3.1927381232840515e-06,-4.2956316656422805e-06,8.142134285248304e-06,7.976112296061782e-06,-3.571962747007711e-07,1.5963690616420258e-06,4.2956316656422805e-06,8.142134285248304e-06,-7.976112296061782e-06,3.571962747007711e-07,-1.5963690616420258e-06
0.0016008155951885564,18.90956551957113,13.799960625932426,-5.109604893638705,-0.6390222363075987,-0.6854062314513357,0.3490972348674702,-0.9796095245582824,0.04387010361004848,-0.1960627282375192,0.0009937244319760021,-0.00018472674367602814,0.0005853304908039755,2.1999317871736122e-06,-8.698790957404647e-06,1.6491272052431386e-05,1.61550071746436e-05,-7.234738136016617e-07,3.23332379070685e-06,8.698790957404647e-06,1.6491272052431386e-05,-1.61550071746436e-05,7.234738136016617e-07,-3.23332379070685e-06,-4.3493954787023234e-06,8.245636026215693e-06,8.0775035873218e-06,-3.6173690680083086e-07,1.616661895353425e-06,4.3493954787023234e-06,8.245636026215693e-06,-8.0775035873218e-06,3.6173690680083086e-07,-1.616661895353425e-06
0.0017008757361520082,18.910165880416912,13.799960625932426,-5.110205254484486,-0.6389313346618624,-0.6854635775751045,0.3491510180497114,-0.9796095245582824,0.04387010361004848,-0.1960627282375192,0.0010022798617362225,-0.00013983938475418503,0.000583184383561143,2.4796079497634082e-06,-8.7456475201108e-06,1.6583313466945923e-05,1.6245171820955858e-05,-7.275116799928299e-07,3.2513696815474106e-06,8.7456475201108e-06,1.6583313466945923e-05,-1.6245171820955858e-05,7.275116799928299e-07,-3.2513696815474106e-06,-4.3728237600554e-06,8.291656733472961e-06,8.122585910477929e-06,-3.6375583999641495e-07,1.6256848407737053e-06,4.3728237600554e-06,8.291656733472961e-06,-8.122585910477929e-06,3.6375583999641495e-07,-1.6256848407737053e-06
0.0018008878710821792,18.91076595322649,13.799960625932426,-5.110805327294065,-0.6388404674972603,-0.6855208862342699,0.3492047703346319,-0.9796095245582824,0.04387010361004848,-0.1960627282375192,0.001002085358298283,-0.00010091129397988335,0.0005914945861387975,2.659031442966305e-06,-8.742834422249938e-06,1.6581188417607027e-05,1.624309010238332e-05,-7.274184538581561e-07,3.250953038576388e-06,8.742834422249938e-06,1.6581188417607027e-05,-1.624309010238332e-05,7.274184538581561e-07,-3.250953038576388e-06,-4.371417211124969e-06,8.290594208803513e-06,8.12154505119166e-06,-3.6370922692907806e-07,1.625476519288194e-06,4.371417211124969e-06,8.290594208803513e-06,-8.12154505119166e-06,3.6370922692907806e-07,-1.625476519288194e-06
0.001900990007913897,18.911366566047484,13.699960625932427,-5.211405940115057,-0.6387495094233266,-0.6855782365010087,0.34925856589012483,-0.9780720423548526,0.052473125798880214,-0.20154813577084363,0.000993622013887562,-6.84962211110279e-05,0.0006101209398238473,2.7908028303028066e-06,-8.733194571762154e-06,1.6847213891856747e-05,1.6477788899197374e-05,-8.840259739080415e-07,3.3955245528363866e-06,8.733194571762154e-06,1.6847213891856747e-05,-1.6477788899197374e-05,8.840259739080415e-07,-3.3955245528363866e-06,-4.366597285881077e-06,8.423606945928374e-06,8.238894449598687e-06,-4.4201298695402073e-07,1.6977622764181933e-06,4.366597285881077e-06,8.423606945928374e-06,-8.238894449598687e-06,4.4201298695402073e-07,-1.6977622764181933e-06
0.002001010284061655,18.911966687704368,13.699960625932427,-5.212006061771941,-0.638658616606312,-0.6856355299085686,0.34931231235315535,-0.9780720423548526,0.052473125798880214,-0.20154813577084363,0.0009771341749867607,-4.2493824812456095e-05,0.0006384567948778924,2.772114790467145e-06,-8.638805072818919e-06,1.6668430588358328e-05,1.6302925948405726e-05,-8.746446551328295e-07,3.3594911113093274e-06,8.638805072818919e-06,1.6668430588358328e-05,-1.6302925948405726e-05,8.746446551328295e-07,-3.3594911113093274e-06,-4.3194025364094595e-06,8.334215294179164e-06,8.151462974202863e-06,-4.3732232756641477e-07,1.6797455556546637e-06,4.3194025364094595e-06,8.334215294179164e-06,-8.151462974202863e-06,4.3732232756641477e-07,-1.6797455556546637e-06
0.00210105845530128,18.912566976731807,13.699960625932427,-5.21260635079938,-0.6385676893176756,-0.6856928293326365,0.34936606870342807,-0.9780720423548526,0.052473125798880214,-0.20154813577084363,0.0009525393879252446,-2.2732997880284146e-05,0.0006755560119326714,2.657345171257042e-06,-8.498041940262844e-06,1.6400082634768283e-05,1.6040462317376167e-05,-8.60563599206227e-07,3.305406081525333e-06,8.498041940262844e-06,1.6400082634768283e-05,-1.6040462317376167e-05,8.60563599206227e-07,-3.305406081525333e-06,-4.249020970131422e-06,8.200041317384141e-06,8.020231158688083e-06,-4.302817996031135e-07,1.6527030407626664e-06,4.249020970131422e-06,8.200041317384141e-06,-8.020231158688083e-06,4.302817996031135e-07,-1.6527030407626664e-06
0.002201125425061802,18.91316737855037,13.699960625932427,-5.213206752617943,-0.6384767358222851,-0.6857501295540139,0.3494198300474274,-0.9780720423548526,0.052473125798880214,-0.20154813577084363,0.0009193829497610417,-9.295518754323582e-06,0.000720328109280607,2.4467862744727867e-06,-8.305669035814126e-06,1.603200933144293e-05,1.5680460109856444e-05,-8.412496424576265e-07,3.231221593413092e-06,8.305669035814126e-06,1.603200933144293e-05,-1.5680460109856444e-05,8.412496424576265e-07,-3.231221593413092e-06,-4.152834517907063e-06,8.016004665721466e-06,7.840230054928222e-06,-4.2062482122881323e-07,1.615610796706546e-06,4.152834517907063e-06,8.016004665721466e-06,-7.840230054928222e-06,4.2062482122881323e-07,-1.615610796706546e-06
0.002301182521380516,18.91376772112828,13.699960625932427,-5.213807095195854,-0.6383857821835917,-0.6858074141508154,0.3494735809780417,-0.9780720423548526,0.052473125798880214,-0.20154813577084363,0.0008932799051890377,2.160767066393899e-06,0.0007525093634441692,2.2940116132778315e-06,-8.148816954233125e-06,1.5732367480365356e-05,1.538738879259801e-05,-8.255264979114235e-07,3.1708293369294818e-06,8.148816954233125e-06,1.5732367480365356e-05,-1.538738879259801e-05,8.255264979114235e-07,-3.1708293369294818e-06,-4.074408477116562e-06,7.866183740182678e-06,7.693694396299005e-06,-4.1276324895571175e-07,1.5854146684647409e-06,4.074408477116562e-06,7.866183740182678e-06,-7.693694396299005e-06,4.1276324895571175e-07,-1.5854146684647409e-06
0.0024011892971430465,18.914367761782856,13.599960625932427,-5.314407135850429,-0.63829486518092,-0.685864659972847,0.3495272997692771,-0.9764302667922609,0.0610713854735891,-0.20701260823517612,0.0009126020452727606,2.193391866509896e-05,0.0007286291307489479,2.6057767133850305e-06,-8.282381515670635e-06,1.6271640412850267e-05,1.588812218946712e-05,-9.937316239408092e-07,3.3684347221290317e-06,8.282381515670635e-06,1.6271640412850267e-05,-1.588812218946712e-05,9.937316239408092e-07,-3.3684347221290317e-06,-4.141190757835317e-06,8.135820206425133e-06,7.94406109473356e-06,-4.968658119704046e-07,1.6842173610645158e-06,4.141190757835317e-06,8.135820206425133e-06,-7.94406109473356e-06,4.968658119704046e-07,-1.6842173610645158e-06
0.0025012515733434334,18.91496813544006,13.599960625932427,-5.315007509507632,-0.6382038886147782,-0.6859219275908828,0.3495810432603341,-0.9764302667922609,0.0610713854735891,-0.20701260823517612,0.0009227964899407819,3.603825496490178e-05,0.0007151027075407122,2.769927312991507e-06,-8.331701238967948e-06,1.6371861946819363e-05,1.5985981528618894e-05,-9.9985229187459e-07,3.3891818432773046e-06,8.331701238967948e-06,1.6371861946819363e-05,-1.5985981528618894e-05,9.9985229187459e-07,-3.3891818432773046e-06,-4.165850619483974e-06,8.185930973409681e-06,7.992990764309447e-06,-4.99926145937295e-07,1.6945909216386523e-06,4.165850619483974e-06,8.185930973409681e-06,-7.992990764309447e-06,4.99926145937295e-07,-1.6945909216386523e-06
0.0026013317819243323,18.915568616691544,13.599960625932427,-5.315607990759117,-0.6381128866359728,-0.6859791954905547,0.349634791265454,-0.9764302667922609,0.0610713854735891,-0.20701260823517612,0.0009246173855913069,4.443504007007646e-05,0.0007122725724582321,2.8323847227826496e-06,-8.336340824507786e-06,1.638431037425664e-05,1.599813654994262e-05,-1.0006125345851521e-06,3.391758824709522e-06,8.336340824507786e-06,1.638431037425664e-05,-1.599813654994262e-05,1.0006125345851521e-06,-3.391758824709522e-06,-4.168170412253893e-06,8.19215518712832e-06,7.99906827497131e-06,-5.003062672925761e-07,1.695879412354761e-06,4.168170412253893e-06,8.19215518712832e-06,-7.99906827497131e-06,5.003062672925761e-07,-1.695879412354761e-06
0.002701338977287075,18.91616865986372,13.599960625932427,-5.316208033931295,-0.63802194195196,-0.6860364116367669,0.3496884949442836,-0.9764302667922609,0.0610713854735891,-0.20701260823517612,0.0009186138725291346,4.719310252027203e-05,0.0007198231479131095,2.7970697920256553e-06,-8.300026606792087e-06,1.6316254372710068e-05,1.5931684610195686e-05,-9.964562602809103e-07,3.3776703743233084e-06,8.300026606792087e-06,1.6316254372710068e-05,-1.5931684610195686e-05,9.964562602809103e-07,-3.3776703743233084e-06,-4.1500133033960435e-06,8.158127186355034e-06,7.965842305097843e-06,-4.982281301404551e-07,1.6888351871616542e-06,4.1500133033960435e-06,8.158127186355034e-06,-7.965842305097843e-06,4.982281301404551e-07,-1.6888351871616542e-06
0.0028013403989163416,18.916768668393498,13.499960625932426,-5.4168080424610725,-0.6379309934311224,-0.6860936145079386,0.3497421904080395,-0.9746847255726225,0.06966213648476459,-0.21245440093299905,0.0009050172343683748,4.419736713213349e-05,0.0007370307987016595,2.7159046052396445e-06,-8.245461486217789e-06,1.6501398697039162e-05,1.608366126058805e-05,-1.149522688222659e-06,3.505794774736027e-06,8.245461486217789e-06,1.6501398697039162e-05,-1.608366126058805e-05,1.149522688222659e-06,-3.505794774736027e-06,-4.122730743108894e-06,8.250699348519581e-06,8.041830630294025e-06,-5.747613441113295e-07,1.7528973873680135e-06,4.122730743108894e-06,8.250699348519581e-06,-8.041830630294025e-06,5.747613441113295e-07,-1.7528973873680135e-06
0.0029014145908850615,18.91736911354531,13.499960625932426,-5.417408487612883,-0.6378399696346462,-0.6861508490204326,0.34979591982327796,-0.9746847255726225,0.06966213648476459,-0.21245440093299905,0.0008851045065583287,3.645639076183657e-05,0.0007612390846788926,2.5052574652777338e-06,-8.135367741436999e-06,1.6284464619459817e-05,1.5872218928715275e-05,-1.1344105969021301e-06,3.4597061752419547e-06,8.135367741436999e-06,1.6284464619459817e-05,-1.5872218928715275e-05,1.1344105969021301e-06,-3.4597061752419547e-06,-4.067683870718499e-06,8.142232309729909e-06,7.936109464357637e-06,-5.672052984510651e-07,1.7298530876209773e-06,4.067683870718499e-06,8.142232309729909e-06,-7.936109464357637e-06,5.672052984510651e-07,-1.7298530876209773e-06
