region,parameter,x_mm,radius_mm
HEAD,0.0,0.0,0.0
HEAD,0.002,2.1258465203783268e-07,0.000966131251691361
HEAD,0.004,9.004147852106442e-07,0.0019316651316523506
HEAD,0.006,2.138015385193332e-06,0.002896668612050228
HEAD,0.008,3.9991278467406236e-06,0.0038612077148145185
HEAD,0.01,6.556712618227e-06,0.004825347515778355
HEAD,0.012,9.882951846186608e-06,0.005789152148819812
HEAD,0.014,1.404925201985318e-05,0.006752684810003248
HEAD,0.016,1.9126246615699948e-05,0.007716007761720642
HEAD,0.018,2.5183798741979553e-05,0.008679182336832934
HEAD,0.02,3.2291003783264e-05,0.00964226894281136
HEAD,0.022,4.05161920449845e-05,0.01060532706587879
HEAD,0.024,4.992693139797148e-05,0.011568415275151076
HEAD,0.026,6.0590029922994395e-05,0.012531591226778377
HEAD,0.028,7.257153855530179e-05,0.013494911668086506
HEAD,0.03,8.593675372916099e-05,0.014458432441718263
HEAD,0.032,0.00010075022002239831,0.015422208489774783
HEAD,0.034,0.00011707573280093874,0.016386293857956855
HEAD,0.036,0.00013497634086334585,0.017350741699706296
HEAD,0.038,0.00015451434908536206,0.018315604280347238
HEAD,0.04,0.000175751321064448,0.019280932981227517
HEAD,0.042,0.00019874808176432285,0.020246778303859986
HEAD,0.044,0.00022356472015950412,0.021213189874063842
HEAD,0.046,0.0002502605918798476,0.022180216446106002
HEAD,0.048,0.00027889432185508725,0.02314790590684241
HEAD,0.05,0.00030952380695937505,0.024116305279859376
HEAD,0.052,0.00034220621865582084,0.025085460729614917
HEAD,0.054,0.00037699800564103286,0.026055417565580136
HEAD,0.056,0.0004139548964896568,0.02702622024638049
HEAD,0.058,0.00045313190229891615,0.027997912383937184
HEAD,0.06,0.0004945833193331518,0.028970536747608477
HEAD,0.062,0.0005383627316683632,0.029944135268331035
HEAD,0.064,0.0005845230138367463,0.030918749042761276
HEAD,0.066,0.0006331163334712346,0.03189441833741669
HEAD,0.068,0.0006841941539500395,0.03287118259281721
HEAD,0.07,0.0007378072370411891,0.03384908042762648
HEAD,0.072,0.0007940056455470688,0.034828149642793294
HEAD,0.074,0.0008528387459489613,0.03580842722569285
HEAD,0.076,0.0009143552110515864,0.036789949354268124
HEAD,0.078,0.00097860302262764,0.03777275140117121
HEAD,0.08,0.0010456294740623364,0.03875686793790465
HEAD,0.082,0.0011154811729979443,0.03974233273896278
HEAD,0.084,0.0011882040439783318,0.04072917878597305
HEAD,0.086,0.0012638433310935007,0.041717438271837395
HEAD,0.088,0.001342443600624133,0.04270714260487356
HEAD,0.09,0.001424048743686123,0.043698322412956396
HEAD,0.092,0.0015087019788751243,0.04469100754765927
HEAD,0.094,0.0015964458549110859,0.04568522708839535
HEAD,0.096,0.001687322253282792,0.04668100934655897
HEAD,0.098,0.0017813723908924046,0.047678381869666976
HEAD,0.1,0.0018786368227000005,0.04867737144550001
HEAD,0.102,0.001979155444368112,0.049678004106243914
HEAD,0.104,0.0020829674949062694,0.05068030513263105
HEAD,0.106,0.0021901115593155364,0.05168429905808161
HEAD,0.108,0.0023006255712330536,0.052690009672845
HEAD,0.11,0.0024145468155765777,0.05369746002814111
HEAD,0.112,0.0025319119311890187,0.05470667244030174
HEAD,0.114,0.0026527569134829837,0.05571766849491187
HEAD,0.116,0.0027771171170853162,0.056730469050951055
HEAD,0.118,0.0029050272584816316,0.05774509424493466
HEAD,0.12,0.003036521418660864,0.05876156349505536
HEAD,0.122,0.003171633045759801,0.05977989550532431
HEAD,0.124,0.003310394957707625,0.060800108269712626
HEAD,0.126,0.003452839344870454,0.061822219076292595
HEAD,0.128,0.0035989977726958804,0.06284624451137912
HEAD,0.13,0.0037489011843575113,0.06387220046367102
HEAD,0.132,0.003902579903399509,0.06490010212839234
HEAD,0.134,0.004060063636381128,0.06592996401143368
HEAD,0.136,0.004221381475521263,0.0669617999334937
HEAD,0.138,0.004386561901342977,0.06799562303422016
HEAD,0.14,0.004555632785318049,0.06903144577635152
HEAD,0.142,0.004728621392511513,0.07006927994985816
HEAD,0.144,0.004905554384226199,0.07110913667608373
HEAD,0.146,0.0050864578206472714,0.07215102641188656
HEAD,0.148,0.005271357163486763,0.07319495895378084
HEAD,0.15,0.005460277278628124,0.0742409434420781
HEAD,0.152,0.00565324243877076,0.07528898836502855
HEAD,0.154,0.005850276326074569,0.07633910156296231
HEAD,0.156,0.006051402034804481,0.0773912902324308
HEAD,0.158,0.006256642073975003,0.07844556093034818
HEAD,0.16,0.0064660183699947514,0.07950191957813246
HEAD,0.162,0.006679552269311001,0.08056037146584714
HEAD,0.164,0.006897264541054215,0.08162092125634228
HEAD,0.166,0.007119175379682593,0.08268357298939592
HEAD,0.168,0.007345304407626606,0.08374833008585554
HEAD,0.17,0.00757567067793354,0.08481519535177924
HEAD,0.172,0.007810292676912031,0.08588417098257711
HEAD,0.174,0.008049188326776613,0.08695525856715268
HEAD,0.176,0.008292374988292248,0.08802845909204406
HEAD,0.178,0.008539869463418873,0.08910377294556551
HEAD,0.18,0.008791687997955936,0.09018119992194866
HEAD,0.182,0.00904784628418694,0.09126073922548374
HEAD,0.184,0.00930835946352398,0.09234238947466107
HEAD,0.186,0.00957324212915228,0.09342614870631244
HEAD,0.188,0.00984250832867474,0.0945120143797523
HEAD,0.19,0.010116171566756475,0.09559998338091918
HEAD,0.192,0.010394244807769347,0.09669005202651697
HEAD,0.194,0.010676740478436503,0.09778221606815636
HEAD,0.196,0.010963670470476944,0.09887647069649609
HEAD,0.198,0.011255046143250017,0.09997281054538434
HEAD,0.2,0.011550878326400005,0.10107122969600003
HEAD,0.202,0.011851177322500623,0.10217172168099417
HEAD,0.204,0.012155952909699584,0.10327427948863119
HEAD,0.206,0.012465214344363143,0.10437889556693034
HEAD,0.208,0.012778970363720615,0.105485561827807
HEAD,0.21,0.01309722918850893,0.10659426965121387
HEAD,0.212,0.013419998525617162,0.10770500988928255
HEAD,0.214,0.013747285570731089,0.10881777287046475
HEAD,0.216,0.014079097010977716,0.10993254840367361
HEAD,0.218,0.014415439027569813,0.11104932578242513
HEAD,0.22,0.014756317298450464,0.11216809378897938
HEAD,0.222,0.015101737000937612,0.11328884069848194
HEAD,0.224,0.015451702814368579,0.11441155428310523
HEAD,0.226,0.015806218922744624,0.1155362218161898
HEAD,0.228,0.01616528901737547,0.11666283007638566
HEAD,0.23,0.01652891629952386,0.11779136535179378
HEAD,0.232,0.01689710348305009,0.11892181344410716
HEAD,0.234,0.017269852797056538,0.12005415967275239
HEAD,0.236,0.0176471659885322,0.12118838887903086
HEAD,0.238,0.018029044324997273,0.12232448543026019
HEAD,0.24,0.018415488597147645,0.12346243322391551
HEAD,0.242,0.018806499121499457,0.12460221569177082
HEAD,0.244,0.019202075743033637,0.12574381580404032
HEAD,0.246,0.01960221783784044,0.12688721607351972
HEAD,0.248,0.02000692431576401,0.12803239855972762
HEAD,0.25,0.020416193623046874,0.12917934487304686
HEAD,0.252,0.020830023744974533,0.13032803617886587
HEAD,0.254,0.021248412208519963,0.1314784532017199
HEAD,0.256,0.02167135608498818,0.13263057622943245
HEAD,0.258,0.02209885199266074,0.13378438511725665
HEAD,0.26,0.022530896099440353,0.1349398592920165
HEAD,0.262,0.022967484125495354,0.13609697775624816
HEAD,0.264,0.02340861134590426,0.13725571909234152
HEAD,0.266,0.02385427259330034,0.13841606146668134
HEAD,0.268,0.024304462260516104,0.13957798263378862
HEAD,0.27,0.02475917430322789,0.14074145994046197
HEAD,0.272,0.025218402242600392,0.141906470329919
HEAD,0.274,0.025682139167931165,0.1430729903459375
HEAD,0.276,0.02615037773929522,0.14424099613699698
HEAD,0.278,0.02662311019018952,0.14541046346041978
HEAD,0.28,0.02710032833017754,0.14658136768651267
HEAD,0.282,0.0275820235475338,0.14775368380270787
HEAD,0.284,0.028068186811888437,0.14892738641770487
HEAD,0.286,0.028558808676871668,0.15010244976561116
HEAD,0.288,0.029053879282758426,0.1512788477100841
HEAD,0.29,0.02955338835911282,0.15245655374847186
HEAD,0.292,0.0300573252274327,0.15363554101595503
HEAD,0.294,0.030565678803794242,0.1548157822896879
HEAD,0.296,0.031078437601496423,0.15599724999293968
HEAD,0.298,0.03159558973370559,0.15717991619923594
HEAD,0.3,0.03211712291609999,0.1583637526365
HEAD,0.302,0.03264302446951435,0.159548730691194
HEAD,0.304,0.03317328132258435,0.16073482141246073
HEAD,0.306,0.033707880014391206,0.1619219955162644
HEAD,0.308,0.03424680669710622,0.16311022338953246
HEAD,0.31,0.03479004713863527,0.16429947509429657
HEAD,0.312,0.03533758672526341,0.16548972037183418
HEAD,0.314,0.03588941046429937,0.16668092864680983
HEAD,0.316,0.03644550298672009,0.16787306903141627
HEAD,0.318,0.03700584854981532,0.16906611032951624
HEAD,0.32,0.03757043103983206,0.1702600210407833
HEAD,0.322,0.038139233974619206,0.17145476936484358
HEAD,0.324,0.03871224050627202,0.17265032320541676
HEAD,0.326,0.039289433423776686,0.17384665017445788
HEAD,0.328,0.03987079515565486,0.17504371759629808
HEAD,0.33,0.04045630777260821,0.17624149251178647
HEAD,0.332,0.04104595299016295,0.1774399416824312
HEAD,0.334,0.041639712171314354,0.17863903159454084
HEAD,0.336,0.04223756632917136,0.1798387284633657
HEAD,0.338,0.04283949612960107,0.18103899823723932
HEAD,0.34,0.043445481893873254,0.18223980660171948
HEAD,0.342,0.04405550360130495,0.18344111898372994
HEAD,0.344,0.044669540891904995,0.1846429005557015
HEAD,0.346,0.045287573069018545,0.1858451162397134
HEAD,0.348,0.04590957910197162,0.18704773071163466
HEAD,0.35,0.04653553762871562,0.18825070840526562
HEAD,0.352,0.04716542695847194,0.18945401351647886
HEAD,0.354,0.0477992250743764,0.19065761000736092
HEAD,0.356,0.048436909636123925,0.19186146161035347
HEAD,0.358,0.04907845798261291,0.19306553183239467
HEAD,0.36,0.049723847134589945,0.19426978395906044
HEAD,0.362,0.05037305379729421,0.19547418105870604
HEAD,0.364,0.05102605436310208,0.19667868598660698
HEAD,0.366,0.05168282491417166,0.19788326138910087
HEAD,0.368,0.052343341225087325,0.19908786970772835
HEAD,0.37,0.05300757876550424,0.2002924731833747
HEAD,0.372,0.05367551270279293,0.201497033860411
HEAD,0.374,0.05434711790468381,0.20270151359083538
HEAD,0.376,0.05502236894191168,0.20390587403841479
HEAD,0.378,0.05570124009086036,0.20511007668282594
HEAD,0.38,0.05638370533620714,0.20631408282379662
HEAD,0.382,0.05706973837356735,0.2075178535852474
HEAD,0.384,0.05775931261213892,0.20872134991943259
HEAD,0.386,0.058452401177346916,0.2099245326110818
HEAD,0.388,0.05914897691348803,0.2111273622815411
HEAD,0.39,0.05984901238637518,0.21232979939291463
HEAD,0.392,0.06055247988598203,0.21353180425220572
HEAD,0.394,0.06125935142908755,0.21473333701545821
HEAD,0.396,0.06196959876192048,0.21593435769189795
HEAD,0.398,0.06268319336280394,0.217134826148074
HEAD,0.4,0.06340010644480001,0.21833470211199998
HEAD,0.402,0.06412030895835413,0.21953394517729566
HEAD,0.404,0.0648437715939398,0.22073251480732778
HEAD,0.406,0.06557046478470296,0.22193037033935192
HEAD,0.408,0.0663003587091067,0.22312747098865354
HEAD,0.41,0.06703342329357562,0.22432377585268937
HEAD,0.412,0.06776962821514058,0.22551924391522882
HEAD,0.414,0.06850894290408305,0.22671383405049522
HEAD,0.416,0.06925133654657967,0.22790750502730725
HEAD,0.418,0.06999677808734694,0.22910021551322016
HEAD,0.42,0.07074523623228567,0.23029192407866736
HEAD,0.422,0.07149667945112541,0.2314825892011014
HEAD,0.424,0.07225107598006918,0.23267216926913553
HEAD,0.426,0.07300839382443787,0.23386062258668502
HEAD,0.428,0.07376860076131488,0.2350479073771085
HEAD,0.43,0.07453166434219058,0.23623398178734928
HEAD,0.432,0.07529755189560687,0.23741880389207662
HEAD,0.434,0.07606623052980181,0.2386023316978273
HEAD,0.436,0.07683766713535398,0.2397845231471465
HEAD,0.438,0.07761182838782717,0.2409653361227297
HEAD,0.44,0.07838868075041487,0.24214472845156357
HEAD,0.442,0.07916819047658483,0.24332265790906765
HEAD,0.444,0.07995032361272354,0.24449908222323538
HEAD,0.446,0.08073504600078082,0.24567395907877568
HEAD,0.448,0.08152232328091444,0.24684724612125417
HEAD,0.45,0.0823121208941344,0.24801890096123444
HEAD,0.452,0.0831044040849478,0.2491888811784196
HEAD,0.454,0.08389913790400315,0.2503571443257935
HEAD,0.456,0.08469628721073497,0.251523647933762
HEAD,0.458,0.08549581667600838,0.2526883495142943
HEAD,0.46,0.08629769078476356,0.2538512065650645
HEAD,0.462,0.08710187383866042,0.2550121765735928
HEAD,0.464,0.0879083299587229,0.2561712170213868
HEAD,0.466,0.08871702308798379,0.2573282853880826
HEAD,0.468,0.0895279169941291,0.25848333915558697
HEAD,0.47,0.09034097527214259,0.2596363358122175
HEAD,0.472,0.09115616134695045,0.260787232856845
HEAD,0.474,0.09197343847606573,0.2619359878030343
HEAD,0.476,0.09279276975223287,0.26308255818318566
HEAD,0.478,0.0936141181060722,0.26422690155267603
HEAD,0.48,0.09443744630872473,0.2653689754940006
HEAD,0.482,0.09526271697449636,0.26650873762091415
HEAD,0.484,0.0960898925635026,0.2676461455825721
HEAD,0.486,0.09691893538431316,0.26878115706767214
HEAD,0.488,0.09774980759659628,0.2699137298085951
HEAD,0.49,0.09858247121376353,0.27104382158554735
HEAD,0.492,0.09941688810561411,0.27217139023070086
HEAD,0.494,0.10025302000097955,0.2732963936323351
HEAD,0.496,0.10109082849036824,0.2744187897389787
HEAD,0.498,0.10193027502860985,0.27553853656355026
HEAD,0.5,0.10277132093750001,0.27665559218749997
HEAD,0.502,0.10361392740844472,0.2777699147649509
HEAD,0.504,0.10445805550510505,0.27888146252684015
HEAD,0.506,0.10530366616604155,0.2799901937850607
HEAD,0.508,0.10615072020735879,0.2810960669366021
HEAD,0.51,0.10699917832534998,0.2821990404676921
HEAD,0.512,0.10784900109914147,0.28329907295793827
HEAD,0.514,0.10870014899333727,0.28439612308446877
HEAD,0.516,0.10955258236066362,0.2854901496260743
HEAD,0.518,0.11040626144461352,0.28658111146734877
HEAD,0.52,0.11126114638209128,0.28766896760283134
HEAD,0.522,0.112117197206057,0.2887536771411472
HEAD,0.524,0.11297437384817122,0.28983519930914925
HEAD,0.526,0.11383263614143936,0.2909134934560591
HEAD,0.528,0.11469194382285629,0.29198851905760875
HEAD,0.53,0.1155522565360509,0.29306023572018197
HEAD,0.532,0.11641353383393067,0.29412860318495526
HEAD,0.534,0.11727573518132606,0.29519358133203943
HEAD,0.536,0.1181388199576352,0.2962551301846209
HEAD,0.538,0.11900274745946832,0.29731320991310306
HEAD,0.54,0.11986747690329246,0.2983677808392475
HEAD,0.542,0.12073296742807584,0.29941880344031574
HEAD,0.544,0.12159917809793236,0.3004662383532098
HEAD,0.546,0.12246606790476643,0.3015100463786144
HEAD,0.548,0.12333359577091715,0.3025501884851378
HEAD,0.55,0.12420172055180315,0.30358662581345314
HEAD,0.552,0.12507040103856687,0.30461931968044
HEAD,0.554,0.1259395959607193,0.3056482315833254
HEAD,0.556,0.12680926398878445,0.3066733232038256
HEAD,0.558,0.12767936373694386,0.3076945564122873
HEAD,0.56,0.12854985376568118,0.3087118932718285
HEAD,0.562,0.12942069258442668,0.30972529604248045
HEAD,0.564,0.13029183865420182,0.3107347271853286
HEAD,0.566,0.13116325039026386,0.31174014936665445
HEAD,0.568,0.13203488616475012,0.31274152546207606
HEAD,0.57,0.13290670430932292,0.31373881856069025
HEAD,0.572,0.13377866311781378,0.3147319919692131
HEAD,0.574,0.13465072084886814,0.31572100921612223
HEAD,0.576,0.13552283572858992,0.31670583405579744
HEAD,0.578,0.13639496595318584,0.317686430472662
HEAD,0.58,0.13726706969161032,0.31866276268532456
HEAD,0.582,0.13813910508820962,0.31963479515072013
HEAD,0.584,0.1390110302653667,0.3206024925682515
HEAD,0.586,0.1398828033261456,0.32156581988393007
HEAD,0.588,0.14075438235693605,0.32252474229451833
HEAD,0.59,0.14162572543009785,0.32347922525167017
HEAD,0.592,0.14249679060660572,0.3244292344660724
HEAD,0.594,0.1433675359386935,0.32537473591158655
HEAD,0.596,0.14423791947249895,0.32631569582939
HEAD,0.598,0.14510789925070813,0.32725208073211687
HEAD,0.6,0.1459774333152,0.32818385740799993
HEAD,0.602,0.14684647970969095,0.32911099292501184
HEAD,0.604,0.14771499648237943,0.3300334546350061
HEAD,0.606,0.1485829416885902,0.3309512101778589
HEAD,0.608,0.14945027339341932,0.3318642274856101
HEAD,0.61,0.1503169496743783,0.3327724747866048
HEAD,0.612,0.15118292862403884,0.3336759206096345
HEAD,0.614,0.15204816835267726,0.33457453378807855
HEAD,0.616,0.15291262699091915,0.33546828346404545
HEAD,0.618,0.1537762626923838,0.33635713909251413
HEAD,0.62,0.15463903363632886,0.33724107044547535
HEAD,0.622,0.15550089803029477,0.3381200476160731
HEAD,0.624,0.15636181411274933,0.3389940410227459
HEAD,0.626,0.15722174015573231,0.3398630214133681
HEAD,0.628,0.15808063446749987,0.34072695986939094
HEAD,0.63,0.15893845539516926,0.34158582780998475
HEAD,0.632,0.15979516132736313,0.3424395969961792
HEAD,0.634,0.16065071069685433,0.3432882395350054
HEAD,0.636,0.16150506198321019,0.34413172788363705
HEAD,0.638,0.16235817371543737,0.3449700348535315
HEAD,0.64,0.16321000447462605,0.3458031336145715
HEAD,0.642,0.16406051289659476,0.3466309976992063
HEAD,0.644,0.16490965767453472,0.3474536010065929
HEAD,0.646,0.16575739756165456,0.3482709178067378
HEAD,0.648,0.1666036913738247,0.3490829227446378
HEAD,0.65,0.1674484979922219,0.34988959084442184
HEAD,0.652,0.16829177636597395,0.350690897513492
HEAD,0.654,0.16913348551480412,0.35148681854666475
HEAD,0.656,0.16997358453167555,0.3522773301303127
HEAD,0.658,0.17081203258543617,0.3530624088465059
HEAD,0.66,0.17164878892346275,0.35384203167715245
HEAD,0.662,0.1724838128743059,0.354616176008141
HEAD,0.664,0.17331706385033419,0.3553848196334809
HEAD,0.666,0.17414850135037918,0.35614794075944456
HEAD,0.668,0.17497808496237938,0.356905518008708
HEAD,0.67,0.17580577436602532,0.35765753042449305
HEAD,0.672,0.17663152933540374,0.3584039574747074
HEAD,0.674,0.17745530974164234,0.3591447790560873
HEAD,0.676,0.17827707555555417,0.35987997549833817
HEAD,0.678,0.17909678685028219,0.36060952756827597
HEAD,0.68,0.17991440380394397,0.3613334164739686
HEAD,0.682,0.18072988670227605,0.36205162386887757
HEAD,0.684,0.18154319594127846,0.3627641318559986
HEAD,0.686,0.18235429202985956,0.36347092299200395
HEAD,0.688,0.18316313559248007,0.3641719802913826
HEAD,0.69,0.1839696873717982,0.36486728723058287
HEAD,0.692,0.18477390823131368,0.3655568277521525
HEAD,0.694,0.1855757591580126,0.36624058626888084
HEAD,0.696,0.18637520126501178,0.36691854766793985
HEAD,0.698,0.18717219579420355,0.3675906973150258
HEAD,0.7,0.18796670411889999,0.36825702105849994
HEAD,0.702,0.1887586877464776,0.36891750523353045
HEAD,0.704,0.18954810832102198,0.36957213666623345
HEAD,0.706,0.1903349276259721,0.3702209026778144
HEAD,0.708,0.1911191075867651,0.3708637910887097
HEAD,0.71,0.19190061027348065,0.3715007902227276
HEAD,0.712,0.19267939790348554,0.37213188891118976
HEAD,0.714,0.1934554328440783,0.3727570764970727
HEAD,0.716,0.19422867761513346,0.37337634283914883
HEAD,0.718,0.1949990948917466,0.3739896783161281
HEAD,0.72,0.19576664750687844,0.3745970738307993
HEAD,0.722,0.19653129845399955,0.3751985208141711
HEAD,0.724,0.19729301088973478,0.37579401122961364
HEAD,0.726,0.19805174813650803,0.37638353757700005
HEAD,0.728,0.1988074736851865,0.3769670928968471
HEAD,0.73,0.19956015119772558,0.37754467077445747
HEAD,0.732,0.20030974450981306,0.37811626534406045
HEAD,0.734,0.20105621763351378,0.3786818712929534
HEAD,0.736,0.20179953475991425,0.379241483865643
HEAD,0.738,0.20253966026176712,0.3797950988679872
HEAD,0.74,0.20327655869613565,0.3803427126713355
HEAD,0.742,0.20401019480703844,0.38088432221667134
HEAD,0.744,0.20474053352809382,0.3814199250187526
HEAD,0.746,0.20546753998516443,0.3819495191702537
HEAD,0.748,0.20619117949900173,0.38247310334590623
HEAD,0.75,0.20691141758789064,0.3829906768066406
HEAD,0.752,0.20762821997029388,0.38350223940372763
HEAD,0.754,0.20834155256749676,0.38400779158291953
HEAD,0.756,0.20905138150625158,0.3845073343885912
HEAD,0.758,0.20975767312142213,0.3850008694678819
HEAD,0.76,0.21046039395862837,0.38548839907483645
HEAD,0.762,0.21115951077689077,0.3859699260745463
HEAD,0.764,0.2118549905512751,0.38644545394729124
HEAD,0.766,0.2125468004755368,0.3869149867926807
HEAD,0.768,0.21323490796476552,0.3873785293337947
HEAD,0.77,0.21391928065802962,0.38783608692132565
HEAD,0.772,0.214599886421021,0.3882876655377196
HEAD,0.774,0.21527669334869937,0.38873327180131734
HEAD,0.776,0.21594966976793661,0.38917291297049583
HEAD,0.778,0.21661878424016184,0.3896065969478098
HEAD,0.78,0.21728400556400554,0.39003433228413265
HEAD,0.782,0.21794530277794422,0.3904561281827982
HEAD,0.784,0.21860264516294498,0.39087199450374166
HEAD,0.786,0.21925600224511005,0.39128194176764153
HEAD,0.788,0.21990534379832125,0.39168598116006015
HEAD,0.79,0.22055063984688456,0.3920841245355856
HEAD,0.792,0.22119186066817484,0.392476384421973
HEAD,0.794,0.22182897679528008,0.39286277402428565
HEAD,0.796,0.22246195901964605,0.3932433072290364
HEAD,0.798,0.22309077839372102,0.39361799860832913
HEAD,0.8,0.22371540623359998,0.39398686342399997
HEAD,0.802,0.22433581412166953,0.39434991763175875
HEAD,0.804,0.22495197390925206,0.39470717788533016
HEAD,0.806,0.22556385771925053,0.3950586615405953
HEAD,0.808,0.22617143794879302,0.3954043866597328
HEAD,0.81,0.22677468727187702,0.3957443720153603
HEAD,0.812,0.2273735786420144,0.39607863709467583
HEAD,0.814,0.2279680852948754,0.3964072021035989
HEAD,0.816,0.22855818075093376,0.39673008797091236
HEAD,0.818,0.22914383881811076,0.3970473163524029
HEAD,0.82,0.22972503359442004,0.3973589096350033
HEAD,0.822,0.23030173947061208,0.39766489094093327
HEAD,0.824,0.23087393113281868,0.3979652841318405
HEAD,0.826,0.23144158356519756,0.3982601138129429
HEAD,0.828,0.23200467205257697,0.39854940533716915
HEAD,0.83,0.23256317218309996,0.3988331848093003
HEAD,0.832,0.23311705985086928,0.3991114790901109
HEAD,0.834,0.2336663112585917,0.39938431580051104
HEAD,0.836,0.23421090292022254,0.39965172332568677
HEAD,0.838,0.23475081166361034,0.39991373081924186
HEAD,0.84,0.23528601463314122,0.40017036820733953
HEAD,0.842,0.2358164892923837,0.4004216661928428
HEAD,0.844,0.23634221342673284,0.400667656259457
HEAD,0.846,0.23686316514605527,0.40090837067587015
HEAD,0.848,0.2373793228873332,0.4011438424998949
HEAD,0.85,0.23789066541730935,0.40137410558260933
HEAD,0.852,0.23839717183513143,0.40159919457249904
HEAD,0.854,0.23889882157499648,0.4018191449195977
HEAD,0.856,0.23939559440879565,0.40203399287962904
HEAD,0.858,0.23988747044875858,0.4022437755181476
HEAD,0.86,0.24037443015009793,0.40244853071468045
HEAD,0.862,0.24085645431365418,0.40264829716686856
HEAD,0.864,0.2413335240885398,0.40284311439460796
HEAD,0.866,0.24180562097478403,0.40303302274419106
HEAD,0.868,0.24227272682597736,0.4032180633924481
HEAD,0.87,0.24273482385191597,0.4033982783508885
HEAD,0.872,0.24319189462124652,0.40357371046984203
HEAD,0.874,0.24364392206411045,0.40374440344260043
HEAD,0.876,0.24409088947478857,0.4039104018095585
HEAD,0.878,0.2445327805143457,0.4040717509623555
HEAD,0.88,0.2449695792132751,0.40422849714801656
HEAD,0.882,0.24540126997414313,0.4043806874730941
HEAD,0.884,0.24582783757423357,0.4045283699078086
HEAD,0.886,0.24624926716819237,0.40467159329019087
HEAD,0.888,0.24666554429067222,0.40481040733022267
HEAD,0.89,0.24707665485897692,0.4049448626139784
HEAD,0.892,0.24748258517570593,0.4050750106077661
HEAD,0.894,0.247883321931399,0.4052009036622691
HEAD,0.896,0.2482788522071808,0.4053225950166874
HEAD,0.898,0.2486691634774052,0.4054401388028787
HEAD,0.9,0.2490542436123,0.4055535900495
HEAD,0.902,0.24943408088061145,0.40566300468614874
HEAD,0.904,0.24980866395224874,0.4057684395475044
HEAD,0.906,0.2501779819009286,0.4058699523774696
HEAD,0.908,0.2505420242068197,0.4059676018333115
HEAD,0.91,0.25090078075918737,0.4060614474898031
HEAD,0.912,0.2512542418590381,0.40615154984336477
HEAD,0.914,0.25160239822176395,0.4062379703162055
HEAD,0.916,0.25194524097978727,0.40632077126046406
HEAD,0.918,0.2522827616852051,0.4064000159623504
HEAD,0.92,0.25261495231243364,0.4064757686462873
HEAD,0.922,0.25294180526085325,0.4065480944790514
HEAD,0.924,0.25326331335745234,0.40661705957391436
HEAD,0.926,0.2535794698594723,0.4066827309947848
HEAD,0.928,0.253890268457052,0.40674517676034916
HEAD,0.93,0.2541957032758723,0.406804465848213
HEAD,0.932,0.2544957688798005,0.40686066819904276
HEAD,0.934,0.2547904602735352,0.4069138547207066
HEAD,0.936,0.25507977290525025,0.4069640972924162
HEAD,0.938,0.25536370266923986,0.4070114687688678
HEAD,0.94,0.2556422459085628,0.40705604298438347
HEAD,0.942,0.2559153994176873,0.4070978947570528
HEAD,0.944,0.25618316044513506,0.40713709989287405
HEAD,0.946,0.25644552669612625,0.40717373518989525
HEAD,0.948,0.25670249633522385,0.4072078784423559
HEAD,0.95,0.2569540679889781,0.4072396084448281
HEAD,0.952,0.2572002407485714,0.4072690049963581
HEAD,0.954,0.25744101417246246,0.4072961489046074
HEAD,0.956,0.25767638828903094,0.40732112198999426
HEAD,0.958,0.2579063635992222,0.4073440070898347
HEAD,0.96,0.25813094107919154,0.40736488806248444
HEAD,0.962,0.25835012218294895,0.40738384979147974
HEAD,0.964,0.25856390884500347,0.40740097818967885
HEAD,0.966,0.25877230348300806,0.40741636020340355
HEAD,0.968,0.2589753090004037,0.4074300838165802
HEAD,0.97,0.25917292878906434,0.4074422380548812
HEAD,0.972,0.25936516673194104,0.4074529129898665
HEAD,0.974,0.25955202720570686,0.4074621997431246
HEAD,0.976,0.2597335150834013,0.40747019049041416
HEAD,0.978,0.2599096357370746,0.40747697846580516
HEAD,0.98,0.26008039504043273,0.4074826579658206
HEAD,0.982,0.2602457993714815,0.40748732435357726
HEAD,0.984,0.2604058556151713,0.40749107406292734
HEAD,0.986,0.26056057116604175,0.4074940046026
HEAD,0.988,0.26070995393086593,0.40749621456034235
HEAD,0.99,0.26085401233129524,0.4074978036070611
HEAD,0.992,0.26099275530650373,0.40749887250096356
HEAD,0.994,0.26112619231583273,0.4074995230916992
HEAD,0.996,0.2612543333414353,0.407499858324501
HEAD,0.998,0.26137718889092093,0.4074999822443266
HEAD,1.0,0.26149477,0.4075
BODY,,0.26149477,0.4075
BODY,,2.3,0.4075
TAIL,,2.3,0.4075
TAIL,,2.3,0.0
