time_s,Krot_J,Wmag_J,Whydro_J,Wnonmag_resolved_J,Fhydro_power_W,Thydro_power_W
0.0,0.0,0.0,0.0,0.0,0.0,0.0
5.0099999498343095e-05,7.094832814746423e-13,9.255601233717095e-13,-7.19074949232405e-18,-2.1607684189706718e-13,-9.592915132099878e-17,-2.8705587083137043e-10
0.0001000999982352,1.696982462433288e-11,1.924030098551623e-11,-2.8790671265604406e-16,-2.2704763611833504e-12,-5.8287435564042634e-15,-1.094158293938498e-08
0.0001500999933341,1.453514363996931e-10,1.4692554163385685e-10,-3.1918189050111948e-15,-1.5741052341637537e-12,-6.293757058402362e-14,-1.052149161407134e-07
0.000200099995709,7.073830763005503e-10,6.734488348289731e-10,-1.9202960078111634e-14,3.393424147157713e-11,-3.34639289916234e-13,-5.352307003634183e-07
0.0002500000118743,2.4507280746281187e-09,2.2490161290631444e-09,-7.969289726215475e-14,2.0171194556497428e-10,-1.2028429806032418e-12,-1.8892148943499255e-06
0.0003000999859068,6.7364684167152095e-09,6.083731398258734e-09,-2.588484210448538e-13,6.527370184564755e-10,-3.391900286578228e-12,-5.262705929660094e-06
0.0003499999875202,1.5807376293348104e-08,1.4050746551249756e-08,-6.998335218613731e-13,1.756629742098348e-09,-8.024618764645687e-12,-1.2412047038608293e-05
0.0004000999906565,3.278788118527644e-08,2.8966131981338847e-08,-1.6592440497071882e-12,3.821749203937594e-09,-1.6777040599123467e-11,-2.588777203468327e-05
0.0004500999930314,6.195864867849073e-08,5.440760649431455e-08,-3.5331227983887303e-12,7.551042184176177e-09,-3.1750197499066134e-11,-4.906737435235888e-05
0.0005000000237487,1.0868048422859903e-07,9.48848732916118e-08,-6.907566865660328e-12,1.3795610936987226e-08,-5.548837979269832e-11,-8.61808016012364e-05
0.0005500999977812,1.7904047832536196e-07,1.5606553832907278e-07,-1.2631237212952284e-11,2.2974939996289175e-08,-9.107332338068749e-11,-0.0001423091510513934
0.0006000999710522,2.8033005446898717e-07,2.436529659845499e-07,-2.1764963034653e-11,3.667708848443726e-08,-1.4133208427615206e-10,-0.0002230400771250254
0.0006501000025309,4.1956520021019286e-07,3.6412608957558104e-07,-3.5696124165434664e-11,5.543911063461183e-08,-2.0910723605166182e-10,-0.0003342060172785888
0.0006999999750405,6.044980534254601e-07,5.23475539753893e-07,-5.605317296159594e-11,8.102251367156709e-08,-2.963733369068831e-10,-0.0004817082116218329
0.0007500000065192,8.418089729138264e-07,7.281697475821719e-07,-8.487704411582396e-11,1.1363922533165453e-07,-4.0457741024464896e-10,-0.0006712459086773508
0.0008000999805517,1.1370123937237357e-06,9.831631423487255e-07,-1.2442195615185657e-10,1.5384925137501023e-07,-5.333867285659462e-10,-0.0009073941125881174
0.0008501000120304,1.4940538368030754e-06,1.2904855604028917e-06,-1.769245038013425e-10,2.0356827640018364e-07,-6.798292327672616e-10,-0.0011927064712225952
0.0009000999853014,1.9125848743349123e-06,1.6512788727574852e-06,-2.449322908654724e-10,2.61306001577427e-07,-8.393701519894759e-10,-0.0015276064655674938
0.0009500000160187,2.391119493223067e-06,2.0623934023402476e-06,-3.3070207932957804e-10,3.2872609088281957e-07,-1.0045111054835546e-09,-0.0019100582905934539
0.0010000000474974,7.594606576639033e-07,2.395311198032111e-06,-4.0641720301687066e-10,-1.6358505403682078e-06,-1.1666397638985206e-09,-0.0011185447501685282
0.0010500999633222,4.217770982424573e-07,2.5125114450548907e-06,-4.452149191351958e-10,-2.0907343468124334e-06,-0.0047413911439932906,-0.0004302688747485706
0.0011000999948009,4.745137559461232e-07,2.5283529176082226e-06,-4.675088358202779e-10,-2.053839161662099e-06,-0.004744063214466947,-0.0004614872312282557
0.0011500000255182,5.341215681764703e-07,2.578111095215124e-06,-4.917549512988394e-10,-2.0439895270386536e-06,-0.004740785826284485,-0.0005103003660950291
0.0012001000577583,6.462409147629867e-07,2.673393672173896e-06,-5.19602855476227e-10,-2.027152757410909e-06,-0.0047314311073957775,-0.0006013917000469172
0.0012499999720603,6.523233439007325e-07,2.740117508122907e-06,-5.485877219182727e-10,-2.0877941642221744e-06,-0.004715712388275456,-0.0005603283889546823
0.0013001000043004,1.604962047575789e-06,2.6502087262504695e-06,-6.066076298349865e-10,-1.0452466786746805e-06,-0.0002520571067370188,-0.0017558341092512421
0.0013501000357791,2.274396230448841e-06,2.4197004338557943e-06,-6.998235816924899e-10,-1.453042034069534e-07,-0.0002475036362452926,-0.001972801617596785
0.0013999999500811,1.993512932750151e-06,2.1768323078207267e-06,-7.927214536731108e-10,-1.8331937507057572e-07,-0.00024463212759909394,-0.0017505663793257126
0.0014500999823212,1.765690614533448e-06,1.9777993685434193e-06,-8.759052452347774e-10,-2.1210875400997132e-07,-0.00024318713298826243,-0.0015701417257316143
0.0015000000130385,1.5909328083248554e-06,1.8255021211563582e-06,-9.508300247700747e-10,-2.345693128315027e-07,-0.0002429717149737197,-0.0014328536014564834
0.0015501000452786,1.471602167600739e-06,1.719648639127793e-06,-1.0202776461399844e-09,-2.480464715270541e-07,-0.00024381444537652466,-0.001339504749016741
0.001600099960342,1.4076523122685276e-06,1.6614927567379689e-06,-1.086032111226998e-09,-2.538404444694413e-07,-0.00024558943844554197,-0.0012906783224399658
0.0016499999910593,1.3995638322323562e-06,1.6510931958869095e-06,-1.1503335055851836e-09,-2.5152936365455333e-07,-0.00024821373835182673,-0.0012865302858061484
0.0017001000232994,1.4471455837211217e-06,1.6883851967562421e-06,-1.2158021531983901e-09,-2.4123961303512045e-07,-0.00025167509917042543,-0.0013269868991510946
0.0017501000547781,1.5500835200522375e-06,1.7728422673666915e-06,-1.284268723337179e-09,-2.2275874731445397e-07,-0.00025597093914826524,-0.0014116741822106493
0.0018000999698415,1.7072902600201202e-06,1.9038036881460337e-06,-1.3580558185064368e-09,-1.965134281259135e-07,-0.0002611668495270175,-0.0015398146383481682
0.0018501000013202,1.917278258058961e-06,2.080120948527182e-06,-1.4393083784211987e-09,-1.6284269046822077e-07,-0.0002673624265017454,-0.001710285712063633
0.0019000000320374,2.179003843877708e-06,2.2998448506720514e-06,-1.5299270397024414e-09,-1.2084100679434333e-07,-0.0002746760970545606,-0.0019217225243564331
0.0019500999478623,1.6475521452553398e-06,2.5311172862090562e-06,-1.6227458683570032e-09,-8.835651409537164e-07,-0.0002833172476648335,-0.0017836261624144263
0.0020000000949949,7.84790733033726e-07,2.7046213116053772e-06,-1.6832884507013427e-09,-1.919830578571651e-06,-0.002554359733653604,-0.0006429230893727186
0.0020500998944044,6.802628575918992e-07,2.817987242412114e-06,-1.7166985235739952e-09,-2.137724384820215e-06,-0.0025475228823053403,-0.0006908176946798913
0.0021001000422984,8.321404193326445e-07,2.9121453034130134e-06,-1.7536504715866417e-09,-2.080004884080369e-06,-0.0025329742436827653,-0.0007872558538617715
0.0021500000730156,1.5691043474450706e-06,2.9536115854284983e-06,-1.8170377135735159e-09,-1.3845072379834276e-06,-0.00031810689340936154,-0.0017533134033441335
0.0022001001052558,2.376551221818373e-06,2.919369736155222e-06,-1.9146908404433644e-09,-5.428185143368491e-07,-0.00031351036864965244,-0.0021450125059750275
0.0022501000203192,2.3309597558520724e-06,2.87410334012442e-06,-2.0211026427523754e-09,-5.431435842723474e-07,-0.00031066727597068965,-0.00211146681700306
0.0023000000510364,2.3238711057452416e-06,2.861698622794859e-06,-2.126395902398809e-09,-5.378275170496174e-07,-0.0003095187857882182,-0.0021087013124782713
0.0023499999660998,2.355116351406461e-06,2.8820065484326955e-06,-2.2325272461314246e-09,-5.268901970262346e-07,-0.0003100445750490264,-0.0021365596483869874
0.00240009999834,2.4242034951039797e-06,2.9346906777238235e-06,-2.341025659117461e-09,-5.104871826198438e-07,-0.00031227365424780183,-0.002194711535865002
0.0024500000290572,2.530488052896494e-06,3.0187323695794446e-06,-2.452727727432002e-09,-4.882443166829505e-07,-0.0003162388496579548,-0.002282322514378089
0.0024999999441206,2.672391796722468e-06,3.133628547051032e-06,-2.569747344606736e-09,-4.612367503285637e-07,-0.00032203953224746055,-0.0023984701240235095
0.0025500999763607,2.8485429327772648e-06,3.278114190800309e-06,-2.693507114337232e-09,-4.295712580230442e-07,-0.00032979274080611543,-0.002542036466367042
0.0026000998914241,2.3510422843352104e-06,3.4002672147477765e-06,-2.8162424636914895e-09,-1.049224930412566e-06,-0.0003395915791886163,-0.0023673858475960086
0.0026499999221414,1.818995544206642e-06,3.411549666848848e-06,-2.919368558955339e-09,-1.592554122642206e-06,-0.002909738807999624,-0.0017659220394509166
0.0027000999543815,1.7622980172851576e-06,3.324234600852691e-06,-3.007463794404678e-09,-1.5619365835675335e-06,-0.0029064607206912953,-0.0017508515636936862
0.0027501001022756,1.6620249284479618e-06,3.2307417898058452e-06,-3.093057636885472e-09,-1.5687168613578835e-06,-0.002906050219404862,-0.001672892008508604
0.0027999999001622,1.6028358758295768e-06,3.1728543292123367e-06,-3.1754066936003307e-09,-1.57001845338276e-06,-0.0029084693946022254,-0.0016276847554294494
0.0028500999324023,1.5853689375350374e-06,3.1507586473215223e-06,-3.256650398946808e-09,-1.5653897097864848e-06,-0.002913600966435762,-0.0016155748479625863
0.0029001000802963,1.6096762165910807e-06,3.164791744811771e-06,-3.337957590025254e-09,-1.5551155282206901e-06,-0.00292116609206671,-0.0016367031753271172
0.0029500001110136,1.3605537439369889e-06,3.1553467635119374e-06,-3.4149885645873987e-09,-1.7947930195749485e-06,-0.002930781143314831,-0.001450708734238646
0.003000000026077,1.4935220082940928e-06,3.0479611387466457e-06,-3.49019382214843e-09,-1.554439130452553e-06,-0.0007000338639871474,-0.0015575066783544028
0.0030501000583171,1.4649585103407872e-06,2.8848932030853395e-06,-3.566102590995158e-09,-1.4199346927445523e-06,-0.0006993575856835414,-0.0014727815451318473
0.0031000999733805,1.3057374371187966e-06,2.7432498791123225e-06,-3.6365790741650108e-09,-1.437512441993526e-06,-0.0006990811093746986,-0.0013462825704966671
0.0031500000040978,1.1934605266107908e-06,2.6425377709687292e-06,-3.7015375146421e-09,-1.4490772443579384e-06,-0.0006988001792480299,-0.0012572605353222534
0.0032001000363379,1.1293618840409097e-06,2.5830839575752434e-06,-3.763251604624535e-09,-1.4537220735343337e-06,-0.0006982285866098154,-0.0012063742059360127
0.0032500999514013,1.113689843390138e-06,2.5658147092337696e-06,-3.823264417132849e-09,-1.4521248658436316e-06,-0.0006972067798725913,-0.0011941423722309108
0.0032999999821186,1.1467400747463274e-06,2.590758838460487e-06,-3.8835127759358846e-09,-1.4440187637141598e-06,-0.0006956991188053843,-0.001220620021177704
0.0033501000143587,1.228078814484566e-06,2.6579459086371633e-06,-3.94629537131578e-09,-1.4298670941525974e-06,-0.0006937816775894001,-0.0012856695987177782
0.0034000999294221,1.357365267958667e-06,2.7665246495573664e-06,-4.01315590707775e-09,-1.4091593815986993e-06,-0.0006916753347320439,-0.0013887563748940224
0.0034501000773161,1.533220950564441e-06,2.9157533220520874e-06,-4.086098875138839e-09,-1.3825323714876465e-06,-0.0006897101416262809,-0.0015289537173131624
0.0035000999923795,1.7542359341689255e-06,3.1043308364614815e-06,-4.166950080375227e-09,-1.350094902292556e-06,-0.0006883399338173253,-0.0017050999859328452
0.0035500999074429,2.0184003183434127e-06,3.3305656812821884e-06,-4.257467610829526e-09,-1.3121653629387758e-06,-0.0006881332661705675,-0.0019156073828506175
0.0036001000553369,2.3229212404915677e-06,3.592303838842015e-06,-4.359317544266277e-09,-1.2693825983504474e-06,-0.0006897655738661681,-0.0021583779042597877
0.0036500000860542,1.3010209277342885e-06,3.788890046940614e-06,-4.454102678033389e-09,-2.487869119206325e-06,-0.0006939930282301297,-0.0016406231145613072
0.0037000998854637,1.1661118881230748e-06,3.8023059260518004e-06,-4.526988618667754e-09,-2.6361940379287256e-06,-0.0037480477170161717,-0.0012690069236197805
0.0037501000333577,1.1830153479906377e-06,3.7094066247662085e-06,-4.589542629829472e-09,-2.5263912767755707e-06,-0.0037297076045350193,-0.0012331461217804846
0.0038000000640749,1.0907615060947327e-06,3.630699001940361e-06,-4.649196163051893e-09,-2.5399374958456283e-06,-0.0037168812582732765,-0.0011577755816748767
0.0038501000963151,1.0417933497589665e-06,3.5893197942842415e-06,-4.706172241305856e-09,-2.547526444525275e-06,-0.003709923305381763,-0.0011167170965252402
0.0039001000113785,1.0364591283370627e-06,3.5860626525433465e-06,-4.76185283123316e-09,-2.5496035242062836e-06,-0.0037091076735386802,-0.00111051028402936
0.0039500999264419,1.0748852232864864e-06,3.620947907993497e-06,-4.818095748166778e-09,-2.5460626847070106e-06,-0.0037144311492018824,-0.0011392102149875454
0.0040000001899898,1.013749862780487e-06,3.6756753546574144e-06,-4.874512699589004e-09,-2.6619254918769274e-06,-0.0037256846687496663,-0.0011219783003023668
0.0040500001050531,9.439322742632259e-07,3.688596810711488e-06,-4.927226071540417e-09,-2.744664536448262e-06,-0.0016323080023043063,-0.0009865601596001441
0.0041001001372933,1.202632679542706e-06,3.634055627622247e-06,-4.979491913030482e-09,-2.431422948079541e-06,-0.001628219152978256,-0.001099899235854174
0.0041499999351799,1.1302412129987541e-06,3.574041277973423e-06,-5.0328916961322305e-09,-2.443800064974669e-06,-0.0016321634327087589,-0.0010403813008767414
0.0042000999674201,1.1018582720827213e-06,3.551700022333743e-06,-5.084400639879592e-09,-2.4498417502510215e-06,-0.001643951826713782,-0.0010158626352711239
0.0042500998824834,1.1175565399198629e-06,3.567503570540776e-06,-5.135463076427157e-09,-2.449947030620913e-06,-0.001663342626541814,-0.0010266382962972572
0.0043000001460313,1.1774128931977843e-06,3.62122646460812e-06,-5.187839380308276e-09,-2.443813571410336e-06,-0.0016901225592590907,-0.0010726012730826423
0.0043501001782715,1.280630450702833e-06,3.712777314242924e-06,-5.2436011690830955e-09,-2.432146863540091e-06,-0.0017243271118330863,-0.001153416806405812
0.0044001000933349,1.42642560067586e-06,3.840802204567718e-06,-5.3041411326731406e-09,-2.4143766038918584e-06,-0.0017656309319099576,-0.001268185850849897
0.0044499998912215,1.6134769951047233e-06,4.003901854658918e-06,-5.371103842414951e-09,-2.3904248595541947e-06,-0.001813834267126707,-0.0014157011618385277
0.0045000999234616,1.182504624308302e-06,4.141881482773011e-06,-5.437471271384314e-09,-2.959376858464709e-06,-0.0018690487285043138,-0.001233695495285465
0.0045500001870095,1.011167099343052e-06,4.183401700349774e-06,-5.490886930363004e-09,-3.172234601006722e-06,-0.0017167429516711406,-0.0009072013730212533
0.0046000001020729,1.0032328012548066e-06,4.178487243230869e-06,-5.535968988775891e-09,-3.1752544419760625e-06,-0.0017542556472034297,-0.0008960840267928438
0.0046501001343131,1.0224506059333636e-06,4.197490541183169e-06,-5.581207603498363e-09,-3.175039935249805e-06,-0.0017917568292238769,-0.0009098475345115682
0.0046999999321997,1.081865730546958e-06,4.2508944455724675e-06,-5.6277519266296905e-09,-3.16902871502551e-06,-0.0018290317930232977,-0.0009556639546171553
0.004749999847263,1.1807209258855295e-06,4.338396362878744e-06,-5.677470189490577e-09,-3.1576754369932144e-06,-0.0018664976848615528,-0.0010330699381482082
0.0048000998795032,1.317780363629987e-06,4.459151960422586e-06,-5.731936533717521e-09,-3.1413715967925992e-06,-0.0019045171937144795,-0.0011412338214106849
0.0048500001430511,4.5167397032442306e-07,4.543588959974219e-06,-5.777008743016563e-09,-4.091914989649795e-06,-0.0019433714972725462,-0.0006652580122757862
0.0049000000581145,2.812670629365824e-07,4.502941283491272e-06,-5.800739381858937e-09,-4.2216742205546895e-06,-0.004973311095145766,-0.0002839691539017384
0.0049501000903546,2.8055539848911626e-07,4.384295002916638e-06,-5.81366649869706e-09,-4.1037396044275215e-06,-0.004953642883120087,-0.00023208308239906647
0.0049999998882412,3.043326151186828e-07,4.2592958758866745e-06,-5.823909870585708e-09,-3.954963260767992e-06,-0.004939143949346084,-0.00017847456803175108
0.0050500999204814,4.495073843473013e-07,4.120154440941629e-06,-5.8388198399205344e-09,-3.670647056594327e-06,-0.0032779366626781384,-0.00041673340562152093
0.0051000998355448,3.8725422244362985e-07,3.978213201327936e-06,-5.857341255036472e-09,-3.590958978884306e-06,-0.0032432189456652037,-0.0003241244575349659
0.0051500000990927,2.5102858944249145e-07,3.862647406882212e-06,-5.870784844621146e-09,-3.611618817439721e-06,-0.0032134592353251683,-0.00021469392252304294
0.0052001001313328,1.5704933643566414e-07,3.782791617769076e-06,-5.879638941214578e-09,-3.625742281333412e-06,-0.0031886165138042145,-0.00013876279985986612
0.0052501000463962,2.665924734448183e-07,3.722798016102604e-06,-5.8864119002131615e-09,-3.4562055426577855e-06,-0.003168983154637855,-0.00013215602030193377
0.0052999998442828,4.888345216151963e-07,3.6634223293199175e-06,-5.899713542711335e-09,-3.1745878077047212e-06,-0.0016728170775255468,-0.00040097810294249315
0.005350099876523,4.5643858547852616e-07,3.619622120853265e-06,-5.918942614651458e-09,-3.1631835353747385e-06,-0.0016409668664907817,-0.00036664902543663764
0.0054000997915863,4.4543400940816985e-07,3.610618673404357e-06,-5.937048763509155e-09,-3.165184663996187e-06,-0.001613774937988779,-0.00035759815917454744
0.0054500000551342,4.764049942642816e-07,3.6375841596215413e-06,-5.955503136037991e-09,-3.16117916535726e-06,-0.001591428461462892,-0.00038205214391940604
0.0055001000873744,5.489959649392446e-07,3.7005483370487458e-06,-5.976093298630694e-09,-3.151552372109501e-06,-0.0015741062493484668,-0.0004399099056850753
0.0055501000024378,6.627572594750329e-07,3.7986609498617114e-06,-6.0003566645892826e-09,-3.1359036903866785e-06,-0.0015623096937668534,-0.0005306263813395133
0.0055999998003244,8.167827950917961e-07,3.930958467500547e-06,-6.029896489313784e-09,-3.1141756724087506e-06,-0.0015564672637042034,-0.0006533393249598064
0.0056500998325645,8.741651933623421e-07,4.074206738724215e-06,-6.064703111822022e-09,-3.200041545361873e-06,-0.0015570957067897817,-0.0007361457093583519
0.0057001002132892,9.194998926995904e-07,4.187259959194256e-06,-6.101573058533896e-09,-3.2677600664946656e-06,-0.0011557083905838034,-0.0007386409293625953
0.0057500000111758,2.3515494160811345e-07,4.215036476197912e-06,-6.127920113931019e-09,-3.979881534589798e-06,-0.0011414429639920991,-0.00031735755211414465
0.005800100043416,3.106188645136793e-07,4.129506381911204e-06,-6.142860474321577e-09,-3.818887517397525e-06,-0.0030987744667180274,-0.0002790636365560515
0.0058499998413026,2.3532395230808365e-07,4.003755574589642e-06,-6.154564939308415e-09,-3.7684316222815583e-06,-0.003067620070459186,-0.00019005509668759492
0.0059000002220273,1.232986740669862e-07,3.907040322875101e-06,-6.161834360208414e-09,-3.7837416488081145e-06,-0.0030432192493919,-0.00010071952521076177
0.0059500997886061,5.5257454122502566e-08,3.8478957748180595e-06,-6.1655222114043824e-09,-3.7926383206955568e-06,-0.0030258103471382915,-4.65013570365183e-05
0.006000000052154,3.189145003590025e-08,3.827353299681424e-06,-6.167383925200409e-09,-3.7954618496455233e-06,-0.0030156123413898396,-2.8116036286045996e-05
0.0060501000843942,5.373997803184946e-08,3.845595884712227e-06,-6.169237133546146e-09,-3.7918559066803775e-06,-0.003012635892613533,-4.5864289189693995e-05
0.0061000999994575,1.203647348438591e-07,3.902456065413306e-06,-6.172872926878326e-09,-3.782091330569447e-06,-0.003016969283967592,-9.956769114774193e-05
0.0061499997973442,6.91450171894711e-08,3.9517546877004036e-06,-6.177070171252709e-09,-3.882609670510932e-06,-0.0027654516648796465,-6.865921766312539e-05
0.0062000998295843,1.6393607483924837e-07,3.9479303462386936e-06,-6.183083655514021e-09,-3.7839942713994453e-06,-0.0025091605596730604,-0.00017139987980382618
0.006250100210309,1.5414418087384368e-07,3.936688918548082e-06,-6.191478594781784e-09,-3.782544737674238e-06,-0.0025111764965578516,-0.00016439513399760212
0.0063000000081956,1.8840356053436467e-07,3.9638410070248725e-06,-6.200392529519026e-09,-3.775437446490508e-06,-0.0025169352826079723,-0.00019287824644768898
0.0063501000404357,2.6741953408617284e-07,4.029744481146066e-06,-6.211669240757687e-09,-3.762324947059893e-06,-0.002526457076124004,-0.0002572895771823789
0.0064000999554991,3.9082677334311707e-07,4.133612310321686e-06,-6.227029689035292e-09,-3.7427855369785687e-06,-0.0025397593963298127,-0.0003571293976549919
0.006450000219047,4.956690380113989e-07,4.268225816460152e-06,-6.247555424293206e-09,-3.772556778448753e-06,-0.0025569675500242547,-0.0004655410172301152
0.0065000997856259,2.3242971661473453e-07,4.375442012023121e-06,-6.262847403255876e-09,-4.143012295408386e-06,-0.0023410005705573164,-0.00014492250598569488
0.0065501001663506,1.8805790734454207e-07,4.408713013435007e-06,-6.2712836891269315e-09,-4.2206551060904645e-06,-0.0023302742231034856,-0.0001925263593541761
0.0065999999642372,2.1160638008265384e-07,4.426823323755115e-06,-6.281387703230572e-09,-4.215216943672461e-06,-0.002316149781756771,-0.000212445786088252
0.0066500999964773,2.7821905869329576e-07,4.482181888647688e-06,-6.293395603238562e-09,-4.203962829954392e-06,-0.002298551407104804,-0.00026691119118648287
0.0067000999115407,3.87608576828962e-07,4.574153843793991e-06,-6.308956458804235e-09,-4.186545266965028e-06,-0.0022778016544364307,-0.0003555240887911568
0.0067500001750886,5.390358965529147e-07,4.701905528764017e-06,-6.329741573919773e-09,-4.162869632211103e-06,-0.002254355919990921,-0.0004775422574651593
0.0068001002073287,7.306871707830303e-07,4.865141057391231e-06,-6.357538872458508e-09,-4.134453886608201e-06,-0.0022287219388289533,-0.0006321296248010628
0.0068501001223921,1.2159301242168033e-07,4.9687948312151525e-06,-6.378658247320149e-09,-4.847201818793472e-06,-0.0022019240189011147,-0.00021264680471334152
0.0069001000374555,6.85413096495352e-07,4.896567905927235e-06,-6.401066612883055e-09,-4.211154809431883e-06,-0.0028804740551048144,-0.0006836893404378254
0.0069500999525189,8.042278905612385e-07,4.716635255468625e-06,-6.434483380945115e-09,-3.912407364907387e-06,-0.0028482402340854573,-0.0006529836526937385
0.0070000998675823,6.059620094262371e-07,4.545404415232276e-06,-6.463183855251585e-09,-3.9394424058060394e-06,-0.002822187861858465,-0.000495037269744925
0.0070500997826457,4.4810218191385947e-07,4.408845674558654e-06,-6.484795066071663e-09,-3.960743492644794e-06,-0.002802780116685042,-0.0003694126315269233
0.0071001001633703,3.326045342879477e-07,4.3085330680824235e-06,-6.500971179904167e-09,-3.975928533794476e-06,-0.002790321151387629,-0.0002776269948951738
0.0071499999612569,2.6056943782693453e-07,4.2458131944849665e-06,-6.513404743793259e-09,-3.985243756658032e-06,-0.002784980556767644,-0.00022071425760237712
0.0072000999934971,2.406784194670056e-07,4.1943813248437605e-06,-6.523560612532612e-09,-3.953702905376755e-06,-0.002786784283642229,-0.00018470938327120427
0.0072500999085605,3.93820456992789e-07,4.101108079513897e-06,-6.53899377530049e-09,-3.707287622521108e-06,-0.0010688056728948275,-0.00043261817611801553
0.0073000001721084,4.601501374914385e-07,3.966072278005157e-06,-6.560028475670073e-09,-3.5059221405137187e-06,-0.001051538120449635,-0.0004104515343011088
0.0073501002043485,3.1987666889776706e-07,3.843178581533462e-06,-6.577808080525899e-09,-3.5233019126356952e-06,-0.0010391134764128447,-0.00029931267385823585
0.0074001001194119,2.2721427799451127e-07,3.76156221273051e-06,-6.5909520758573075e-09,-3.5343479347359986e-06,-0.0010313910363769806,-0.00022644803252464704
0.0074499999172985,1.8335045921459342e-07,3.7220029044983722e-06,-6.601407958448017e-09,-3.5386524452837788e-06,-0.0010281757245742997,-0.0001926271154136814
0.0075000999495387,1.889625108353051e-07,3.7248716022052257e-06,-6.611201217378945e-09,-3.535909091369921e-06,-0.0010293678497860803,-0.00019832109332099535
0.007550099864602,2.4421565048218647e-07,3.7704167068982193e-06,-6.6222523810681576e-09,-3.5262010564160328e-06,-0.001034958878712588,-0.00024372620516829809
0.0076000001281499,3.490891683607773e-07,3.8583736292328774e-06,-6.636533123649501e-09,-3.5092844608721e-06,-0.0010449889408751377,-0.00032864522399798067
0.0076501001603901,2.9110660000488274e-07,3.9657009052760305e-06,-6.653479225443058e-09,-3.674594305271148e-06,-0.001059673146732946,-0.0003478454302319614
0.0077001000754535,9.062262995386702e-08,4.036246021115129e-06,-6.663445782526667e-09,-3.945623391161262e-06,-0.0010033564972166402,-5.0817530333929087e-05
0.0077499998733401,6.471025719831877e-08,4.061354038009389e-06,-6.66624848174006e-09,-3.99664378081107e-06,-0.0010037933485050874,-6.151555845980505e-05
0.0078000999055802,1.0657908445103802e-07,4.096620033582506e-06,-6.670182682521768e-09,-3.990040949131468e-06,-0.0010026067206233603,-9.553826389519348e-05
0.0078501002863049,1.9763761247995376e-07,4.173956720252366e-06,-6.676791664533394e-09,-3.976319107772412e-06,-0.0009999518337505135,-0.00016881900362302447
0.0079001002013683,3.3705338189421596e-07,4.29303822553554e-06,-6.688033398854643e-09,-3.955984843641324e-06,-0.000996173264597551,-0.0002808511330959403
0.0079500004649162,5.24292883904678e-07,4.452774673639492e-06,-6.705791739890731e-09,-3.928481789734814e-06,-0.0009918173203744042,-0.00043090226351855283
0.0080000003799796,7.57671242984746e-07,4.6526788430453035e-06,-6.7320160861598e-09,-3.895007600060557e-06,-0.0009875932214265567,-0.0006180733691726793
0.0080500002950429,1.0358713776070917e-06,4.890902959215518e-06,-6.768492759321515e-09,-3.855031581608426e-06,-0.0009844226479716759,-0.0008409960358667527
0.0081000002101063,3.2852533020755626e-07,5.0690330873006335e-06,-6.799465460164633e-09,-4.740507757093077e-06,-0.0009833949677180362,-0.0003979141024342588
0.0081500997766852,7.025247453856333e-07,5.077077621006246e-06,-6.8255624853608385e-09,-4.374552875620613e-06,-0.003023863996432886,-0.000643892323380069
0.0082000996917486,7.454131940240346e-07,4.999277212745545e-06,-6.8572943978546154e-09,-4.253864018721511e-06,-0.0030016986165677163,-0.000625386332535275
0.0082499999552965,6.820544010372391e-07,4.94630726030092e-06,-6.887214775038262e-09,-4.2642528592636815e-06,-0.0029847844737667314,-0.0005738208482013616
0.0082999998703598,6.633409524516862e-07,4.9288859295600485e-06,-6.915509486085661e-09,-4.265544977108362e-06,-0.002973556656640048,-0.0005579695163053733
0.0083330003544688,6.666097442305072e-07,4.9345609334178835e-06,-6.934010586300977e-09,-4.267951189187377e-06,-0.0029694545453944356,-0.0005632928357381473
