time_s,s_COM_mm,Vt_direct_mm_s,Vt_from_s_mm_s,projection_residual_mm
0.0,13.814214392213609,0.0,1.1817276040830467e-05,0.5126674210434573
5.0099999498343095e-05,13.814214392805654,4.702812276129181e-05,9.249462164007127e-05,0.5126674221017838
0.0001000999982352,13.814214401456198,0.0003654829046013339,0.00045161083107814193,0.5126674375651131
0.0001500999933341,13.814214437966735,0.0011997287785882934,0.0013216859370004386,0.5126675028291533
0.000200099995709,13.8142145336248,0.002764703587956199,0.0029170716006774455,0.5126676738201553
0.0002500000118743,13.814214729181687,0.005238746212223879,0.0054167211637832224,0.5126680233792287
0.0003000999859068,13.814215075897035,0.00879155831398025,0.0089889821538236,0.5126686431288515
0.0003499999875202,13.814215627254045,0.01351105598736792,0.013721526775043458,0.5126696286634774
0.0004000999906565,13.814216449120845,0.019513447144508134,0.0197304024186451,0.5126710977112375
0.0004500999930314,13.814217601602921,0.026802771791482098,0.027017303975299,0.5126731576972451
0.0005000000237487,13.81421914735789,0.03536188003769894,0.03556716308230534,0.512675920604674
0.0005500999977812,13.814221160158606,0.04518769789938815,0.045375087327556685,0.5126795182792968
0.0006000999710522,13.814223688362894,0.0561152506584789,0.05627512652426958,0.5126840371392631
0.0006501000025309,13.814226787672194,0.06800034820195922,0.06812410839484073,0.512689576720805
0.0006999999750405,13.814230492734506,0.08060182245085698,0.0806813832023181,0.5126961989317395
0.0007500000065192,13.814234849031067,0.09370490186890075,0.09373277393751778,0.5127039850417094
0.0008000999805517,13.814239876707632,0.10700018316414538,0.10696966177783906,0.5127129710299174
0.0008501000120304,13.814245555373525,0.1200851045367202,0.11999201981234364,0.5127231204370705
0.0009000999853014,13.814251875909436,0.1326112648620171,0.1324542232323438,0.5127344169474702
0.0009500000160187,13.814258786344165,0.1441715473618026,0.14395196171244606,0.5127467676468753
0.0010000000474974,13.814266257813745,0.15443759544986496,-21.520473706594203,0.5127601209524207
0.0010500999633222,13.812100254768046,-47.309017806332335,-45.26882245141314,0.48536264292470893
0.0011000999948009,13.809735257227057,-47.29085825132627,-47.29080357940984,0.45566908056595956
0.0011500000255182,13.807375898727477,-47.27261804023324,-47.272603480902035,0.42635693652568957
0.0012001000577583,13.80500799755048,-47.25429544652329,-47.25434082510765,0.397322090014694
0.0012499999720603,13.802650463526104,-47.23610797119147,-101.24376256548567,0.36888825312691925
0.0013001000043004,13.794861971228489,-240.100482805561,-197.81787926983088,0.3570238488332655
0.0013501000357791,13.782857344626196,-240.08434952335847,-240.08423337491695,0.35785102303664335
0.0013999999500811,13.770877567701751,-240.0670313174424,-240.0669394331344,0.3586836803251714
0.0014500999823212,13.75885066719097,-240.04855046490326,-240.04828689817805,0.3595269080261035
0.0015000000130385,13.746872720125419,-240.02921439536772,-240.02885309737758,0.36037401285503845
0.0015501000452786,13.7348477707851,-240.00873613954897,-240.00873210444115,0.3612318204220173
0.001600099960342,13.72284785667657,-239.98758660126344,-239.98772768082563,0.3620952447373767
0.0016499999910593,13.710873007614042,-239.96596668909285,-239.96576156301307,0.3629642455149774
0.0017001000232994,13.69885126983185,-239.94387778531544,-239.94355927713332,0.36384405473076775
0.0017501000547781,13.68685463981724,-239.92162872982553,-239.92177241735044,0.3647294025319815
0.0018000999698415,13.674859105413342,-239.89930693761696,-239.89957504763152,0.36562199070811513
0.0018501000013202,13.662864695139687,-239.8770653846672,-239.8768966704083,0.3665217745054497
0.0019000000320374,13.65089538628727,-239.85512345409816,-239.85519830766134,0.36742685509529477
0.0019500999478623,13.638879192362266,-239.83333417810468,-245.54193925013533,0.36834262847961535
0.0020000000949949,13.626343448668063,-263.3174391447491,-257.2520603502053,0.3705720074975895
0.0020500998944044,13.613151585258484,-263.3039039425612,-263.3040950197319,0.37565459200452445
0.0021001000422984,13.599986721117373,-263.2908544852288,-263.1519963245664,0.3826022065737783
0.0021500000730156,13.586862624917329,-262.50273824770926,-262.75085673856665,0.38829977503651775
0.0022001001052558,13.573711721876636,-262.483043892559,-262.4834014947701,0.38968326780724427
0.0022501000203192,13.560588048358454,-262.46373588817687,-262.4638311137387,0.3911012281515552
0.0023000000510364,13.547491597366324,-262.44495376215775,-262.4450321572367,0.39255301720466573
0.0023499999660998,13.534369805622081,-262.42658499255174,-262.4269054571341,0.39404402869532396
0.00240009999834,13.521222679838145,-262.40885777563904,-262.40886997731286,0.39557404351654957
0.0024500000290572,13.508128898654054,-262.3920824352046,-262.39244083542144,0.3971333334986974
0.0024999999441206,13.495009690789633,-262.3762589961441,-262.3766658063687,0.3987306727240702
0.0025500999763607,13.481865009824057,-262.3615228039766,-262.36187653130037,0.40036577408802165
0.0026000998914241,13.468747279406934,-262.34803514905593,-267.9122018223279,0.4020316031223729
0.0026499999221414,13.455101704423303,-283.11329562799034,-437.9279676360602,0.39184098330682776
0.0027000999543815,13.424888534842447,-264.8512974825304,-433.7804246429587,0.37104330015616477
0.0027501001022756,13.411646423349577,-264.8337571216231,-264.8337271113123,0.3498747291276376
0.0027999999001622,13.398431658315403,-264.81637465846376,-264.8168600338686,0.3287597831470489
0.0028500999324023,13.385164786008438,-264.79909119213954,-264.79883917298866,0.3075734755943226
0.0029001000802963,13.3719252450545,-264.782099454117,-264.7817027964047,0.2864451697028785
0.0029500001110136,13.35871304493918,-264.7654130368984,-308.73045177193126,0.2653780383066553
0.003000000026077,13.341074299627511,-381.5360046790589,-367.13793215653277,0.2639457654143903
0.0030501000583171,13.321959678546751,-381.52289660041055,-381.5229088391934,0.26899984793488385
0.0031000999733805,13.302883875315713,-381.5093424659015,-381.5096390481922,0.2741067466319555
0.0031500000040978,13.283846884879337,-381.4954273382126,-381.49538722622674,0.27926268713462515
0.0032001000363379,13.264734315457835,-381.4812160740961,-381.48121354565956,0.28449566901139706
0.0032500999514013,13.245660634115389,-381.4668541655975,-381.4669818262628,0.2897715145629149
0.0032999999821186,13.2266257832008,-381.45236544812616,-381.4520990906167,0.29508705533605595
0.0033501000143587,13.207515403238917,-381.43792749528546,-381.4380109072663,0.3004717700845672
0.0034000999294221,13.188443857118525,-381.42370336835177,-381.42379295348655,0.3058909971085297
0.0034501000773161,13.169372999933742,-381.40981457158966,-381.4098421954841,0.31135311675644944
0.0035000999923795,13.150302848883529,-381.3963098784677,-381.3966620232968,0.3168558554078577
0.0035500999074429,13.131233398520482,-381.38321522542435,-381.3827741756395,0.32239715803743935
0.0036001000553369,13.112164547458304,-381.37078687269855,-381.3701911336975,0.32797499406749675
0.0036500000860542,13.093134447168598,-381.3590678632492,-380.76598726135853,0.3335762250571855
0.0037000998854637,13.074088253021182,-379.8003771196282,-379.97667569578334,0.3182655288630048
0.0037501000333577,13.055098764443095,-379.78071772406423,-379.77963687056035,0.2983245739601421
0.0038000000640749,13.036148197662346,-379.7608873378693,-379.76104930801375,0.27868473147968964
0.0038501000963151,13.017122639448957,-379.7408371811194,-379.741335596249,0.25928807511890695
0.0039001000113785,12.99813610796362,-379.72073977935264,-379.7212441987358,0.24032904635635105
0.0039500999264419,12.979150579533547,-379.70061124630615,-379.6998400891025,0.22187022069274964
0.0040000001899898,12.960204023855516,-379.68050703623703,-391.2007190289587,0.20408177479813752
0.0040500001050531,12.940067261116434,-461.72577320722553,-432.19643431507575,0.19237554315921496
0.0041001001372933,12.916935278646632,-461.70839503044766,-461.7090790514194,0.19482109918416077
0.0041499999351799,12.893896428909244,-461.69028381923306,-461.6913457942719,0.19764718413178317
0.0042000999674201,12.870766226878004,-461.6713084071535,-461.67137082603585,0.20085991945088755
0.0042500998824834,12.847683147215449,-461.6516738880659,-461.6500973779912,0.20442349972743137
0.0043000001460313,12.82464729724904,-461.63127955723576,-461.62950005916355,0.20831752281140994
0.0043501001782715,12.801520064004503,-461.6102202225484,-461.6111192085373,0.21254771251519253
0.0044001000933349,12.778440046540013,-461.5886566377793,-461.58992471722013,0.2170709553007952
0.0044499998912215,12.755407360782517,-461.5666875710043,-461.56730852463807,0.2218670429219189
0.0045000999234616,12.732283398682023,-461.54411947928605,-473.81190615845844,0.2269475924696739
0.0045500001870095,12.708030917015654,-490.4842299385007,-488.2453393346368,0.2388153054060532
0.0046000001020729,12.683507157939026,-490.4653417246777,-490.46601087687304,0.2522706989828896
0.0046501001343131,12.65893529717779,-490.4455764758634,-490.44634718084126,0.26607674574980994
0.0046999999321997,12.634462602681898,-490.42508198000854,-490.42573746773996,0.2801023782765475
0.004749999847263,12.609941908987993,-490.40390685821006,-490.4037724607042,0.2943917874442295
0.0048000998795032,12.585373213092797,-490.38212677065354,-490.38093872653553,0.3089136247635182
0.0048500001430511,12.560903665330516,-490.3600626515055,-486.29002386656066,0.3235531395646216
0.0049000000581145,12.536793566637376,-479.63406565595864,-480.91055987954314,0.33522564011803263
0.0049501000903546,12.51276480263739,-479.60131024556495,-479.60171184958017,0.3470914054394337
0.0049999998882412,12.48883347131763,-479.56834595391825,-480.584326705648,0.3600499688310864
0.0050500999204814,12.464706051702889,-482.4741511101597,-482.0230162428634,0.3735224055924607
0.0051000998355448,12.440583080428476,-482.44348274727406,-482.4426670261746,0.38710018558073883
0.0051500000990927,12.416509939597399,-482.4126538654235,-482.4111446985189,0.4008983271289442
0.0052001001313328,12.39234182886364,-482.381781319129,-482.3818326322653,0.4149756230958451
0.0052501000463962,12.368223540514865,-482.3511086353972,-476.8659181375406,0.42922648138609115
0.0052999998442828,12.344701960206024,-470.6916580663016,-471.02789927432605,0.4381898929627198
0.005350099876523,12.321120970391581,-470.66434644974265,-470.6649332439265,0.4468611574524592
0.0054000997915863,12.297588422549593,-470.63773071959406,-470.63747498237353,0.4555206318876309
0.0054500000551342,12.274104199736236,-470.6119458996649,-470.61109887540806,0.4641679817715324
0.0055001000873744,12.250527178314256,-470.58691110442237,-470.5865391096304,0.47285491706683097
0.0055501000024378,12.22699850949155,-470.5626503401021,-470.563960872576,0.4815291359772425
0.0055999998003244,12.203517971655131,-470.5395004966401,-470.5403884494881,0.49019031424292775
0.0056500998325645,12.179944555947035,-470.5173166112042,-469.55127223911404,0.4988902732496211
0.0057001002132892,12.156515501132342,-467.18830431555006,-467.87938869300706,0.5065841714216064
0.0057500000111758,12.13320318114759,-467.17173582297806,-462.9797079689306,0.5136918524085229
0.005800100043416,12.110219295508456,-457.7365241202594,-458.242329051398,0.5012244385161476
0.0058499998413026,12.087378819229901,-457.7128706019463,-457.71202279638965,0.486603032138335
0.0059000002220273,12.064493785660158,-457.68889879181216,-457.6900800636504,0.47208418644043393
0.0059500997886061,12.041564067745261,-457.6646379454372,-457.6655484557996,0.45768110115396576
0.006000000052154,12.018727301633286,-457.6401843675958,-457.6378761809756,0.443493480753408
0.0060501000843942,11.9958001488989,-457.61552589077365,-457.61656411264266,0.42942307592206325
0.0061000999994575,11.972919905491931,-457.5909268505328,-457.58768683740345,0.4155720688539084
0.0061499997973442,11.950087266742045,-455.7378193805032,-455.02389729629795,0.40195315020873257
0.0062000998295843,11.92741861464424,-452.4300093771884,-452.4417276472086,0.3851110307504543
0.006250100210309,11.90479765776802,-452.40873740448046,-452.4071711028955,0.3682993210301594
0.0063000000081956,11.882223055733519,-452.3875637461632,-452.38807301768975,0.35153563082916245
0.0063501000404357,11.859558931565871,-452.36645895178043,-452.36677962803515,0.3347210928269135
0.0064000999554991,11.836941162799102,-452.345580772304,-452.34436869328783,0.3179587604558295
0.006450000219047,11.814369645995127,-452.3249688890465,-452.2488708463352,0.30125129081966917
0.0065000997856259,11.791716385987854,-450.8691526768141,-451.5127858124324,0.2849799186428828
0.0065501001663506,11.769173110717222,-450.8540111021124,-450.8530961864162,0.27334391716538287
0.0065999999642372,11.746676079347498,-450.83873771847254,-450.8387714134151,0.2629711327836512
0.0066500999964773,11.724089312314856,-450.8232581567801,-450.82468370765855,0.25395560529149636
0.0067000999115407,11.701548550525052,-450.80787802891587,-450.8073752204509,0.2465083996034728
0.0067500001750886,11.679053573293489,-450.79262880695194,-450.79111556230055,0.24076325457002218
0.0068001002073287,11.656469308692984,-450.77754983140795,-450.7769053920347,0.23681413046740948
0.0068501001223921,11.633930827512073,-450.762752106999,-445.2027570853097,0.23478131144678507
0.0069001000374555,11.611949108612468,-436.71831860874016,-438.17244616801327,0.22593388579910867
0.0069500999525189,11.590113657329027,-436.6935872725862,-436.69473180557543,0.21542715433702836
0.0070000998675823,11.568279709614641,-436.6690994462206,-436.66920343737,0.2054225529489828
0.0070500997826457,11.546446811163685,-436.6448983249737,-436.64388826931827,0.19599651423407308
0.0071001001633703,11.524615191647491,-436.62097939644843,-436.62125354184536,0.1872361297110791
0.0071499999612569,11.502828268379469,-436.5974858985092,-436.5994434588065,0.17925376589702546
0.0072000999934971,11.480955327091472,-436.5743258711285,-434.2249145953683,0.17210990263824533
0.0072500999085605,11.459361905137856,-427.18012689027864,-429.5158304274373,0.1688548829593634
0.0073000001721084,11.438046150354536,-427.16207195052345,-427.16110895061865,0.16874976197655775
0.0073501002043485,11.416645670323506,-427.14382882301175,-427.14422971216845,0.16864837383187817
0.0074001001194119,11.395289033311894,-427.1255650148623,-427.12495099095395,0.16855143914699197
0.0074499999172985,11.37397600862247,-427.1073593041228,-427.1085466229997,0.1684589029486774
0.0075000999495387,11.352578254376585,-427.08919740379565,-427.08977038679586,0.16837017519535505
0.007550099864602,11.331224342944935,-427.0711359188884,-427.07052873581415,0.16828587542659953
0.0076000001281499,11.309913830598765,-427.0533535312504,-427.05174088334024,0.1682058763561351
0.0076501001603901,11.288519046694978,-427.035770061844,-424.90093467880797,0.1681297557891814
0.0077001000754535,11.267380841277703,-416.87211104724906,-419.81410487195535,0.17036106674173915
0.0077499998733401,11.246579147881597,-416.8595166350978,-416.86100665901904,0.17635841610665176
0.0078000999055802,11.225694814749874,-416.8466690196109,-416.8441843378241,0.18315933425383393
0.0078501002863049,11.204852871194191,-416.8337390566946,-416.83297075780865,0.19064226704322967
0.0079001002013683,11.18401139437732,-416.8208171193338,-416.8195121110184,0.1987415524231468
0.0079500004649162,11.163212525348776,-416.80799105927855,-416.80768856423674,0.2073672869769595
0.0080000003799796,11.142372232065162,-416.79527688039906,-416.79715941194445,0.216488808552733
0.0080500002950429,11.12153288021029,-416.78272656543885,-416.7829540922394,0.22603149325641417
0.0081000002101063,11.100694007456234,-416.77046646625627,-414.2158204952284,0.23594413399904376
0.0081500997766852,11.080070602482225,-410.8722803277494,-411.2541573832423,0.22700798978974537
0.0082000996917486,11.059527600989083,-410.8484222219546,-410.8461152521195,0.21604329196514793
0.0082499999552965,11.039026999277354,-410.82360546881335,-410.8209131443582,0.20580408721281718
0.0082999998703598,11.018486520507192,-410.79777649814935,-410.79740351537475,0.19635949222657156
0.0083330003544688,11.004930287632215,-410.7802406904526,-410.7889093445313,0.19063211471765934
