time_s,increment,gap_um,contact_node,wall_element,triangle_index
0.0009985999999999999,9986,4.252371896785664,130,441,880
0.0009987,9987,4.1641604203659295,130,441,880
0.0009988,9988,4.075932284562259,130,441,880
0.0009989,9989,3.9876975293031847,130,441,880
0.0009989999999999999,9990,3.8994346054515066,130,441,880
0.0009991,9991,3.8111765205279444,130,441,880
0.0009992,9992,3.722901713228491,130,441,880
0.0009993,9993,3.6346203768163567,130,441,880
0.0009994,9994,3.5463222605838247,130,441,880
0.0009995,9995,3.458006175319309,130,441,880
0.0009996,9996,3.3696848324918043,130,441,880
0.0009996999999999999,9997,3.281356899796759,130,441,880
0.0009998,9998,3.1930110164216523,130,441,880
0.0009999,9999,3.10464969033528,130,441,880
0.001,10000,3.016291972367797,130,441,880
0.0010000999999999999,10001,2.927906133791475,130,441,880
0.0010002,10002,2.8395150470698587,130,441,880
0.0010003,10003,2.7511173915727287,130,441,880
0.0010004,10004,2.6626916274034635,130,441,880
0.0010004999999999999,10005,2.5742708097131737,130,441,880
0.0010006,10006,2.4858434320888017,130,441,880
0.0010007,10007,2.3973879555045916,130,441,880
0.0010008,10008,2.3089271766191612,130,441,880
0.0010008999999999999,10009,2.2204484918394405,130,441,880
0.001001,10010,2.131974767537239,130,441,880
0.0010011,10011,2.043472962239512,130,441,880
0.0010012,10012,1.9549658717715308,130,441,880
0.0010012999999999999,10013,1.866440885804687,130,441,880
0.0010014,10014,1.7779106184218547,130,441,880
0.0010015,10015,1.689372641390242,130,441,880
0.0010016,10016,1.600807859966862,130,441,880
0.0010017,10017,1.5122479830709366,130,441,880
0.0010018,10018,1.4236702290378762,130,441,880
0.0010019,10019,1.3350872861718852,130,441,880
0.0010019999999999999,10020,1.2464762298385224,130,441,880
0.0010021,10021,1.157858736179434,130,441,880
0.0010022,10022,1.0692462320834264,130,441,880
0.0010023,10023,0.9806056290549267,130,441,880
0.0010023999999999999,10024,0.8919585950516364,130,441,880
0.0010025,10025,0.8033063901366827,130,441,880
0.0010026,10026,0.7146260973103279,130,441,880
0.0010027,10027,0.6259393846952813,130,441,880
0.0010027999999999999,10028,0.5372462631133131,130,441,880
0.0010029,10029,0.4485479052642899,130,441,880
0.001003,10030,0.35983172045604206,130,441,880
0.0010031,10031,0.27109887999159227,130,441,880
0.0010031999999999999,10032,0.1823597195917559,130,441,880
0.0010033,10033,0.09360392042250756,130,441,880
0.0010034,10034,0.004841652067614171,130,441,880
0.0010035,10035,-0.08392576070635079,130,441,880
0.0010035999999999999,10036,-0.17271097530649032,130,441,880
0.0010037,10037,-0.25912823274317537,130,441,880
0.0010038,10038,-0.33846807832209863,130,441,880
0.0010039,10039,-0.4082176456490685,130,441,880
0.001004,10040,-0.4662524569469809,130,441,880
0.0010041,10041,-0.5109054231563731,130,441,880
0.0010042,10042,-0.5409935959092529,130,441,880
0.0010042999999999999,10043,-0.555829193741301,130,441,880
0.0010044,10044,-0.5553031432630956,130,441,880
0.0010045,10045,-0.5398168813853037,130,441,880
0.0010046,10046,-0.5102300240057476,130,441,880
0.0010046999999999999,10047,-0.4678987247665241,130,441,880
0.0010048,10048,-0.41457914804742807,130,441,880
0.0010049,10049,-0.35232995004290124,130,441,880
0.001005,10050,-0.28353597584767254,130,441,880
0.0010050999999999999,10051,-0.21070247749139676,130,441,880
0.0010052,10052,-0.13637838335940208,130,441,880
0.0010053,10053,-0.06303747917572071,130,441,880
0.0010054,10054,0.010281817954445391,130,441,880
0.0010054999999999999,10055,0.08360102297096955,130,441,880
0.0010056,10056,0.15688717726972573,130,441,880
0.0010057,10057,0.23017330409426268,130,441,880
0.0010058,10058,0.303436517329344,130,441,880
0.0010059,10059,0.37668943497054913,130,441,880
0.001006,10060,0.44992080623462216,130,441,880
0.0010061,10061,0.5231293170551482,130,441,880
0.0010061999999999998,10062,0.5963275802433886,130,441,880
0.0010063,10063,0.669514322481035,130,441,880
0.0010064,10064,0.7426895891017498,130,441,880
0.0010065,10065,0.8158432637578266,130,441,880
0.0010065999999999999,10066,0.8889752191290757,130,441,880
0.0010067,10067,0.9620957716006909,130,441,880
0.0010068,10068,1.0352047275656697,130,441,880
0.0010069,10069,1.108292130082069,130,441,880
0.0010069999999999999,10070,1.181369309960173,130,441,880
0.0010071,10071,1.2544236334339134,130,441,880
0.0010072,10072,1.3274663465912553,130,441,880
0.0010073,10073,1.4004988785183368,130,441,880
0.0010073999999999999,10074,1.4735097370798789,130,441,880
0.0010075,10075,1.5465079552814989,130,441,880
0.0010076,10076,1.619485688133727,130,441,880
0.0010077,10077,1.6924520562975276,130,441,880
0.0010077999999999999,10078,1.7653952957131125,130,441,880
0.0010079,10079,1.8383284510128044,130,441,880
0.001008,10080,1.9112501414392409,130,441,880
0.0010081,10081,1.9841500757912873,130,441,880
0.0010082,10082,2.057038646549523,130,441,880
0.0010083,10083,2.129905446730562,130,441,880
0.0010084,10084,2.20276078401813,130,441,880
0.0010084999999999998,10085,2.2756059462310128,130,441,880
0.0010086,10086,2.3484280706151286,130,441,880
0.0010087,10087,2.421228668322494,130,441,880
0.0010088,10088,2.4940291359087987,130,441,880
0.0010088999999999999,10089,2.566796514472093,130,441,880
0.001009,10090,2.639563838328101,130,441,880
0.0010091,10091,2.712298065232764,130,441,880
0.0010092,10092,2.7850321660213755,130,441,880
0.0010092999999999999,10093,2.8577446565942615,130,441,880
0.0010094,10094,2.930445773032051,130,441,880
0.0010095,10095,3.0031238480971623,130,441,880
0.0010096,10096,3.075781558268251,130,441,880
0.0010096999999999999,10097,3.1484377416086753,130,441,880
0.0010098,10098,3.221072535886733,130,441,880
0.0010099,10099,3.2936855657386728,130,441,880
0.00101,10100,3.366298298774944,130,441,880
0.0010100999999999999,10101,3.438888392810304,130,441,880
0.0010102,10102,3.511456626406714,130,441,880
0.0012598,12598,3.6798573901516187,74,400,798
0.0012599,12599,3.596401836473799,74,400,798
0.0012599999999999998,12600,3.5129443929946804,74,400,798
0.0012601,12601,3.429463912991692,74,400,798
0.0012602,12602,3.3459815450915427,74,400,798
0.0012603,12603,3.262476143484914,74,400,798
0.0012603999999999998,12604,3.178969117171991,74,400,798
0.0012605,12605,3.095436719320707,74,400,798
0.0012606,12606,3.0118812926955223,74,400,798
0.0012607,12607,2.9283203689811064,74,400,798
0.0012607999999999999,12608,2.8447611778835413,74,400,798
0.0012609,12609,2.7611789618049616,74,400,798
0.001261,12610,2.677594865713499,74,400,798
0.0012611,12611,2.593982970591329,74,400,798
0.0012611999999999999,12612,2.510371895709366,74,400,798
0.0012613,12613,2.426739880194495,74,400,798
0.0012614,12614,2.343082768942645,74,400,798
0.0012615,12615,2.2594261226616412,74,400,798
0.0012615999999999999,12616,2.1757652627709922,74,400,798
0.0012617,12617,2.092081389511915,74,400,798
0.0012618,12618,2.0083956441673,74,400,798
0.0012619,12619,1.9246862066750587,74,400,798
0.0012619999999999999,12620,1.8409544422185378,74,400,798
0.0012621,12621,1.757239869543397,74,400,798
0.0012622,12622,1.6734832302598912,74,400,798
0.0012622999999999998,12623,1.589722646927636,74,400,798
0.0012624,12624,1.5059622746880172,74,400,798
0.0012625,12625,1.4221768235020142,74,400,798
0.0012626,12626,1.3383831329045976,74,400,798
0.0012626999999999998,12627,1.2545728188170813,74,400,798
0.0012628,12628,1.170739507824314,74,400,798
0.0012629,12629,1.0869045973780986,74,400,798
0.001263,12630,1.0030654889905148,74,400,798
0.0012630999999999999,12631,0.9192047827127416,74,400,798
0.0012632,12632,0.8353415047328823,74,400,798
0.0012633,12633,0.7514538740863684,74,400,798
0.0012634,12634,0.6675453314300619,74,400,798
0.0012634999999999999,12635,0.5836553521393159,74,400,798
0.0012636,12636,0.4997151163164548,74,400,798
0.0012637,12637,0.41577916725692127,74,400,798
0.0012638,12638,0.3318379279773314,74,400,798
0.0012638999999999999,12639,0.24787578310274536,74,400,798
0.001264,12640,0.16388994612078228,74,400,798
0.0012641,12641,0.0799241019037554,74,400,798
0.0012642,12642,-0.004087922767594858,74,400,798
0.0012642999999999999,12643,-0.08810043169171675,74,400,798
0.0012644,12644,-0.17211407421905578,74,400,798
0.0012645,12645,-0.2561527638752188,74,400,798
0.0012645999999999998,12646,-0.34021513619671834,74,400,798
0.0012647,12647,-0.42425751295014025,74,400,798
0.0012648,12648,-0.5083426212109083,74,400,798
0.0012649,12649,-0.5907805441473055,74,400,798
0.0012649999999999998,12650,-0.6677846945726761,74,400,798
0.0012651,12651,-0.7372066769855266,74,400,798
0.0012652,12652,-0.7971969487413837,74,400,798
0.0012653,12653,-0.8462575317931421,74,400,798
0.0012653999999999999,12654,-0.8831836074386645,74,400,798
0.0012655,12655,-0.907163094949238,74,400,798
0.0012656,12656,-0.9178386833900688,74,400,798
0.0012657,12657,-0.9151861356321321,74,400,798
0.0012657999999999999,12658,-0.8996834121992399,74,400,798
0.0012659,12659,-0.8721099453191384,74,400,798
0.001266,12660,-0.8335691612782189,74,400,798
0.0012661,12661,-0.7853871591757708,74,400,798
0.0012661999999999999,12662,-0.7291389214596025,74,400,798
0.0012663,12663,-0.6665668924768103,74,400,798
0.0012664,12664,-0.5995453702017817,74,400,798
0.0012665,12665,-0.5300223107773825,74,400,798
0.0012665999999999999,12666,-0.46000051501990946,74,400,798
0.0012667,12667,-0.39000843785545247,74,400,798
0.0012668,12668,-0.3200214981476272,74,400,798
0.0012668999999999998,12669,-0.25002671382420294,74,400,798
0.001267,12670,-0.18005751292955116,74,400,798
0.0012671,12671,-0.1100905502136454,74,400,798
0.0012672,12672,-0.04012506368764109,74,400,798
0.0012672999999999999,12673,0.029813407089134793,74,400,798
0.0012674,12674,0.09976178299061422,74,400,798
0.0012675,12675,0.16970020060895286,74,400,798
0.0012676,12676,0.23961935768245182,74,400,798
0.0012676999999999999,12677,0.309536311350065,74,400,798
0.0012678,12678,0.3794319771283783,74,400,798
0.0012679,12679,0.44932538277861284,74,400,798
0.001268,12680,0.5192172909230631,74,400,798
0.0012680999999999999,12681,0.589091516491139,74,400,798
0.0012682,12682,0.6589555234575992,74,400,798
0.0012683,12683,0.7288280516205435,74,400,798
0.0012684,12684,0.7986718822974633,74,400,798
0.0012684999999999999,12685,0.8685110558586835,74,400,798
0.0012686,12686,0.938336585820923,74,400,798
0.0012687,12687,1.0081505218308608,74,400,798
0.0012688,12688,1.0779764026014371,74,400,798
0.0012688999999999999,12689,1.1477711002366549,74,400,798
0.001269,12690,1.2175612517318573,74,400,798
0.0012691,12691,1.2873578271426214,74,400,798
0.0012691999999999998,12692,1.3571300807315765,74,400,798
0.0012693,12693,1.42690075180845,74,400,798
0.0012694,12694,1.496646615169067,74,400,798
0.0012695,12695,1.56639341051908,74,400,798
0.0012695999999999999,12696,1.636137062047458,74,400,798
0.0012697,12697,1.7058802725286584,74,400,798
0.0012698,12698,1.775606823188919,74,400,798
0.0012699,12699,1.8452997037032555,74,400,798
0.0012699999999999999,12700,1.9149964643002622,74,400,798
0.0012701,12701,1.9846977594898814,74,400,798
0.0012702,12702,2.0543858691947463,74,400,798
0.0012703,12703,2.1240641493384347,74,400,798
0.0012703999999999999,12704,2.1937340144885176,74,400,798
0.0012705,12705,2.2633769764888125,74,400,798
0.0012706,12706,2.333027874997545,74,400,798
0.0012707,12707,2.4026676512781617,74,400,798
0.0012707999999999999,12708,2.472296858578773,74,400,798
0.0012709,12709,2.541918353120034,74,400,798
0.001271,12710,2.6115186148157066,74,400,798
0.0012710999999999998,12711,2.68113456578479,74,400,798
0.0012711999999999999,12712,2.7507108272413245,74,400,798
0.0012713,12713,2.8203059705366704,74,400,798
0.0012714,12714,2.8898790086727217,74,400,798
0.0012714999999999998,12715,2.9594334893868646,74,400,798
