time_s,UR1_rad,UR2_rad,UR3_rad,UR_norm_deg,rigid_node_count,kabsch_rms_mm,R_server_vs_R_nodes_error_deg
0.0,0.0,0.0,0.0,0.0,1588,0.0,0.0
0.00010009949619416147,4.452365374163492e-06,-5.032283297623508e-05,-3.090793325100094e-05,0.003393299388899825,1588,1.766740419348845e-11,0.0
0.00020009900617878884,6.70903391437605e-05,-0.0007720150169916451,-0.0004695126262959093,0.051913593662031264,1588,2.702842963918483e-10,0.0
0.000300098501611501,0.00031953671714290977,-0.003745098365470767,-0.0022549936547875404,0.2511416033402994,1588,1.3118556386099603e-09,0.0
0.00040009801159612834,0.0009476953418925405,-0.011321395635604858,-0.0067474618554115295,0.7570859883756352,1588,3.959112463899564e-09,1.7075472925031877e-06
0.0005000975215807557,0.0021637964528054,-0.02637740783393383,-0.015555084683001041,1.7589060743227551,1588,9.224745986159882e-09,0.0
0.0006000970024615526,0.004177742172032595,-0.05205753445625305,-0.030360234901309013,3.461150870499072,1588,1.816656216772542e-08,0.0
0.0007000964833423495,0.007166312076151371,-0.09150036424398422,-0.05274132266640663,6.065055234738758,1588,3.1857712148569494e-08,0.0
0.0008000960224308074,0.011239093728363514,-0.14753693342208862,-0.0839879959821701,9.74827493502036,1588,5.132344752720133e-08,1.7075472925031877e-06
0.0009000955033116043,0.016401514410972595,-0.2223510891199112,-0.12491175532341003,14.642627062142099,1588,7.717822858139395e-08,1.7075472925031877e-06
0.001000095042400062,0.03856362774968147,-0.2570328712463379,-0.11358440667390823,16.251659531787045,1588,8.777912068343217e-08,0.0
0.001100094523280859,0.06483706086874008,-0.2998369634151459,-0.09900421649217606,18.46914890650178,1588,1.0212153289470193e-07,0.0
0.001200094004161656,0.09174458682537079,-0.36290693283081055,-0.09233395010232925,22.090036104130675,1588,1.2314206247127406e-07,0.0
0.0013000934850424528,0.12008547782897949,-0.4369945228099823,-0.09133681654930115,26.48820193851715,1588,1.4795669792007894e-07,1.2074182697257333e-06
0.0014000929659232497,0.16156286001205444,-0.4318532943725586,-0.08760247379541397,26.890833909553734,1588,1.4940141585190884e-07,1.2074182697257333e-06
0.0015000924468040466,0.20403040945529938,-0.4405099153518677,-0.08613045513629913,28.24954152066396,1588,1.5614500764301664e-07,1.7075472925031877e-06
0.0016000920441001654,0.24929387867450714,-0.437591016292572,-0.06581487506628036,29.100668738040618,1588,1.5993578717549327e-07,0.0
0.0017000915249809623,0.29494643211364746,-0.45214855670928955,-0.0512978732585907,31.070122262871642,1588,1.6986522500212702e-07,0.0
0.0018000910058617592,0.34878185391426086,-0.4571424722671509,-0.03973734378814697,33.02380210363263,1588,1.7892888784722042e-07,1.7075472925031877e-06
0.001900090486742556,0.40112635493278503,-0.48283758759498596,-0.032453835010528564,36.0138381981096,1588,1.940091629471918e-07,1.7075472925031877e-06
0.002000089967623353,0.45199429988861084,-0.5029706358909607,-0.0010156608186662197,38.74479989205916,1588,2.0720126885794604e-07,2.4148365394514667e-06
0.0021000895649194717,0.49764692783355713,-0.5151174664497375,0.051410477608442307,41.14305787112879,1588,2.1803034172161942e-07,1.7075472925031877e-06
0.002200088929384947,0.5437728762626648,-0.5341893434524536,0.10126795619726181,44.05827113800452,1588,2.3152015717564442e-07,0.0
0.0023000885266810656,0.5871604084968567,-0.5540093183517456,0.15038493275642395,47.048847145275516,1588,2.4422163201683424e-07,1.7075472925031877e-06
0.0024000878911465406,0.6286861896514893,-0.566667377948761,0.2049325555562973,49.89523586049601,1588,2.5587293135912574e-07,1.7075472925031877e-06
0.0025000874884426594,0.6680203676223755,-0.5839194655418396,0.2587145268917084,52.95278175106148,1588,2.6811172156415166e-07,0.0
0.002600087085738778,0.7050013542175293,-0.5997217893600464,0.31494826078414917,56.0177393693489,1588,2.7983297924331137e-07,1.2074182697257333e-06
0.002700086450204253,0.7418553829193115,-0.6165125966072083,0.373903751373291,59.2738949948885,1588,2.9219204910472545e-07,2.4148365394514667e-06
0.002800086047500372,0.7811144590377808,-0.6304771900177002,0.4299894869327545,62.56878154160727,1588,3.039659968535387e-07,2.4148365394514667e-06
0.002900085411965847,0.8272637128829956,-0.6296952366828918,0.4811990261077881,65.6389073540465,1588,3.1380207773330356e-07,0.0
0.0030000850092619658,0.8770855069160461,-0.6295015215873718,0.5268123149871826,68.82848217933208,1588,3.2440438037591965e-07,2.699869328381916e-06
0.0031000846065580845,0.9260544180870056,-0.6368058323860168,0.5717263221740723,72.24653470489217,1588,3.356963575364716e-07,1.2074182697257333e-06
0.0032000839710235596,0.973019003868103,-0.6360899806022644,0.6102651953697205,75.22567223622055,1588,3.461112057734143e-07,0.0
0.0033000835683196783,1.0192551612854004,-0.6341527700424194,0.6455709934234619,78.09464617731214,1588,3.553396366915297e-07,2.4148365394514667e-06
0.0034000829327851534,1.0622248649597168,-0.6397379636764526,0.6810903549194336,81.05824899528216,1588,3.6502280110949597e-07,2.4148365394514667e-06
0.003500082530081272,1.1062647104263306,-0.6384450793266296,0.7116227149963379,83.77420100453925,1588,3.7351005780635944e-07,1.7075472925031877e-06
0.003600081894546747,1.1495964527130127,-0.6422339677810669,0.7428968548774719,86.62720575060897,1588,3.825699615164303e-07,1.7075472925031877e-06
0.003700081491842866,1.1971198320388794,-0.6428818106651306,0.7726941704750061,89.56210435225863,1588,3.917901307411822e-07,2.4148365394514667e-06
0.0038000810891389847,1.2469652891159058,-0.639863908290863,0.7883917689323425,92.13599310777033,1588,4.0030480865701643e-07,2.091309789151873e-06
0.0039000804536044598,1.2932325601577759,-0.644152820110321,0.8029987812042236,94.70613412033576,1588,4.088732025339291e-07,1.7075472925031877e-06
0.004000079818069935,1.3382951021194458,-0.6556388735771179,0.8174106478691101,97.38692059011234,1588,4.1805356870567446e-07,2.9575586669421963e-06
0.004100079648196697,1.384642481803894,-0.6731356978416443,0.8299793601036072,100.2137778128114,1588,4.273650116151345e-07,0.0
0.004200079012662172,1.431073546409607,-0.6949419379234314,0.8393637537956238,103.05991923668185,1588,4.374190996314247e-07,2.4148365394514667e-06
0.004300078377127647,1.4779658317565918,-0.715019166469574,0.8453425765037537,105.80716336668971,1588,4.4644132011412074e-07,2.699869328381916e-06
0.00440007820725441,1.5213638544082642,-0.7336878180503845,0.8515792489051819,108.37891622712942,1588,4.5488726366946916e-07,1.2074182697257333e-06
0.004500077571719885,1.5578891038894653,-0.7397375702857971,0.8591933846473694,110.39580057423122,1588,4.6110239257486026e-07,0.0
0.00460007693618536,1.587859034538269,-0.7493319511413574,0.8725476861000061,112.33676157642033,1588,4.6684754865001316e-07,1.7075472925031877e-06
0.004700076300650835,1.6105053424835205,-0.754956841468811,0.8908524513244629,113.97836300206168,1588,4.7106641273894694e-07,2.9575586669421963e-06
0.004800076130777597,1.6275380849838257,-0.7569207549095154,0.9138086438179016,115.40308031672171,1588,4.7301546979395914e-07,3.6222548091772e-06
0.0049000754952430725,1.6431822776794434,-0.7490200996398926,0.9330253005027771,116.46155161300457,1588,4.748012966080717e-07,2.9575586669421963e-06
0.005000074859708548,1.6552518606185913,-0.7397871613502502,0.9531159400939941,117.35951681053362,1588,4.7677834893819153e-07,3.6222548091772e-06
0.00510007468983531,1.6648961305618286,-0.7279283404350281,0.9732164740562439,118.10311500234891,1588,4.7614237771460905e-07,2.4148365394514667e-06
0.005200074054300785,1.6721479892730713,-0.7139613032341003,0.9941994547843933,118.73162333187734,1588,4.768945079358103e-07,2.091309789151873e-06
0.00530007341876626,1.6772558689117432,-0.6977275013923645,1.0161864757537842,119.26121487204736,1588,4.766497435620046e-07,4.182619578303747e-06
0.005400072783231735,1.6802337169647217,-0.6792360544204712,1.0393922328948975,119.70407764199251,1588,4.76857705740762e-07,4.00455336570039e-06
0.005500072613358498,1.680972695350647,-0.658484160900116,1.0639392137527466,120.06490539074535,1588,4.742134871428861e-07,3.818191820832846e-06
0.005600071977823973,1.6792104244232178,-0.635513186454773,1.089905858039856,120.34186315525365,1588,4.733801696691089e-07,1.7075472925031877e-06
0.005700071342289448,1.6745679378509521,-0.6103851795196533,1.1170294284820557,120.51881677951025,1588,4.7130457627304956e-07,3.6222548091772e-06
0.00580007117241621,1.677129864692688,-0.5845613479614258,1.1288217306137085,120.57617465885154,1588,4.7049098657594964e-07,3.1945284701301985e-06
0.005900070536881685,1.6852035522460938,-0.5663506388664246,1.1335813999176025,120.8067733729629,1588,4.7089810670832656e-07,2.4148365394514667e-06
0.00600006990134716,1.6862155199050903,-0.5583022832870483,1.1435312032699585,121.0377625075212,1588,4.711373577235621e-07,3.818191820832846e-06
0.006100069731473923,1.693720817565918,-0.5563942193984985,1.1440680027008057,121.36912825653329,1588,4.7223440052149173e-07,1.7075472925031877e-06
0.006200069095939398,1.6983108520507812,-0.5565845370292664,1.1433963775634766,121.56162639645488,1588,4.7235280757553563e-07,4.182619578303747e-06
0.006300068460404873,1.6975970268249512,-0.5591720342636108,1.1401002407073975,121.4662091851005,1588,4.7272551652857197e-07,1.7075472925031877e-06
0.006400067824870348,1.691630482673645,-0.5641787648200989,1.134376883506775,121.0924616665485,1588,4.7141407957424406e-07,3.1945284701301985e-06
0.00650006765499711,1.6859692335128784,-0.5706636905670166,1.1293481588363647,120.77831499914134,1588,4.7114369512313046e-07,3.4150945850063763e-06
0.0066000670194625854,1.680847406387329,-0.5784712433815002,1.1257195472717285,120.55447944258205,1588,4.7051727588953285e-07,1.7075472925031877e-06
0.006666666828095913,1.6776174306869507,-0.5843043327331543,1.1240801811218262,120.44886674229745,1588,4.7135356161886016e-07,2.699869328381916e-06
